drug_name,state,treatment_for,total_claims_count,row_rank,REGION_name,DIVISION_name,POPESTIMATE2014,NPOPCHG_2014,BIRTHS2014,DEATHS2014,black_female,black_male,white_female,white_male,asian_female,asian_male,pac_islander_female,pac_islander_male,nat_amer_female,nat_amer_male,mult_rac_female,mult_rac_male,black_female_percent,black_male_percent,white_female_percent,white_male_percent,asian_female_percent,asian_male_percent,pac_islander_female_percent,pac_islander_male_percent,nat_amer_female_percent,nat_amer_male_percent,mult_rac_female_percent,mult_rac_male_percent,female_total_percent,male_total_percent
AMLODIPINE BESYLATE,HI,HIGH BLOOD PRESSURE,136054,2,West,Pacific ,1414538,6295,18956,10740,11133,17466,168246,199152,286856,249736,71088,73997,2578,3000,164103,167507,0.007870414,0.012347494,0.118940601,0.140789431,0.2027913,0.176549517,0.050255278,0.05231178,0.001822503,0.002120834,0.11601173,0.118418169,0.497691826,0.502537224
ATORVASTATIN CALCIUM,HI,HIGH CHOLESTEROL,158062,1,West,Pacific ,1414538,6295,18956,10740,11133,17466,168246,199152,286856,249736,71088,73997,2578,3000,164103,167507,0.007870414,0.012347494,0.118940601,0.140789431,0.2027913,0.176549517,0.050255278,0.05231178,0.001822503,0.002120834,0.11601173,0.118418169,0.497691826,0.502537224
LISINOPRIL,HI,HIGH BLOOD PRESSURE,123853,4,West,Pacific ,1414538,6295,18956,10740,11133,17466,168246,199152,286856,249736,71088,73997,2578,3000,164103,167507,0.007870414,0.012347494,0.118940601,0.140789431,0.2027913,0.176549517,0.050255278,0.05231178,0.001822503,0.002120834,0.11601173,0.118418169,0.497691826,0.502537224
LOSARTAN POTASSIUM,HI,HIGH BLOOD PRESSURE,129384,3,West,Pacific ,1414538,6295,18956,10740,11133,17466,168246,199152,286856,249736,71088,73997,2578,3000,164103,167507,0.007870414,0.012347494,0.118940601,0.140789431,0.2027913,0.176549517,0.050255278,0.05231178,0.001822503,0.002120834,0.11601173,0.118418169,0.497691826,0.502537224
SIMVASTATIN,HI,HIGH CHOLESTEROL,121808,5,West,Pacific ,1414538,6295,18956,10740,11133,17466,168246,199152,286856,249736,71088,73997,2578,3000,164103,167507,0.007870414,0.012347494,0.118940601,0.140789431,0.2027913,0.176549517,0.050255278,0.05231178,0.001822503,0.002120834,0.11601173,0.118418169,0.497691826,0.502537224
AMLODIPINE BESYLATE,CA,HIGH BLOOD PRESSURE,3728200,3,West,Pacific ,38596972,336185,498914,244055,1276564,1247043,14117654,14178608,2915631,2630713,96790,95538,312331,323193,722720,708354,0.033074201,0.032309348,0.365771025,0.367350268,0.075540408,0.068158533,0.00250771,0.002475272,0.008092111,0.008373533,0.018724785,0.01835258,0.503710239,0.497019533
ATORVASTATIN CALCIUM,CA,HIGH CHOLESTEROL,3678833,4,West,Pacific ,38596972,336185,498914,244055,1276564,1247043,14117654,14178608,2915631,2630713,96790,95538,312331,323193,722720,708354,0.033074201,0.032309348,0.365771025,0.367350268,0.075540408,0.068158533,0.00250771,0.002475272,0.008092111,0.008373533,0.018724785,0.01835258,0.503710239,0.497019533
HYDROCODONE/ACETAMINOPHEN,CA,SEVERE PAIN RELIEF,3740106,2,West,Pacific ,38596972,336185,498914,244055,1276564,1247043,14117654,14178608,2915631,2630713,96790,95538,312331,323193,722720,708354,0.033074201,0.032309348,0.365771025,0.367350268,0.075540408,0.068158533,0.00250771,0.002475272,0.008092111,0.008373533,0.018724785,0.01835258,0.503710239,0.497019533
LEVOTHYROXINE SODIUM,CA,HYPOTHYROIDISM,3844722,1,West,Pacific ,38596972,336185,498914,244055,1276564,1247043,14117654,14178608,2915631,2630713,96790,95538,312331,323193,722720,708354,0.033074201,0.032309348,0.365771025,0.367350268,0.075540408,0.068158533,0.00250771,0.002475272,0.008092111,0.008373533,0.018724785,0.01835258,0.503710239,0.497019533
SIMVASTATIN,CA,HIGH CHOLESTEROL,3392175,5,West,Pacific ,38596972,336185,498914,244055,1276564,1247043,14117654,14178608,2915631,2630713,96790,95538,312331,323193,722720,708354,0.033074201,0.032309348,0.365771025,0.367350268,0.075540408,0.068158533,0.00250771,0.002475272,0.008092111,0.008373533,0.018724785,0.01835258,0.503710239,0.497019533
AMLODIPINE BESYLATE,NJ,HIGH BLOOD PRESSURE,939373,3,Northeast,Middle Atlantic,8864525,7553,103320,70501,692721,621676,3308733,3186052,417964,396968,4418,4308,24985,26882,92716,89357,0.078145304,0.070130774,0.373255533,0.359415987,0.047150186,0.044781644,0.000498391,0.000485982,0.002818538,0.003032537,0.010459218,0.010080292,0.512327169,0.487927216
ATORVASTATIN CALCIUM,NJ,HIGH CHOLESTEROL,951157,2,Northeast,Middle Atlantic,8864525,7553,103320,70501,692721,621676,3308733,3186052,417964,396968,4418,4308,24985,26882,92716,89357,0.078145304,0.070130774,0.373255533,0.359415987,0.047150186,0.044781644,0.000498391,0.000485982,0.002818538,0.003032537,0.010459218,0.010080292,0.512327169,0.487927216
LEVOTHYROXINE SODIUM,NJ,HYPOTHYROIDISM,959251,1,Northeast,Middle Atlantic,8864525,7553,103320,70501,692721,621676,3308733,3186052,417964,396968,4418,4308,24985,26882,92716,89357,0.078145304,0.070130774,0.373255533,0.359415987,0.047150186,0.044781644,0.000498391,0.000485982,0.002818538,0.003032537,0.010459218,0.010080292,0.512327169,0.487927216
METOPROLOL SUCCINATE,NJ,HIGH BLOOD PRESSURE,607636,5,Northeast,Middle Atlantic,8864525,7553,103320,70501,692721,621676,3308733,3186052,417964,396968,4418,4308,24985,26882,92716,89357,0.078145304,0.070130774,0.373255533,0.359415987,0.047150186,0.044781644,0.000498391,0.000485982,0.002818538,0.003032537,0.010459218,0.010080292,0.512327169,0.487927216
SIMVASTATIN,NJ,HIGH CHOLESTEROL,758420,4,Northeast,Middle Atlantic,8864525,7553,103320,70501,692721,621676,3308733,3186052,417964,396968,4418,4308,24985,26882,92716,89357,0.078145304,0.070130774,0.373255533,0.359415987,0.047150186,0.044781644,0.000498391,0.000485982,0.002818538,0.003032537,0.010459218,0.010080292,0.512327169,0.487927216
AMLODIPINE BESYLATE,NY,HIGH BLOOD PRESSURE,2609790,1,Northeast,Middle Atlantic,19651049,26602,237017,148838,1847182,1606867,7075511,6809126,853509,784037,13071,12839,93744,94939,240785,224720,0.093999155,0.081770037,0.360057674,0.346501909,0.043433254,0.039897972,0.000665155,0.000653349,0.004770432,0.004831243,0.012253035,0.011435522,0.515178706,0.485090033
ATORVASTATIN CALCIUM,NY,HIGH CHOLESTEROL,2352946,4,Northeast,Middle Atlantic,19651049,26602,237017,148838,1847182,1606867,7075511,6809126,853509,784037,13071,12839,93744,94939,240785,224720,0.093999155,0.081770037,0.360057674,0.346501909,0.043433254,0.039897972,0.000665155,0.000653349,0.004770432,0.004831243,0.012253035,0.011435522,0.515178706,0.485090033
LEVOTHYROXINE SODIUM,NY,HYPOTHYROIDISM,2548186,2,Northeast,Middle Atlantic,19651049,26602,237017,148838,1847182,1606867,7075511,6809126,853509,784037,13071,12839,93744,94939,240785,224720,0.093999155,0.081770037,0.360057674,0.346501909,0.043433254,0.039897972,0.000665155,0.000653349,0.004770432,0.004831243,0.012253035,0.011435522,0.515178706,0.485090033
OMEPRAZOLE,NY,GASTROESOPHAGEAL REFLUX DISEASE,2159111,5,Northeast,Middle Atlantic,19651049,26602,237017,148838,1847182,1606867,7075511,6809126,853509,784037,13071,12839,93744,94939,240785,224720,0.093999155,0.081770037,0.360057674,0.346501909,0.043433254,0.039897972,0.000665155,0.000653349,0.004770432,0.004831243,0.012253035,0.011435522,0.515178706,0.485090033
SIMVASTATIN,NY,HIGH CHOLESTEROL,2484445,3,Northeast,Middle Atlantic,19651049,26602,237017,148838,1847182,1606867,7075511,6809126,853509,784037,13071,12839,93744,94939,240785,224720,0.093999155,0.081770037,0.360057674,0.346501909,0.043433254,0.039897972,0.000665155,0.000653349,0.004770432,0.004831243,0.012253035,0.011435522,0.515178706,0.485090033
HYDROCODONE/ACETAMINOPHEN,WA,SEVERE PAIN RELIEF,589067,4,West,Pacific ,7054655,90670,87387,51278,131355,152844,2842059,2848957,309132,269837,24904,25129,66690,68120,157996,155416,0.018619621,0.021665694,0.402862932,0.403840726,0.043819577,0.038249496,0.003530151,0.003562045,0.009453333,0.009656036,0.022395992,0.022030276,0.500681607,0.499004274
LEVOTHYROXINE SODIUM,WA,HYPOTHYROIDISM,713331,2,West,Pacific ,7054655,90670,87387,51278,131355,152844,2842059,2848957,309132,269837,24904,25129,66690,68120,157996,155416,0.018619621,0.021665694,0.402862932,0.403840726,0.043819577,0.038249496,0.003530151,0.003562045,0.009453333,0.009656036,0.022395992,0.022030276,0.500681607,0.499004274
LISINOPRIL,WA,HIGH BLOOD PRESSURE,771435,1,West,Pacific ,7054655,90670,87387,51278,131355,152844,2842059,2848957,309132,269837,24904,25129,66690,68120,157996,155416,0.018619621,0.021665694,0.402862932,0.403840726,0.043819577,0.038249496,0.003530151,0.003562045,0.009453333,0.009656036,0.022395992,0.022030276,0.500681607,0.499004274
OMEPRAZOLE,WA,GASTROESOPHAGEAL REFLUX DISEASE,606722,3,West,Pacific ,7054655,90670,87387,51278,131355,152844,2842059,2848957,309132,269837,24904,25129,66690,68120,157996,155416,0.018619621,0.021665694,0.402862932,0.403840726,0.043819577,0.038249496,0.003530151,0.003562045,0.009453333,0.009656036,0.022395992,0.022030276,0.500681607,0.499004274
SIMVASTATIN,WA,HIGH CHOLESTEROL,534366,5,West,Pacific ,7054655,90670,87387,51278,131355,152844,2842059,2848957,309132,269837,24904,25129,66690,68120,157996,155416,0.018619621,0.021665694,0.402862932,0.403840726,0.043819577,0.038249496,0.003530151,0.003562045,0.009453333,0.009656036,0.022395992,0.022030276,0.500681607,0.499004274
AMLODIPINE BESYLATE,NV,HIGH BLOOD PRESSURE,230787,4,West,Mountain,2817628,41658,35223,21248,128411,129303,1056292,1095720,126050,103620,10519,10388,23053,23011,56959,55686,0.04557415,0.045890728,0.374886962,0.388880292,0.044736211,0.036775614,0.003733282,0.003686789,0.008181705,0.008166798,0.020215231,0.019763432,0.497327539,0.503163654
HYDROCODONE/ACETAMINOPHEN,NV,SEVERE PAIN RELIEF,294635,1,West,Mountain,2817628,41658,35223,21248,128411,129303,1056292,1095720,126050,103620,10519,10388,23053,23011,56959,55686,0.04557415,0.045890728,0.374886962,0.388880292,0.044736211,0.036775614,0.003733282,0.003686789,0.008181705,0.008166798,0.020215231,0.019763432,0.497327539,0.503163654
LEVOTHYROXINE SODIUM,NV,HYPOTHYROIDISM,282911,3,West,Mountain,2817628,41658,35223,21248,128411,129303,1056292,1095720,126050,103620,10519,10388,23053,23011,56959,55686,0.04557415,0.045890728,0.374886962,0.388880292,0.044736211,0.036775614,0.003733282,0.003686789,0.008181705,0.008166798,0.020215231,0.019763432,0.497327539,0.503163654
LISINOPRIL,NV,HIGH BLOOD PRESSURE,290676,2,West,Mountain,2817628,41658,35223,21248,128411,129303,1056292,1095720,126050,103620,10519,10388,23053,23011,56959,55686,0.04557415,0.045890728,0.374886962,0.388880292,0.044736211,0.036775614,0.003733282,0.003686789,0.008181705,0.008166798,0.020215231,0.019763432,0.497327539,0.503163654
SIMVASTATIN,NV,HIGH CHOLESTEROL,220769,5,West,Mountain,2817628,41658,35223,21248,128411,129303,1056292,1095720,126050,103620,10519,10388,23053,23011,56959,55686,0.04557415,0.045890728,0.374886962,0.388880292,0.044736211,0.036775614,0.003733282,0.003686789,0.008181705,0.008166798,0.020215231,0.019763432,0.497327539,0.503163654
ATORVASTATIN CALCIUM,MA,HIGH CHOLESTEROL,763128,5,Northeast,New England ,6762596,49281,71950,54721,291359,273580,2874748,2708715,222963,204199,3385,3327,15668,16212,76114,73382,0.043083899,0.040454879,0.425095333,0.400543667,0.032970031,0.030195357,0.000500547,0.000491971,0.002316862,0.002397304,0.011255145,0.010851158,0.515221817,0.484934336
LEVOTHYROXINE SODIUM,MA,HYPOTHYROIDISM,836577,4,Northeast,New England ,6762596,49281,71950,54721,291359,273580,2874748,2708715,222963,204199,3385,3327,15668,16212,76114,73382,0.043083899,0.040454879,0.425095333,0.400543667,0.032970031,0.030195357,0.000500547,0.000491971,0.002316862,0.002397304,0.011255145,0.010851158,0.515221817,0.484934336
LISINOPRIL,MA,HIGH BLOOD PRESSURE,1126759,1,Northeast,New England ,6762596,49281,71950,54721,291359,273580,2874748,2708715,222963,204199,3385,3327,15668,16212,76114,73382,0.043083899,0.040454879,0.425095333,0.400543667,0.032970031,0.030195357,0.000500547,0.000491971,0.002316862,0.002397304,0.011255145,0.010851158,0.515221817,0.484934336
OMEPRAZOLE,MA,GASTROESOPHAGEAL REFLUX DISEASE,883294,3,Northeast,New England ,6762596,49281,71950,54721,291359,273580,2874748,2708715,222963,204199,3385,3327,15668,16212,76114,73382,0.043083899,0.040454879,0.425095333,0.400543667,0.032970031,0.030195357,0.000500547,0.000491971,0.002316862,0.002397304,0.011255145,0.010851158,0.515221817,0.484934336
SIMVASTATIN,MA,HIGH CHOLESTEROL,896292,2,Northeast,New England ,6762596,49281,71950,54721,291359,273580,2874748,2708715,222963,204199,3385,3327,15668,16212,76114,73382,0.043083899,0.040454879,0.425095333,0.400543667,0.032970031,0.030195357,0.000500547,0.000491971,0.002316862,0.002397304,0.011255145,0.010851158,0.515221817,0.484934336
AMLODIPINE BESYLATE,MD,HIGH BLOOD PRESSURE,457877,2,South,South Atlantic,5957283,34095,72753,44767,964981,845610,1810918,1767834,195049,176284,2988,3210,15867,17140,81666,76618,0.161983408,0.141945582,0.30398388,0.296751724,0.032741268,0.029591342,0.000501571,0.000538836,0.002663463,0.002877151,0.013708598,0.012861232,0.515582187,0.484565867
ATORVASTATIN CALCIUM,MD,HIGH CHOLESTEROL,414932,4,South,South Atlantic,5957283,34095,72753,44767,964981,845610,1810918,1767834,195049,176284,2988,3210,15867,17140,81666,76618,0.161983408,0.141945582,0.30398388,0.296751724,0.032741268,0.029591342,0.000501571,0.000538836,0.002663463,0.002877151,0.013708598,0.012861232,0.515582187,0.484565867
FUROSEMIDE,MD,HIGH BLOOD PRESSURE,304566,5,South,South Atlantic,5957283,34095,72753,44767,964981,845610,1810918,1767834,195049,176284,2988,3210,15867,17140,81666,76618,0.161983408,0.141945582,0.30398388,0.296751724,0.032741268,0.029591342,0.000501571,0.000538836,0.002663463,0.002877151,0.013708598,0.012861232,0.515582187,0.484565867
LEVOTHYROXINE SODIUM,MD,HYPOTHYROIDISM,421255,3,South,South Atlantic,5957283,34095,72753,44767,964981,845610,1810918,1767834,195049,176284,2988,3210,15867,17140,81666,76618,0.161983408,0.141945582,0.30398388,0.296751724,0.032741268,0.029591342,0.000501571,0.000538836,0.002663463,0.002877151,0.013708598,0.012861232,0.515582187,0.484565867
LISINOPRIL,MD,HIGH BLOOD PRESSURE,463341,1,South,South Atlantic,5957283,34095,72753,44767,964981,845610,1810918,1767834,195049,176284,2988,3210,15867,17140,81666,76618,0.161983408,0.141945582,0.30398388,0.296751724,0.032741268,0.029591342,0.000501571,0.000538836,0.002663463,0.002877151,0.013708598,0.012861232,0.515582187,0.484565867
AMLODIPINE BESYLATE,VA,HIGH BLOOD PRESSURE,808124,3,South,South Atlantic,8310993,58566,102580,62609,852456,785281,2955028,2915784,274403,245684,4398,4694,20770,22757,117385,113436,0.102569693,0.094487025,0.35555655,0.350834611,0.033016873,0.029561329,0.000529179,0.000564794,0.0024991,0.002738181,0.014124064,0.013648911,0.508295459,0.491834851
ATORVASTATIN CALCIUM,VA,HIGH CHOLESTEROL,702216,5,South,South Atlantic,8310993,58566,102580,62609,852456,785281,2955028,2915784,274403,245684,4398,4694,20770,22757,117385,113436,0.102569693,0.094487025,0.35555655,0.350834611,0.033016873,0.029561329,0.000529179,0.000564794,0.0024991,0.002738181,0.014124064,0.013648911,0.508295459,0.491834851
LEVOTHYROXINE SODIUM,VA,HYPOTHYROIDISM,837399,1,South,South Atlantic,8310993,58566,102580,62609,852456,785281,2955028,2915784,274403,245684,4398,4694,20770,22757,117385,113436,0.102569693,0.094487025,0.35555655,0.350834611,0.033016873,0.029561329,0.000529179,0.000564794,0.0024991,0.002738181,0.014124064,0.013648911,0.508295459,0.491834851
LISINOPRIL,VA,HIGH BLOOD PRESSURE,819189,2,South,South Atlantic,8310993,58566,102580,62609,852456,785281,2955028,2915784,274403,245684,4398,4694,20770,22757,117385,113436,0.102569693,0.094487025,0.35555655,0.350834611,0.033016873,0.029561329,0.000529179,0.000564794,0.0024991,0.002738181,0.014124064,0.013648911,0.508295459,0.491834851
SIMVASTATIN,VA,HIGH CHOLESTEROL,702343,4,South,South Atlantic,8310993,58566,102580,62609,852456,785281,2955028,2915784,274403,245684,4398,4694,20770,22757,117385,113436,0.102569693,0.094487025,0.35555655,0.350834611,0.033016873,0.029561329,0.000529179,0.000564794,0.0024991,0.002738181,0.014124064,0.013648911,0.508295459,0.491834851
HYDROCODONE/ACETAMINOPHEN,AK,SEVERE PAIN RELIEF,28442,4,West,Pacific ,736283,-785,11443,4024,11688,15308,230568,261562,23207,21202,4528,4661,54854,56531,25871,26327,0.015874331,0.020790919,0.313151329,0.355246556,0.031519131,0.028795993,0.006149809,0.006330446,0.074501245,0.076778902,0.035137305,0.035756632,0.476333149,0.523699447
LEVOTHYROXINE SODIUM,AK,HYPOTHYROIDISM,34082,2,West,Pacific ,736283,-785,11443,4024,11688,15308,230568,261562,23207,21202,4528,4661,54854,56531,25871,26327,0.015874331,0.020790919,0.313151329,0.355246556,0.031519131,0.028795993,0.006149809,0.006330446,0.074501245,0.076778902,0.035137305,0.035756632,0.476333149,0.523699447
LISINOPRIL,AK,HIGH BLOOD PRESSURE,47684,1,West,Pacific ,736283,-785,11443,4024,11688,15308,230568,261562,23207,21202,4528,4661,54854,56531,25871,26327,0.015874331,0.020790919,0.313151329,0.355246556,0.031519131,0.028795993,0.006149809,0.006330446,0.074501245,0.076778902,0.035137305,0.035756632,0.476333149,0.523699447
OMEPRAZOLE,AK,GASTROESOPHAGEAL REFLUX DISEASE,33574,3,West,Pacific ,736283,-785,11443,4024,11688,15308,230568,261562,23207,21202,4528,4661,54854,56531,25871,26327,0.015874331,0.020790919,0.313151329,0.355246556,0.031519131,0.028795993,0.006149809,0.006330446,0.074501245,0.076778902,0.035137305,0.035756632,0.476333149,0.523699447
SIMVASTATIN,AK,HIGH CHOLESTEROL,28115,5,West,Pacific ,736283,-785,11443,4024,11688,15308,230568,261562,23207,21202,4528,4661,54854,56531,25871,26327,0.015874331,0.020790919,0.313151329,0.355246556,0.031519131,0.028795993,0.006149809,0.006330446,0.074501245,0.076778902,0.035137305,0.035756632,0.476333149,0.523699447
AMLODIPINE BESYLATE,IL,HIGH BLOOD PRESSURE,1216618,4,Midwest,East North Central ,12884493,-10636,157512,102688,1005986,890371,5041089,4945008,356436,331637,3918,4188,35662,38657,118991,117019,0.078077267,0.069104077,0.391252415,0.383795311,0.027663952,0.025739236,0.000304086,0.000325042,0.002767823,0.003000273,0.00923521,0.009082158,0.509300754,0.491046097
ATORVASTATIN CALCIUM,IL,HIGH CHOLESTEROL,1206323,5,Midwest,East North Central ,12884493,-10636,157512,102688,1005986,890371,5041089,4945008,356436,331637,3918,4188,35662,38657,118991,117019,0.078077267,0.069104077,0.391252415,0.383795311,0.027663952,0.025739236,0.000304086,0.000325042,0.002767823,0.003000273,0.00923521,0.009082158,0.509300754,0.491046097
HYDROCODONE/ACETAMINOPHEN,IL,SEVERE PAIN RELIEF,1221042,3,Midwest,East North Central ,12884493,-10636,157512,102688,1005986,890371,5041089,4945008,356436,331637,3918,4188,35662,38657,118991,117019,0.078077267,0.069104077,0.391252415,0.383795311,0.027663952,0.025739236,0.000304086,0.000325042,0.002767823,0.003000273,0.00923521,0.009082158,0.509300754,0.491046097
LEVOTHYROXINE SODIUM,IL,HYPOTHYROIDISM,1457499,1,Midwest,East North Central ,12884493,-10636,157512,102688,1005986,890371,5041089,4945008,356436,331637,3918,4188,35662,38657,118991,117019,0.078077267,0.069104077,0.391252415,0.383795311,0.027663952,0.025739236,0.000304086,0.000325042,0.002767823,0.003000273,0.00923521,0.009082158,0.509300754,0.491046097
LISINOPRIL,IL,HIGH BLOOD PRESSURE,1334446,2,Midwest,East North Central ,12884493,-10636,157512,102688,1005986,890371,5041089,4945008,356436,331637,3918,4188,35662,38657,118991,117019,0.078077267,0.069104077,0.391252415,0.383795311,0.027663952,0.025739236,0.000304086,0.000325042,0.002767823,0.003000273,0.00923521,0.009082158,0.509300754,0.491046097
AMLODIPINE BESYLATE,MN,HIGH BLOOD PRESSURE,458658,5,Midwest,West North Central ,5451079,37600,69903,40795,158599,165313,2350406,2319757,130476,124113,1695,1719,36352,36422,64010,62660,0.029094974,0.030326656,0.43118179,0.425559233,0.023935812,0.02276852,0.000310948,0.00031535,0.006668771,0.006681613,0.011742629,0.011494972,0.502934924,0.497146345
LEVOTHYROXINE SODIUM,MN,HYPOTHYROIDISM,624325,3,Midwest,West North Central ,5451079,37600,69903,40795,158599,165313,2350406,2319757,130476,124113,1695,1719,36352,36422,64010,62660,0.029094974,0.030326656,0.43118179,0.425559233,0.023935812,0.02276852,0.000310948,0.00031535,0.006668771,0.006681613,0.011742629,0.011494972,0.502934924,0.497146345
LISINOPRIL,MN,HIGH BLOOD PRESSURE,692905,1,Midwest,West North Central ,5451079,37600,69903,40795,158599,165313,2350406,2319757,130476,124113,1695,1719,36352,36422,64010,62660,0.029094974,0.030326656,0.43118179,0.425559233,0.023935812,0.02276852,0.000310948,0.00031535,0.006668771,0.006681613,0.011742629,0.011494972,0.502934924,0.497146345
OMEPRAZOLE,MN,GASTROESOPHAGEAL REFLUX DISEASE,592275,4,Midwest,West North Central ,5451079,37600,69903,40795,158599,165313,2350406,2319757,130476,124113,1695,1719,36352,36422,64010,62660,0.029094974,0.030326656,0.43118179,0.425559233,0.023935812,0.02276852,0.000310948,0.00031535,0.006668771,0.006681613,0.011742629,0.011494972,0.502934924,0.497146345
SIMVASTATIN,MN,HIGH CHOLESTEROL,658916,2,Midwest,West North Central ,5451079,37600,69903,40795,158599,165313,2350406,2319757,130476,124113,1695,1719,36352,36422,64010,62660,0.029094974,0.030326656,0.43118179,0.425559233,0.023935812,0.02276852,0.000310948,0.00031535,0.006668771,0.006681613,0.011742629,0.011494972,0.502934924,0.497146345
AMLODIPINE BESYLATE,TX,HIGH BLOOD PRESSURE,2213136,4,South,West South Central ,26964333,484067,394346,180737,1731555,1623727,10822797,10769029,630661,599257,17927,18243,131473,138913,249061,244499,0.064216497,0.060217584,0.401374549,0.399380508,0.023388711,0.022224062,0.000664841,0.00067656,0.004875811,0.005151731,0.009236683,0.009067497,0.503757093,0.496717942
ATORVASTATIN CALCIUM,TX,HIGH CHOLESTEROL,1882444,5,South,West South Central ,26964333,484067,394346,180737,1731555,1623727,10822797,10769029,630661,599257,17927,18243,131473,138913,249061,244499,0.064216497,0.060217584,0.401374549,0.399380508,0.023388711,0.022224062,0.000664841,0.00067656,0.004875811,0.005151731,0.009236683,0.009067497,0.503757093,0.496717942
HYDROCODONE/ACETAMINOPHEN,TX,SEVERE PAIN RELIEF,2833795,1,South,West South Central ,26964333,484067,394346,180737,1731555,1623727,10822797,10769029,630661,599257,17927,18243,131473,138913,249061,244499,0.064216497,0.060217584,0.401374549,0.399380508,0.023388711,0.022224062,0.000664841,0.00067656,0.004875811,0.005151731,0.009236683,0.009067497,0.503757093,0.496717942
LEVOTHYROXINE SODIUM,TX,HYPOTHYROIDISM,2788067,2,South,West South Central ,26964333,484067,394346,180737,1731555,1623727,10822797,10769029,630661,599257,17927,18243,131473,138913,249061,244499,0.064216497,0.060217584,0.401374549,0.399380508,0.023388711,0.022224062,0.000664841,0.00067656,0.004875811,0.005151731,0.009236683,0.009067497,0.503757093,0.496717942
LISINOPRIL,TX,HIGH BLOOD PRESSURE,2352302,3,South,West South Central ,26964333,484067,394346,180737,1731555,1623727,10822797,10769029,630661,599257,17927,18243,131473,138913,249061,244499,0.064216497,0.060217584,0.401374549,0.399380508,0.023388711,0.022224062,0.000664841,0.00067656,0.004875811,0.005151731,0.009236683,0.009067497,0.503757093,0.496717942
AMLODIPINE BESYLATE,CT,HIGH BLOOD PRESSURE,395752,3,Northeast,New England ,3594524,-317,36162,29669,214861,196531,1493235,1429154,82697,77042,1698,2006,9036,9555,40266,38702,0.059774535,0.054675111,0.415419399,0.397592004,0.023006384,0.021433158,0.000472385,0.000558071,0.002513824,0.00265821,0.01120204,0.010766933,0.512388567,0.487683487
ATORVASTATIN CALCIUM,CT,HIGH CHOLESTEROL,462215,1,Northeast,New England ,3594524,-317,36162,29669,214861,196531,1493235,1429154,82697,77042,1698,2006,9036,9555,40266,38702,0.059774535,0.054675111,0.415419399,0.397592004,0.023006384,0.021433158,0.000472385,0.000558071,0.002513824,0.00265821,0.01120204,0.010766933,0.512388567,0.487683487
FUROSEMIDE,CT,HIGH BLOOD PRESSURE,325792,5,Northeast,New England ,3594524,-317,36162,29669,214861,196531,1493235,1429154,82697,77042,1698,2006,9036,9555,40266,38702,0.059774535,0.054675111,0.415419399,0.397592004,0.023006384,0.021433158,0.000472385,0.000558071,0.002513824,0.00265821,0.01120204,0.010766933,0.512388567,0.487683487
LEVOTHYROXINE SODIUM,CT,HYPOTHYROIDISM,453932,2,Northeast,New England ,3594524,-317,36162,29669,214861,196531,1493235,1429154,82697,77042,1698,2006,9036,9555,40266,38702,0.059774535,0.054675111,0.415419399,0.397592004,0.023006384,0.021433158,0.000472385,0.000558071,0.002513824,0.00265821,0.01120204,0.010766933,0.512388567,0.487683487
LISINOPRIL,CT,HIGH BLOOD PRESSURE,391621,4,Northeast,New England ,3594524,-317,36162,29669,214861,196531,1493235,1429154,82697,77042,1698,2006,9036,9555,40266,38702,0.059774535,0.054675111,0.415419399,0.397592004,0.023006384,0.021433158,0.000472385,0.000558071,0.002513824,0.00265821,0.01120204,0.010766933,0.512388567,0.487683487
ATORVASTATIN CALCIUM,OR,HIGH CHOLESTEROL,372918,5,West,Pacific ,3963244,40776,45452,33804,37776,43761,1757786,1725418,91667,78476,8118,8481,34618,36177,71741,70087,0.009531586,0.011041712,0.443522024,0.435354977,0.023129285,0.019800951,0.002048322,0.002139914,0.008734764,0.009128128,0.018101585,0.017684251,0.505067566,0.495149933
HYDROCODONE/ACETAMINOPHEN,OR,SEVERE PAIN RELIEF,474492,3,West,Pacific ,3963244,40776,45452,33804,37776,43761,1757786,1725418,91667,78476,8118,8481,34618,36177,71741,70087,0.009531586,0.011041712,0.443522024,0.435354977,0.023129285,0.019800951,0.002048322,0.002139914,0.008734764,0.009128128,0.018101585,0.017684251,0.505067566,0.495149933
LEVOTHYROXINE SODIUM,OR,HYPOTHYROIDISM,571237,1,West,Pacific ,3963244,40776,45452,33804,37776,43761,1757786,1725418,91667,78476,8118,8481,34618,36177,71741,70087,0.009531586,0.011041712,0.443522024,0.435354977,0.023129285,0.019800951,0.002048322,0.002139914,0.008734764,0.009128128,0.018101585,0.017684251,0.505067566,0.495149933
LISINOPRIL,OR,HIGH BLOOD PRESSURE,541077,2,West,Pacific ,3963244,40776,45452,33804,37776,43761,1757786,1725418,91667,78476,8118,8481,34618,36177,71741,70087,0.009531586,0.011041712,0.443522024,0.435354977,0.023129285,0.019800951,0.002048322,0.002139914,0.008734764,0.009128128,0.018101585,0.017684251,0.505067566,0.495149933
OMEPRAZOLE,OR,GASTROESOPHAGEAL REFLUX DISEASE,439819,4,West,Pacific ,3963244,40776,45452,33804,37776,43761,1757786,1725418,91667,78476,8118,8481,34618,36177,71741,70087,0.009531586,0.011041712,0.443522024,0.435354977,0.023129285,0.019800951,0.002048322,0.002139914,0.008734764,0.009128128,0.018101585,0.017684251,0.505067566,0.495149933
AMLODIPINE BESYLATE,GA,HIGH BLOOD PRESSURE,1282226,1,South,South Atlantic,10067278,94799,129551,74837,1693599,1495357,3138631,3099177,197568,185936,5421,6044,23734,26746,101852,94936,0.168228095,0.148536377,0.311765603,0.30784657,0.019624768,0.018469342,0.000538477,0.000600361,0.002357539,0.002656726,0.010117134,0.009430156,0.512631617,0.487539532
HYDROCODONE/ACETAMINOPHEN,GA,SEVERE PAIN RELIEF,1239477,2,South,South Atlantic,10067278,94799,129551,74837,1693599,1495357,3138631,3099177,197568,185936,5421,6044,23734,26746,101852,94936,0.168228095,0.148536377,0.311765603,0.30784657,0.019624768,0.018469342,0.000538477,0.000600361,0.002357539,0.002656726,0.010117134,0.009430156,0.512631617,0.487539532
LEVOTHYROXINE SODIUM,GA,HYPOTHYROIDISM,1201249,3,South,South Atlantic,10067278,94799,129551,74837,1693599,1495357,3138631,3099177,197568,185936,5421,6044,23734,26746,101852,94936,0.168228095,0.148536377,0.311765603,0.30784657,0.019624768,0.018469342,0.000538477,0.000600361,0.002357539,0.002656726,0.010117134,0.009430156,0.512631617,0.487539532
LISINOPRIL,GA,HIGH BLOOD PRESSURE,1169587,4,South,South Atlantic,10067278,94799,129551,74837,1693599,1495357,3138631,3099177,197568,185936,5421,6044,23734,26746,101852,94936,0.168228095,0.148536377,0.311765603,0.30784657,0.019624768,0.018469342,0.000538477,0.000600361,0.002357539,0.002656726,0.010117134,0.009430156,0.512631617,0.487539532
SIMVASTATIN,GA,HIGH CHOLESTEROL,948344,5,South,South Atlantic,10067278,94799,129551,74837,1693599,1495357,3138631,3099177,197568,185936,5421,6044,23734,26746,101852,94936,0.168228095,0.148536377,0.311765603,0.30784657,0.019624768,0.018469342,0.000538477,0.000600361,0.002357539,0.002656726,0.010117134,0.009430156,0.512631617,0.487539532
AMLODIPINE BESYLATE,DE,HIGH BLOOD PRESSURE,79754,4,South,South Atlantic,932487,8911,10981,8072,110200,98132,337701,321734,17851,17093,376,440,2951,3023,12058,11037,0.118178591,0.105236856,0.362150893,0.345027866,0.01914343,0.01833055,0.000403223,0.000471856,0.003164655,0.003241868,0.012931011,0.01183609,0.515971804,0.484145087
ATORVASTATIN CALCIUM,DE,HIGH CHOLESTEROL,97339,2,South,South Atlantic,932487,8911,10981,8072,110200,98132,337701,321734,17851,17093,376,440,2951,3023,12058,11037,0.118178591,0.105236856,0.362150893,0.345027866,0.01914343,0.01833055,0.000403223,0.000471856,0.003164655,0.003241868,0.012931011,0.01183609,0.515971804,0.484145087
LEVOTHYROXINE SODIUM,DE,HYPOTHYROIDISM,100751,1,South,South Atlantic,932487,8911,10981,8072,110200,98132,337701,321734,17851,17093,376,440,2951,3023,12058,11037,0.118178591,0.105236856,0.362150893,0.345027866,0.01914343,0.01833055,0.000403223,0.000471856,0.003164655,0.003241868,0.012931011,0.01183609,0.515971804,0.484145087
LISINOPRIL,DE,HIGH BLOOD PRESSURE,97049,3,South,South Atlantic,932487,8911,10981,8072,110200,98132,337701,321734,17851,17093,376,440,2951,3023,12058,11037,0.118178591,0.105236856,0.362150893,0.345027866,0.01914343,0.01833055,0.000403223,0.000471856,0.003164655,0.003241868,0.012931011,0.01183609,0.515971804,0.484145087
OMEPRAZOLE,DE,GASTROESOPHAGEAL REFLUX DISEASE,72716,5,South,South Atlantic,932487,8911,10981,8072,110200,98132,337701,321734,17851,17093,376,440,2951,3023,12058,11037,0.118178591,0.105236856,0.362150893,0.345027866,0.01914343,0.01833055,0.000403223,0.000471856,0.003164655,0.003241868,0.012931011,0.01183609,0.515971804,0.484145087
AMLODIPINE BESYLATE,RI,HIGH BLOOD PRESSURE,179348,4,Northeast,New England ,1055936,855,10731,9697,41337,40652,463277,435033,19047,17261,907,938,5199,5053,14025,13288,0.039147259,0.038498545,0.43873587,0.411988037,0.018038025,0.016346635,0.000858954,0.000888311,0.004923594,0.004785328,0.013282055,0.012584096,0.514985757,0.485090952
ATORVASTATIN CALCIUM,RI,HIGH CHOLESTEROL,193971,3,Northeast,New England ,1055936,855,10731,9697,41337,40652,463277,435033,19047,17261,907,938,5199,5053,14025,13288,0.039147259,0.038498545,0.43873587,0.411988037,0.018038025,0.016346635,0.000858954,0.000888311,0.004923594,0.004785328,0.013282055,0.012584096,0.514985757,0.485090952
LEVOTHYROXINE SODIUM,RI,HYPOTHYROIDISM,174245,5,Northeast,New England ,1055936,855,10731,9697,41337,40652,463277,435033,19047,17261,907,938,5199,5053,14025,13288,0.039147259,0.038498545,0.43873587,0.411988037,0.018038025,0.016346635,0.000858954,0.000888311,0.004923594,0.004785328,0.013282055,0.012584096,0.514985757,0.485090952
LISINOPRIL,RI,HIGH BLOOD PRESSURE,212772,1,Northeast,New England ,1055936,855,10731,9697,41337,40652,463277,435033,19047,17261,907,938,5199,5053,14025,13288,0.039147259,0.038498545,0.43873587,0.411988037,0.018038025,0.016346635,0.000858954,0.000888311,0.004923594,0.004785328,0.013282055,0.012584096,0.514985757,0.485090952
OMEPRAZOLE,RI,GASTROESOPHAGEAL REFLUX DISEASE,197074,2,Northeast,New England ,1055936,855,10731,9697,41337,40652,463277,435033,19047,17261,907,938,5199,5053,14025,13288,0.039147259,0.038498545,0.43873587,0.411988037,0.018038025,0.016346635,0.000858954,0.000888311,0.004923594,0.004785328,0.013282055,0.012584096,0.514985757,0.485090952
AMLODIPINE BESYLATE,AZ,HIGH BLOOD PRESSURE,547849,4,West,Mountain,6730413,97649,86129,50236,152040,164835,2833647,2800242,120390,107258,8152,9448,181827,177439,89704,88858,0.022589996,0.024491068,0.421021266,0.416057974,0.017887461,0.015936318,0.001211218,0.001403777,0.027015727,0.026363761,0.013328157,0.013202459,0.503053824,0.497455357
LEVOTHYROXINE SODIUM,AZ,HYPOTHYROIDISM,866240,1,West,Mountain,6730413,97649,86129,50236,152040,164835,2833647,2800242,120390,107258,8152,9448,181827,177439,89704,88858,0.022589996,0.024491068,0.421021266,0.416057974,0.017887461,0.015936318,0.001211218,0.001403777,0.027015727,0.026363761,0.013328157,0.013202459,0.503053824,0.497455357
LISINOPRIL,AZ,HIGH BLOOD PRESSURE,828921,2,West,Mountain,6730413,97649,86129,50236,152040,164835,2833647,2800242,120390,107258,8152,9448,181827,177439,89704,88858,0.022589996,0.024491068,0.421021266,0.416057974,0.017887461,0.015936318,0.001211218,0.001403777,0.027015727,0.026363761,0.013328157,0.013202459,0.503053824,0.497455357
OMEPRAZOLE,AZ,GASTROESOPHAGEAL REFLUX DISEASE,469252,5,West,Mountain,6730413,97649,86129,50236,152040,164835,2833647,2800242,120390,107258,8152,9448,181827,177439,89704,88858,0.022589996,0.024491068,0.421021266,0.416057974,0.017887461,0.015936318,0.001211218,0.001403777,0.027015727,0.026363761,0.013328157,0.013202459,0.503053824,0.497455357
SIMVASTATIN,AZ,HIGH CHOLESTEROL,561456,3,West,Mountain,6730413,97649,86129,50236,152040,164835,2833647,2800242,120390,107258,8152,9448,181827,177439,89704,88858,0.022589996,0.024491068,0.421021266,0.416057974,0.017887461,0.015936318,0.001211218,0.001403777,0.027015727,0.026363761,0.013328157,0.013202459,0.503053824,0.497455357
AMLODIPINE BESYLATE,PA,HIGH BLOOD PRESSURE,1762418,4,Northeast,Middle Atlantic,12788313,12004,142216,126737,773102,717058,5398083,5193973,217353,201293,4400,4227,21903,22765,120146,114798,0.060453791,0.056071352,0.422110641,0.406149975,0.016996221,0.015740387,0.000344064,0.000330536,0.001712736,0.001780141,0.009394984,0.00897679,0.511012438,0.489049181
ATORVASTATIN CALCIUM,PA,HIGH CHOLESTEROL,1746999,5,Northeast,Middle Atlantic,12788313,12004,142216,126737,773102,717058,5398083,5193973,217353,201293,4400,4227,21903,22765,120146,114798,0.060453791,0.056071352,0.422110641,0.406149975,0.016996221,0.015740387,0.000344064,0.000330536,0.001712736,0.001780141,0.009394984,0.00897679,0.511012438,0.489049181
LEVOTHYROXINE SODIUM,PA,HYPOTHYROIDISM,2353753,1,Northeast,Middle Atlantic,12788313,12004,142216,126737,773102,717058,5398083,5193973,217353,201293,4400,4227,21903,22765,120146,114798,0.060453791,0.056071352,0.422110641,0.406149975,0.016996221,0.015740387,0.000344064,0.000330536,0.001712736,0.001780141,0.009394984,0.00897679,0.511012438,0.489049181
LISINOPRIL,PA,HIGH BLOOD PRESSURE,2034787,2,Northeast,Middle Atlantic,12788313,12004,142216,126737,773102,717058,5398083,5193973,217353,201293,4400,4227,21903,22765,120146,114798,0.060453791,0.056071352,0.422110641,0.406149975,0.016996221,0.015740387,0.000344064,0.000330536,0.001712736,0.001780141,0.009394984,0.00897679,0.511012438,0.489049181
SIMVASTATIN,PA,HIGH CHOLESTEROL,1934387,3,Northeast,Middle Atlantic,12788313,12004,142216,126737,773102,717058,5398083,5193973,217353,201293,4400,4227,21903,22765,120146,114798,0.060453791,0.056071352,0.422110641,0.406149975,0.016996221,0.015740387,0.000344064,0.000330536,0.001712736,0.001780141,0.009394984,0.00897679,0.511012438,0.489049181
ATORVASTATIN CALCIUM,CO,HIGH CHOLESTEROL,351804,4,West,Mountain,5350101,81066,65702,33935,112077,125737,2337845,2359371,91940,77626,4746,5000,41153,42614,77098,76011,0.020948576,0.023501799,0.436972124,0.4409956,0.017184722,0.014509259,0.000887086,0.000934562,0.007692004,0.007965083,0.014410569,0.014207395,0.498095083,0.502113698
LEVOTHYROXINE SODIUM,CO,HYPOTHYROIDISM,644433,1,West,Mountain,5350101,81066,65702,33935,112077,125737,2337845,2359371,91940,77626,4746,5000,41153,42614,77098,76011,0.020948576,0.023501799,0.436972124,0.4409956,0.017184722,0.014509259,0.000887086,0.000934562,0.007692004,0.007965083,0.014410569,0.014207395,0.498095083,0.502113698
LISINOPRIL,CO,HIGH BLOOD PRESSURE,511517,2,West,Mountain,5350101,81066,65702,33935,112077,125737,2337845,2359371,91940,77626,4746,5000,41153,42614,77098,76011,0.020948576,0.023501799,0.436972124,0.4409956,0.017184722,0.014509259,0.000887086,0.000934562,0.007692004,0.007965083,0.014410569,0.014207395,0.498095083,0.502113698
OMEPRAZOLE,CO,GASTROESOPHAGEAL REFLUX DISEASE,351481,5,West,Mountain,5350101,81066,65702,33935,112077,125737,2337845,2359371,91940,77626,4746,5000,41153,42614,77098,76011,0.020948576,0.023501799,0.436972124,0.4409956,0.017184722,0.014509259,0.000887086,0.000934562,0.007692004,0.007965083,0.014410569,0.014207395,0.498095083,0.502113698
SIMVASTATIN,CO,HIGH CHOLESTEROL,416010,3,West,Mountain,5350101,81066,65702,33935,112077,125737,2337845,2359371,91940,77626,4746,5000,41153,42614,77098,76011,0.020948576,0.023501799,0.436972124,0.4409956,0.017184722,0.014509259,0.000887086,0.000934562,0.007692004,0.007965083,0.014410569,0.014207395,0.498095083,0.502113698
HYDROCODONE/ACETAMINOPHEN,MI,SEVERE PAIN RELIEF,1792522,1,Midwest,East North Central ,9929848,16783,114518,91840,740979,670552,4008126,3921026,149203,141201,1883,1893,35501,35512,114442,110271,0.074621384,0.067528929,0.403644245,0.394872711,0.015025708,0.014219855,0.00018963,0.000190637,0.003575181,0.003576288,0.011525051,0.011105004,0.508581199,0.491493425
LEVOTHYROXINE SODIUM,MI,HYPOTHYROIDISM,1317870,2,Midwest,East North Central ,9929848,16783,114518,91840,740979,670552,4008126,3921026,149203,141201,1883,1893,35501,35512,114442,110271,0.074621384,0.067528929,0.403644245,0.394872711,0.015025708,0.014219855,0.00018963,0.000190637,0.003575181,0.003576288,0.011525051,0.011105004,0.508581199,0.491493425
LISINOPRIL,MI,HIGH BLOOD PRESSURE,1316080,3,Midwest,East North Central ,9929848,16783,114518,91840,740979,670552,4008126,3921026,149203,141201,1883,1893,35501,35512,114442,110271,0.074621384,0.067528929,0.403644245,0.394872711,0.015025708,0.014219855,0.00018963,0.000190637,0.003575181,0.003576288,0.011525051,0.011105004,0.508581199,0.491493425
OMEPRAZOLE,MI,GASTROESOPHAGEAL REFLUX DISEASE,1101010,5,Midwest,East North Central ,9929848,16783,114518,91840,740979,670552,4008126,3921026,149203,141201,1883,1893,35501,35512,114442,110271,0.074621384,0.067528929,0.403644245,0.394872711,0.015025708,0.014219855,0.00018963,0.000190637,0.003575181,0.003576288,0.011525051,0.011105004,0.508581199,0.491493425
SIMVASTATIN,MI,HIGH CHOLESTEROL,1207133,4,Midwest,East North Central ,9929848,16783,114518,91840,740979,670552,4008126,3921026,149203,141201,1883,1893,35501,35512,114442,110271,0.074621384,0.067528929,0.403644245,0.394872711,0.015025708,0.014219855,0.00018963,0.000190637,0.003575181,0.003576288,0.011525051,0.011105004,0.508581199,0.491493425
AMLODIPINE BESYLATE,KS,HIGH BLOOD PRESSURE,325069,5,Midwest,West North Central ,2900475,7263,39292,25475,87068,92323,1268187,1253437,42238,39668,1443,1669,16816,17320,40551,40176,0.030018531,0.031830304,0.437234246,0.432148872,0.014562442,0.013676381,0.000497505,0.000575423,0.005797671,0.005971436,0.013980813,0.013851524,0.502091209,0.498053939
HYDROCODONE/ACETAMINOPHEN,KS,SEVERE PAIN RELIEF,391969,2,Midwest,West North Central ,2900475,7263,39292,25475,87068,92323,1268187,1253437,42238,39668,1443,1669,16816,17320,40551,40176,0.030018531,0.031830304,0.437234246,0.432148872,0.014562442,0.013676381,0.000497505,0.000575423,0.005797671,0.005971436,0.013980813,0.013851524,0.502091209,0.498053939
LEVOTHYROXINE SODIUM,KS,HYPOTHYROIDISM,503645,1,Midwest,West North Central ,2900475,7263,39292,25475,87068,92323,1268187,1253437,42238,39668,1443,1669,16816,17320,40551,40176,0.030018531,0.031830304,0.437234246,0.432148872,0.014562442,0.013676381,0.000497505,0.000575423,0.005797671,0.005971436,0.013980813,0.013851524,0.502091209,0.498053939
LISINOPRIL,KS,HIGH BLOOD PRESSURE,375427,3,Midwest,West North Central ,2900475,7263,39292,25475,87068,92323,1268187,1253437,42238,39668,1443,1669,16816,17320,40551,40176,0.030018531,0.031830304,0.437234246,0.432148872,0.014562442,0.013676381,0.000497505,0.000575423,0.005797671,0.005971436,0.013980813,0.013851524,0.502091209,0.498053939
SIMVASTATIN,KS,HIGH CHOLESTEROL,352737,4,Midwest,West North Central ,2900475,7263,39292,25475,87068,92323,1268187,1253437,42238,39668,1443,1669,16816,17320,40551,40176,0.030018531,0.031830304,0.437234246,0.432148872,0.014562442,0.013676381,0.000497505,0.000575423,0.005797671,0.005971436,0.013980813,0.013851524,0.502091209,0.498053939
AMLODIPINE BESYLATE,NC,HIGH BLOOD PRESSURE,1389942,2,South,South Atlantic,9932887,89551,120207,83523,1170026,1032290,3598689,3490525,140052,130150,5669,6150,78159,77110,105142,99982,0.117793145,0.103926482,0.362300407,0.351410924,0.014099828,0.013102938,0.00057073,0.000619155,0.007868709,0.0077631,0.010585241,0.010065754,0.51321806,0.486888354
ATORVASTATIN CALCIUM,NC,HIGH CHOLESTEROL,1120744,5,South,South Atlantic,9932887,89551,120207,83523,1170026,1032290,3598689,3490525,140052,130150,5669,6150,78159,77110,105142,99982,0.117793145,0.103926482,0.362300407,0.351410924,0.014099828,0.013102938,0.00057073,0.000619155,0.007868709,0.0077631,0.010585241,0.010065754,0.51321806,0.486888354
LEVOTHYROXINE SODIUM,NC,HYPOTHYROIDISM,1513777,1,South,South Atlantic,9932887,89551,120207,83523,1170026,1032290,3598689,3490525,140052,130150,5669,6150,78159,77110,105142,99982,0.117793145,0.103926482,0.362300407,0.351410924,0.014099828,0.013102938,0.00057073,0.000619155,0.007868709,0.0077631,0.010585241,0.010065754,0.51321806,0.486888354
LISINOPRIL,NC,HIGH BLOOD PRESSURE,1281045,4,South,South Atlantic,9932887,89551,120207,83523,1170026,1032290,3598689,3490525,140052,130150,5669,6150,78159,77110,105142,99982,0.117793145,0.103926482,0.362300407,0.351410924,0.014099828,0.013102938,0.00057073,0.000619155,0.007868709,0.0077631,0.010585241,0.010065754,0.51321806,0.486888354
OMEPRAZOLE,NC,GASTROESOPHAGEAL REFLUX DISEASE,1367545,3,South,South Atlantic,9932887,89551,120207,83523,1170026,1032290,3598689,3490525,140052,130150,5669,6150,78159,77110,105142,99982,0.117793145,0.103926482,0.362300407,0.351410924,0.014099828,0.013102938,0.00057073,0.000619155,0.007868709,0.0077631,0.010585241,0.010065754,0.51321806,0.486888354
FUROSEMIDE,WI,HIGH BLOOD PRESSURE,598833,5,Midwest,East North Central ,5751525,14771,67061,49334,193245,186357,2536944,2511813,79649,75314,1364,1554,31875,32296,51353,50210,0.033598915,0.03240132,0.441090667,0.436721217,0.013848327,0.013094614,0.000237154,0.000270189,0.005542008,0.005615206,0.008928589,0.008729859,0.503245661,0.496832405
LEVOTHYROXINE SODIUM,WI,HYPOTHYROIDISM,724862,1,Midwest,East North Central ,5751525,14771,67061,49334,193245,186357,2536944,2511813,79649,75314,1364,1554,31875,32296,51353,50210,0.033598915,0.03240132,0.441090667,0.436721217,0.013848327,0.013094614,0.000237154,0.000270189,0.005542008,0.005615206,0.008928589,0.008729859,0.503245661,0.496832405
LISINOPRIL,WI,HIGH BLOOD PRESSURE,679528,2,Midwest,East North Central ,5751525,14771,67061,49334,193245,186357,2536944,2511813,79649,75314,1364,1554,31875,32296,51353,50210,0.033598915,0.03240132,0.441090667,0.436721217,0.013848327,0.013094614,0.000237154,0.000270189,0.005542008,0.005615206,0.008928589,0.008729859,0.503245661,0.496832405
OMEPRAZOLE,WI,GASTROESOPHAGEAL REFLUX DISEASE,660346,3,Midwest,East North Central ,5751525,14771,67061,49334,193245,186357,2536944,2511813,79649,75314,1364,1554,31875,32296,51353,50210,0.033598915,0.03240132,0.441090667,0.436721217,0.013848327,0.013094614,0.000237154,0.000270189,0.005542008,0.005615206,0.008928589,0.008729859,0.503245661,0.496832405
SIMVASTATIN,WI,HIGH CHOLESTEROL,637494,4,Midwest,East North Central ,5751525,14771,67061,49334,193245,186357,2536944,2511813,79649,75314,1364,1554,31875,32296,51353,50210,0.033598915,0.03240132,0.441090667,0.436721217,0.013848327,0.013094614,0.000237154,0.000270189,0.005542008,0.005615206,0.008928589,0.008729859,0.503245661,0.496832405
ATORVASTATIN CALCIUM,NH,HIGH CHOLESTEROL,120283,3,Northeast,New England ,1333341,6719,12215,11154,8504,10849,634134,618478,18871,16962,285,275,1780,2002,10478,10605,0.006377963,0.008136703,0.475597765,0.463855833,0.014153169,0.012721427,0.000213749,0.000206249,0.001334992,0.001501491,0.007858455,0.007953704,0.505536093,0.494375407
LEVOTHYROXINE SODIUM,NH,HYPOTHYROIDISM,150455,1,Northeast,New England ,1333341,6719,12215,11154,8504,10849,634134,618478,18871,16962,285,275,1780,2002,10478,10605,0.006377963,0.008136703,0.475597765,0.463855833,0.014153169,0.012721427,0.000213749,0.000206249,0.001334992,0.001501491,0.007858455,0.007953704,0.505536093,0.494375407
LISINOPRIL,NH,HIGH BLOOD PRESSURE,149314,2,Northeast,New England ,1333341,6719,12215,11154,8504,10849,634134,618478,18871,16962,285,275,1780,2002,10478,10605,0.006377963,0.008136703,0.475597765,0.463855833,0.014153169,0.012721427,0.000213749,0.000206249,0.001334992,0.001501491,0.007858455,0.007953704,0.505536093,0.494375407
OMEPRAZOLE,NH,GASTROESOPHAGEAL REFLUX DISEASE,104657,5,Northeast,New England ,1333341,6719,12215,11154,8504,10849,634134,618478,18871,16962,285,275,1780,2002,10478,10605,0.006377963,0.008136703,0.475597765,0.463855833,0.014153169,0.012721427,0.000213749,0.000206249,0.001334992,0.001501491,0.007858455,0.007953704,0.505536093,0.494375407
SIMVASTATIN,NH,HIGH CHOLESTEROL,109167,4,Northeast,New England ,1333341,6719,12215,11154,8504,10849,634134,618478,18871,16962,285,275,1780,2002,10478,10605,0.006377963,0.008136703,0.475597765,0.463855833,0.014153169,0.012721427,0.000213749,0.000206249,0.001334992,0.001501491,0.007858455,0.007953704,0.505536093,0.494375407
AMLODIPINE BESYLATE,FL,HIGH BLOOD PRESSURE,2690538,3,South,South Atlantic,19845911,300290,218333,181024,1732745,1608383,7867334,7597326,291155,250381,10528,10932,45881,50698,201811,193156,0.087309925,0.081043546,0.396420905,0.382815684,0.01467078,0.012616251,0.000530487,0.000550844,0.002311862,0.002554582,0.010168896,0.009732786,0.511412855,0.489313693
LEVOTHYROXINE SODIUM,FL,HYPOTHYROIDISM,2982449,1,South,South Atlantic,19845911,300290,218333,181024,1732745,1608383,7867334,7597326,291155,250381,10528,10932,45881,50698,201811,193156,0.087309925,0.081043546,0.396420905,0.382815684,0.01467078,0.012616251,0.000530487,0.000550844,0.002311862,0.002554582,0.010168896,0.009732786,0.511412855,0.489313693
LISINOPRIL,FL,HIGH BLOOD PRESSURE,2871362,2,South,South Atlantic,19845911,300290,218333,181024,1732745,1608383,7867334,7597326,291155,250381,10528,10932,45881,50698,201811,193156,0.087309925,0.081043546,0.396420905,0.382815684,0.01467078,0.012616251,0.000530487,0.000550844,0.002311862,0.002554582,0.010168896,0.009732786,0.511412855,0.489313693
OMEPRAZOLE,FL,GASTROESOPHAGEAL REFLUX DISEASE,2591185,4,South,South Atlantic,19845911,300290,218333,181024,1732745,1608383,7867334,7597326,291155,250381,10528,10932,45881,50698,201811,193156,0.087309925,0.081043546,0.396420905,0.382815684,0.01467078,0.012616251,0.000530487,0.000550844,0.002311862,0.002554582,0.010168896,0.009732786,0.511412855,0.489313693
SIMVASTATIN,FL,HIGH CHOLESTEROL,2530577,5,South,South Atlantic,19845911,300290,218333,181024,1732745,1608383,7867334,7597326,291155,250381,10528,10932,45881,50698,201811,193156,0.087309925,0.081043546,0.396420905,0.382815684,0.01467078,0.012616251,0.000530487,0.000550844,0.002311862,0.002554582,0.010168896,0.009732786,0.511412855,0.489313693
FUROSEMIDE,IA,HIGH BLOOD PRESSURE,415937,5,Midwest,West North Central ,3109350,16353,39463,28884,50325,56876,1443442,1414337,36051,36767,1477,1642,7631,7816,26418,26722,0.016185055,0.018291926,0.464226285,0.454865808,0.011594385,0.011824658,0.000475019,0.000528085,0.002454211,0.002513709,0.00849631,0.008594079,0.503431264,0.496618264
LEVOTHYROXINE SODIUM,IA,HYPOTHYROIDISM,573383,1,Midwest,West North Central ,3109350,16353,39463,28884,50325,56876,1443442,1414337,36051,36767,1477,1642,7631,7816,26418,26722,0.016185055,0.018291926,0.464226285,0.454865808,0.011594385,0.011824658,0.000475019,0.000528085,0.002454211,0.002513709,0.00849631,0.008594079,0.503431264,0.496618264
LISINOPRIL,IA,HIGH BLOOD PRESSURE,452970,4,Midwest,West North Central ,3109350,16353,39463,28884,50325,56876,1443442,1414337,36051,36767,1477,1642,7631,7816,26418,26722,0.016185055,0.018291926,0.464226285,0.454865808,0.011594385,0.011824658,0.000475019,0.000528085,0.002454211,0.002513709,0.00849631,0.008594079,0.503431264,0.496618264
OMEPRAZOLE,IA,GASTROESOPHAGEAL REFLUX DISEASE,506790,2,Midwest,West North Central ,3109350,16353,39463,28884,50325,56876,1443442,1414337,36051,36767,1477,1642,7631,7816,26418,26722,0.016185055,0.018291926,0.464226285,0.454865808,0.011594385,0.011824658,0.000475019,0.000528085,0.002454211,0.002513709,0.00849631,0.008594079,0.503431264,0.496618264
SIMVASTATIN,IA,HIGH CHOLESTEROL,494283,3,Midwest,West North Central ,3109350,16353,39463,28884,50325,56876,1443442,1414337,36051,36767,1477,1642,7631,7816,26418,26722,0.016185055,0.018291926,0.464226285,0.454865808,0.011594385,0.011824658,0.000475019,0.000528085,0.002454211,0.002513709,0.00849631,0.008594079,0.503431264,0.496618264
HYDROCODONE/ACETAMINOPHEN,UT,SEVERE PAIN RELIEF,212502,3,West,Mountain,2936879,39239,50825,16284,16713,21668,1336991,1350931,36344,32443,13955,15111,22318,22450,33784,34691,0.005690735,0.0073779,0.455242112,0.459988648,0.012375042,0.011046761,0.004751643,0.005145258,0.007599224,0.007644169,0.011503368,0.011812199,0.497162123,0.503014935
LEVOTHYROXINE SODIUM,UT,HYPOTHYROIDISM,253237,1,West,Mountain,2936879,39239,50825,16284,16713,21668,1336991,1350931,36344,32443,13955,15111,22318,22450,33784,34691,0.005690735,0.0073779,0.455242112,0.459988648,0.012375042,0.011046761,0.004751643,0.005145258,0.007599224,0.007644169,0.011503368,0.011812199,0.497162123,0.503014935
LISINOPRIL,UT,HIGH BLOOD PRESSURE,176763,5,West,Mountain,2936879,39239,50825,16284,16713,21668,1336991,1350931,36344,32443,13955,15111,22318,22450,33784,34691,0.005690735,0.0073779,0.455242112,0.459988648,0.012375042,0.011046761,0.004751643,0.005145258,0.007599224,0.007644169,0.011503368,0.011812199,0.497162123,0.503014935
OMEPRAZOLE,UT,GASTROESOPHAGEAL REFLUX DISEASE,221872,2,West,Mountain,2936879,39239,50825,16284,16713,21668,1336991,1350931,36344,32443,13955,15111,22318,22450,33784,34691,0.005690735,0.0073779,0.455242112,0.459988648,0.012375042,0.011046761,0.004751643,0.005145258,0.007599224,0.007644169,0.011503368,0.011812199,0.497162123,0.503014935
SIMVASTATIN,UT,HIGH CHOLESTEROL,179038,4,West,Mountain,2936879,39239,50825,16284,16713,21668,1336991,1350931,36344,32443,13955,15111,22318,22450,33784,34691,0.005690735,0.0073779,0.455242112,0.459988648,0.012375042,0.011046761,0.004751643,0.005145258,0.007599224,0.007644169,0.011503368,0.011812199,0.497162123,0.503014935
AMLODIPINE BESYLATE,NE,HIGH BLOOD PRESSURE,229775,4,Midwest,West North Central ,1879321,14042,26467,15683,45063,47478,843624,835092,21608,20331,1028,1172,13120,13260,19057,18689,0.023978341,0.02526338,0.448898299,0.444358361,0.01149777,0.010818269,0.000547006,0.000623629,0.006981245,0.00705574,0.010140365,0.009944549,0.502043025,0.498063928
LEVOTHYROXINE SODIUM,NE,HYPOTHYROIDISM,336322,1,Midwest,West North Central ,1879321,14042,26467,15683,45063,47478,843624,835092,21608,20331,1028,1172,13120,13260,19057,18689,0.023978341,0.02526338,0.448898299,0.444358361,0.01149777,0.010818269,0.000547006,0.000623629,0.006981245,0.00705574,0.010140365,0.009944549,0.502043025,0.498063928
LISINOPRIL,NE,HIGH BLOOD PRESSURE,217050,5,Midwest,West North Central ,1879321,14042,26467,15683,45063,47478,843624,835092,21608,20331,1028,1172,13120,13260,19057,18689,0.023978341,0.02526338,0.448898299,0.444358361,0.01149777,0.010818269,0.000547006,0.000623629,0.006981245,0.00705574,0.010140365,0.009944549,0.502043025,0.498063928
OMEPRAZOLE,NE,GASTROESOPHAGEAL REFLUX DISEASE,259508,2,Midwest,West North Central ,1879321,14042,26467,15683,45063,47478,843624,835092,21608,20331,1028,1172,13120,13260,19057,18689,0.023978341,0.02526338,0.448898299,0.444358361,0.01149777,0.010818269,0.000547006,0.000623629,0.006981245,0.00705574,0.010140365,0.009944549,0.502043025,0.498063928
SIMVASTATIN,NE,HIGH CHOLESTEROL,231995,3,Midwest,West North Central ,1879321,14042,26467,15683,45063,47478,843624,835092,21608,20331,1028,1172,13120,13260,19057,18689,0.023978341,0.02526338,0.448898299,0.444358361,0.01149777,0.010818269,0.000547006,0.000623629,0.006981245,0.00705574,0.010140365,0.009944549,0.502043025,0.498063928
AMLODIPINE BESYLATE,OK,HIGH BLOOD PRESSURE,362665,5,South,West South Central ,3878187,24973,53074,38607,149087,149486,1466606,1443052,43077,39338,3292,3488,179415,176033,115131,110362,0.038442447,0.038545331,0.378167943,0.372094486,0.01110751,0.010143399,0.00084885,0.000899389,0.046262596,0.045390539,0.02968681,0.028457112,0.504516157,0.495530257
HYDROCODONE/ACETAMINOPHEN,OK,SEVERE PAIN RELIEF,638873,1,South,West South Central ,3878187,24973,53074,38607,149087,149486,1466606,1443052,43077,39338,3292,3488,179415,176033,115131,110362,0.038442447,0.038545331,0.378167943,0.372094486,0.01110751,0.010143399,0.00084885,0.000899389,0.046262596,0.045390539,0.02968681,0.028457112,0.504516157,0.495530257
LEVOTHYROXINE SODIUM,OK,HYPOTHYROIDISM,511119,2,South,West South Central ,3878187,24973,53074,38607,149087,149486,1466606,1443052,43077,39338,3292,3488,179415,176033,115131,110362,0.038442447,0.038545331,0.378167943,0.372094486,0.01110751,0.010143399,0.00084885,0.000899389,0.046262596,0.045390539,0.02968681,0.028457112,0.504516157,0.495530257
LISINOPRIL,OK,HIGH BLOOD PRESSURE,483921,3,South,West South Central ,3878187,24973,53074,38607,149087,149486,1466606,1443052,43077,39338,3292,3488,179415,176033,115131,110362,0.038442447,0.038545331,0.378167943,0.372094486,0.01110751,0.010143399,0.00084885,0.000899389,0.046262596,0.045390539,0.02968681,0.028457112,0.504516157,0.495530257
OMEPRAZOLE,OK,GASTROESOPHAGEAL REFLUX DISEASE,411505,4,South,West South Central ,3878187,24973,53074,38607,149087,149486,1466606,1443052,43077,39338,3292,3488,179415,176033,115131,110362,0.038442447,0.038545331,0.378167943,0.372094486,0.01110751,0.010143399,0.00084885,0.000899389,0.046262596,0.045390539,0.02968681,0.028457112,0.504516157,0.495530257
AMLODIPINE BESYLATE,IN,HIGH BLOOD PRESSURE,753640,4,Midwest,East North Central ,6593644,24931,83554,59833,326716,303412,2872098,2801550,68737,66752,1962,2002,12538,13381,63130,61255,0.049550143,0.04601583,0.435585846,0.424886451,0.010424736,0.010123689,0.000297559,0.000303626,0.001901528,0.002029379,0.009574372,0.009290007,0.507334184,0.492648981
HYDROCODONE/ACETAMINOPHEN,IN,SEVERE PAIN RELIEF,1037564,1,Midwest,East North Central ,6593644,24931,83554,59833,326716,303412,2872098,2801550,68737,66752,1962,2002,12538,13381,63130,61255,0.049550143,0.04601583,0.435585846,0.424886451,0.010424736,0.010123689,0.000297559,0.000303626,0.001901528,0.002029379,0.009574372,0.009290007,0.507334184,0.492648981
LEVOTHYROXINE SODIUM,IN,HYPOTHYROIDISM,987654,2,Midwest,East North Central ,6593644,24931,83554,59833,326716,303412,2872098,2801550,68737,66752,1962,2002,12538,13381,63130,61255,0.049550143,0.04601583,0.435585846,0.424886451,0.010424736,0.010123689,0.000297559,0.000303626,0.001901528,0.002029379,0.009574372,0.009290007,0.507334184,0.492648981
LISINOPRIL,IN,HIGH BLOOD PRESSURE,826217,3,Midwest,East North Central ,6593644,24931,83554,59833,326716,303412,2872098,2801550,68737,66752,1962,2002,12538,13381,63130,61255,0.049550143,0.04601583,0.435585846,0.424886451,0.010424736,0.010123689,0.000297559,0.000303626,0.001901528,0.002029379,0.009574372,0.009290007,0.507334184,0.492648981
OMEPRAZOLE,IN,GASTROESOPHAGEAL REFLUX DISEASE,697796,5,Midwest,East North Central ,6593644,24931,83554,59833,326716,303412,2872098,2801550,68737,66752,1962,2002,12538,13381,63130,61255,0.049550143,0.04601583,0.435585846,0.424886451,0.010424736,0.010123689,0.000297559,0.000303626,0.001901528,0.002029379,0.009574372,0.009290007,0.507334184,0.492648981
AMLODIPINE BESYLATE,OH,HIGH BLOOD PRESSURE,1469481,4,Midwest,East North Central ,11602700,26016,139559,111902,767136,702146,4891621,4724336,124048,114082,2910,3068,15375,16248,122790,119213,0.066117024,0.060515742,0.421593336,0.407175571,0.010691305,0.009832367,0.000250804,0.000264421,0.001325123,0.001400364,0.010582882,0.010274591,0.510560473,0.489463056
ATORVASTATIN CALCIUM,OH,HIGH CHOLESTEROL,1547748,3,Midwest,East North Central ,11602700,26016,139559,111902,767136,702146,4891621,4724336,124048,114082,2910,3068,15375,16248,122790,119213,0.066117024,0.060515742,0.421593336,0.407175571,0.010691305,0.009832367,0.000250804,0.000264421,0.001325123,0.001400364,0.010582882,0.010274591,0.510560473,0.489463056
LEVOTHYROXINE SODIUM,OH,HYPOTHYROIDISM,1813810,1,Midwest,East North Central ,11602700,26016,139559,111902,767136,702146,4891621,4724336,124048,114082,2910,3068,15375,16248,122790,119213,0.066117024,0.060515742,0.421593336,0.407175571,0.010691305,0.009832367,0.000250804,0.000264421,0.001325123,0.001400364,0.010582882,0.010274591,0.510560473,0.489463056
LISINOPRIL,OH,HIGH BLOOD PRESSURE,1778568,2,Midwest,East North Central ,11602700,26016,139559,111902,767136,702146,4891621,4724336,124048,114082,2910,3068,15375,16248,122790,119213,0.066117024,0.060515742,0.421593336,0.407175571,0.010691305,0.009832367,0.000250804,0.000264421,0.001325123,0.001400364,0.010582882,0.010274591,0.510560473,0.489463056
OMEPRAZOLE,OH,GASTROESOPHAGEAL REFLUX DISEASE,1406753,5,Midwest,East North Central ,11602700,26016,139559,111902,767136,702146,4891621,4724336,124048,114082,2910,3068,15375,16248,122790,119213,0.066117024,0.060515742,0.421593336,0.407175571,0.010691305,0.009832367,0.000250804,0.000264421,0.001325123,0.001400364,0.010582882,0.010274591,0.510560473,0.489463056
AMLODIPINE BESYLATE,MO,HIGH BLOOD PRESSURE,849608,4,Midwest,West North Central ,6056202,15487,75796,57101,374612,339944,2565916,2492256,60319,54425,4040,4219,16116,16742,64311,63393,0.061855929,0.056131549,0.423684018,0.41152128,0.009959873,0.008986655,0.000667085,0.000696641,0.002661074,0.002764439,0.010619032,0.010467451,0.50944701,0.490568016
HYDROCODONE/ACETAMINOPHEN,MO,SEVERE PAIN RELIEF,896785,3,Midwest,West North Central ,6056202,15487,75796,57101,374612,339944,2565916,2492256,60319,54425,4040,4219,16116,16742,64311,63393,0.061855929,0.056131549,0.423684018,0.41152128,0.009959873,0.008986655,0.000667085,0.000696641,0.002661074,0.002764439,0.010619032,0.010467451,0.50944701,0.490568016
LEVOTHYROXINE SODIUM,MO,HYPOTHYROIDISM,1054591,2,Midwest,West North Central ,6056202,15487,75796,57101,374612,339944,2565916,2492256,60319,54425,4040,4219,16116,16742,64311,63393,0.061855929,0.056131549,0.423684018,0.41152128,0.009959873,0.008986655,0.000667085,0.000696641,0.002661074,0.002764439,0.010619032,0.010467451,0.50944701,0.490568016
LISINOPRIL,MO,HIGH BLOOD PRESSURE,1064933,1,Midwest,West North Central ,6056202,15487,75796,57101,374612,339944,2565916,2492256,60319,54425,4040,4219,16116,16742,64311,63393,0.061855929,0.056131549,0.423684018,0.41152128,0.009959873,0.008986655,0.000667085,0.000696641,0.002661074,0.002764439,0.010619032,0.010467451,0.50944701,0.490568016
OMEPRAZOLE,MO,GASTROESOPHAGEAL REFLUX DISEASE,747908,5,Midwest,West North Central ,6056202,15487,75796,57101,374612,339944,2565916,2492256,60319,54425,4040,4219,16116,16742,64311,63393,0.061855929,0.056131549,0.423684018,0.41152128,0.009959873,0.008986655,0.000667085,0.000696641,0.002661074,0.002764439,0.010619032,0.010467451,0.50944701,0.490568016
AMLODIPINE BESYLATE,LA,HIGH BLOOD PRESSURE,729226,2,South,West South Central ,4644013,19486,64226,43592,792526,718546,1483359,1460474,40067,39181,1340,1489,17535,17877,36503,35307,0.170655422,0.154725234,0.319413189,0.314485338,0.008627667,0.008436884,0.000288544,0.000320628,0.003775829,0.003849472,0.007860228,0.007602692,0.510620879,0.489420249
ATORVASTATIN CALCIUM,LA,HIGH CHOLESTEROL,534791,5,South,West South Central ,4644013,19486,64226,43592,792526,718546,1483359,1460474,40067,39181,1340,1489,17535,17877,36503,35307,0.170655422,0.154725234,0.319413189,0.314485338,0.008627667,0.008436884,0.000288544,0.000320628,0.003775829,0.003849472,0.007860228,0.007602692,0.510620879,0.489420249
HYDROCODONE/ACETAMINOPHEN,LA,SEVERE PAIN RELIEF,795932,1,South,West South Central ,4644013,19486,64226,43592,792526,718546,1483359,1460474,40067,39181,1340,1489,17535,17877,36503,35307,0.170655422,0.154725234,0.319413189,0.314485338,0.008627667,0.008436884,0.000288544,0.000320628,0.003775829,0.003849472,0.007860228,0.007602692,0.510620879,0.489420249
LEVOTHYROXINE SODIUM,LA,HYPOTHYROIDISM,692907,3,South,West South Central ,4644013,19486,64226,43592,792526,718546,1483359,1460474,40067,39181,1340,1489,17535,17877,36503,35307,0.170655422,0.154725234,0.319413189,0.314485338,0.008627667,0.008436884,0.000288544,0.000320628,0.003775829,0.003849472,0.007860228,0.007602692,0.510620879,0.489420249
LISINOPRIL,LA,HIGH BLOOD PRESSURE,567226,4,South,West South Central ,4644013,19486,64226,43592,792526,718546,1483359,1460474,40067,39181,1340,1489,17535,17877,36503,35307,0.170655422,0.154725234,0.319413189,0.314485338,0.008627667,0.008436884,0.000288544,0.000320628,0.003775829,0.003849472,0.007860228,0.007602692,0.510620879,0.489420249
AMLODIPINE BESYLATE,TN,HIGH BLOOD PRESSURE,928129,5,South,East South Central ,6541223,46883,80458,63582,588457,528856,2628833,2533959,58841,52477,2838,3175,13507,15236,58298,56349,0.089961312,0.080849713,0.401887078,0.387383063,0.008995413,0.008022506,0.000433864,0.000485383,0.002064904,0.002329228,0.008912401,0.008614444,0.512254971,0.487684337
HYDROCODONE/ACETAMINOPHEN,TN,SEVERE PAIN RELIEF,1377467,1,South,East South Central ,6541223,46883,80458,63582,588457,528856,2628833,2533959,58841,52477,2838,3175,13507,15236,58298,56349,0.089961312,0.080849713,0.401887078,0.387383063,0.008995413,0.008022506,0.000433864,0.000485383,0.002064904,0.002329228,0.008912401,0.008614444,0.512254971,0.487684337
LEVOTHYROXINE SODIUM,TN,HYPOTHYROIDISM,1106073,2,South,East South Central ,6541223,46883,80458,63582,588457,528856,2628833,2533959,58841,52477,2838,3175,13507,15236,58298,56349,0.089961312,0.080849713,0.401887078,0.387383063,0.008995413,0.008022506,0.000433864,0.000485383,0.002064904,0.002329228,0.008912401,0.008614444,0.512254971,0.487684337
LISINOPRIL,TN,HIGH BLOOD PRESSURE,1023828,3,South,East South Central ,6541223,46883,80458,63582,588457,528856,2628833,2533959,58841,52477,2838,3175,13507,15236,58298,56349,0.089961312,0.080849713,0.401887078,0.387383063,0.008995413,0.008022506,0.000433864,0.000485383,0.002064904,0.002329228,0.008912401,0.008614444,0.512254971,0.487684337
OMEPRAZOLE,TN,GASTROESOPHAGEAL REFLUX DISEASE,933551,4,South,East South Central ,6541223,46883,80458,63582,588457,528856,2628833,2533959,58841,52477,2838,3175,13507,15236,58298,56349,0.089961312,0.080849713,0.401887078,0.387383063,0.008995413,0.008022506,0.000433864,0.000485383,0.002064904,0.002329228,0.008912401,0.008614444,0.512254971,0.487684337
HYDROCODONE/ACETAMINOPHEN,NM,SEVERE PAIN RELIEF,163685,5,West,Mountain,2089568,-2705,26364,17139,23400,27940,871973,856692,19196,15861,1588,1660,113747,107885,25278,25122,0.011198487,0.013371185,0.417298217,0.409985222,0.009186588,0.007590564,0.000759966,0.000794423,0.054435654,0.051630289,0.012097237,0.012022581,0.504976148,0.495394263
LEVOTHYROXINE SODIUM,NM,HYPOTHYROIDISM,290021,1,West,Mountain,2089568,-2705,26364,17139,23400,27940,871973,856692,19196,15861,1588,1660,113747,107885,25278,25122,0.011198487,0.013371185,0.417298217,0.409985222,0.009186588,0.007590564,0.000759966,0.000794423,0.054435654,0.051630289,0.012097237,0.012022581,0.504976148,0.495394263
LISINOPRIL,NM,HIGH BLOOD PRESSURE,261362,2,West,Mountain,2089568,-2705,26364,17139,23400,27940,871973,856692,19196,15861,1588,1660,113747,107885,25278,25122,0.011198487,0.013371185,0.417298217,0.409985222,0.009186588,0.007590564,0.000759966,0.000794423,0.054435654,0.051630289,0.012097237,0.012022581,0.504976148,0.495394263
OMEPRAZOLE,NM,GASTROESOPHAGEAL REFLUX DISEASE,164980,4,West,Mountain,2089568,-2705,26364,17139,23400,27940,871973,856692,19196,15861,1588,1660,113747,107885,25278,25122,0.011198487,0.013371185,0.417298217,0.409985222,0.009186588,0.007590564,0.000759966,0.000794423,0.054435654,0.051630289,0.012097237,0.012022581,0.504976148,0.495394263
SIMVASTATIN,NM,HIGH CHOLESTEROL,171642,3,West,Mountain,2089568,-2705,26364,17139,23400,27940,871973,856692,19196,15861,1588,1660,113747,107885,25278,25122,0.011198487,0.013371185,0.417298217,0.409985222,0.009186588,0.007590564,0.000759966,0.000794423,0.054435654,0.051630289,0.012097237,0.012022581,0.504976148,0.495394263
AMLODIPINE BESYLATE,AR,HIGH BLOOD PRESSURE,452471,4,South,West South Central ,2967392,7992,38225,29967,242782,220829,1197204,1168630,23362,21531,4092,4396,14008,13939,28791,28162,0.081816626,0.074418547,0.403453268,0.393823937,0.007872907,0.007255866,0.001378989,0.001481436,0.004720644,0.004697391,0.009702459,0.009490489,0.508944892,0.491167665
HYDROCODONE/ACETAMINOPHEN,AR,SEVERE PAIN RELIEF,587738,1,South,West South Central ,2967392,7992,38225,29967,242782,220829,1197204,1168630,23362,21531,4092,4396,14008,13939,28791,28162,0.081816626,0.074418547,0.403453268,0.393823937,0.007872907,0.007255866,0.001378989,0.001481436,0.004720644,0.004697391,0.009702459,0.009490489,0.508944892,0.491167665
LEVOTHYROXINE SODIUM,AR,HYPOTHYROIDISM,504114,2,South,West South Central ,2967392,7992,38225,29967,242782,220829,1197204,1168630,23362,21531,4092,4396,14008,13939,28791,28162,0.081816626,0.074418547,0.403453268,0.393823937,0.007872907,0.007255866,0.001378989,0.001481436,0.004720644,0.004697391,0.009702459,0.009490489,0.508944892,0.491167665
LISINOPRIL,AR,HIGH BLOOD PRESSURE,499301,3,South,West South Central ,2967392,7992,38225,29967,242782,220829,1197204,1168630,23362,21531,4092,4396,14008,13939,28791,28162,0.081816626,0.074418547,0.403453268,0.393823937,0.007872907,0.007255866,0.001378989,0.001481436,0.004720644,0.004697391,0.009702459,0.009490489,0.508944892,0.491167665
OMEPRAZOLE,AR,GASTROESOPHAGEAL REFLUX DISEASE,421869,5,South,West South Central ,2967392,7992,38225,29967,242782,220829,1197204,1168630,23362,21531,4092,4396,14008,13939,28791,28162,0.081816626,0.074418547,0.403453268,0.393823937,0.007872907,0.007255866,0.001378989,0.001481436,0.004720644,0.004697391,0.009702459,0.009490489,0.508944892,0.491167665
AMLODIPINE BESYLATE,SC,HIGH BLOOD PRESSURE,690833,2,South,South Atlantic,4823617,59537,57287,44538,712006,628821,1672997,1623389,39177,34470,2048,2445,12290,13540,42220,40390,0.14760832,0.130362962,0.346834543,0.336550145,0.008121913,0.00714609,0.000424578,0.000506881,0.002547881,0.002807022,0.008752768,0.008373385,0.514290003,0.485746484
ATORVASTATIN CALCIUM,SC,HIGH CHOLESTEROL,546084,5,South,South Atlantic,4823617,59537,57287,44538,712006,628821,1672997,1623389,39177,34470,2048,2445,12290,13540,42220,40390,0.14760832,0.130362962,0.346834543,0.336550145,0.008121913,0.00714609,0.000424578,0.000506881,0.002547881,0.002807022,0.008752768,0.008373385,0.514290003,0.485746484
HYDROCODONE/ACETAMINOPHEN,SC,SEVERE PAIN RELIEF,705275,1,South,South Atlantic,4823617,59537,57287,44538,712006,628821,1672997,1623389,39177,34470,2048,2445,12290,13540,42220,40390,0.14760832,0.130362962,0.346834543,0.336550145,0.008121913,0.00714609,0.000424578,0.000506881,0.002547881,0.002807022,0.008752768,0.008373385,0.514290003,0.485746484
LEVOTHYROXINE SODIUM,SC,HYPOTHYROIDISM,679421,3,South,South Atlantic,4823617,59537,57287,44538,712006,628821,1672997,1623389,39177,34470,2048,2445,12290,13540,42220,40390,0.14760832,0.130362962,0.346834543,0.336550145,0.008121913,0.00714609,0.000424578,0.000506881,0.002547881,0.002807022,0.008752768,0.008373385,0.514290003,0.485746484
LISINOPRIL,SC,HIGH BLOOD PRESSURE,557054,4,South,South Atlantic,4823617,59537,57287,44538,712006,628821,1672997,1623389,39177,34470,2048,2445,12290,13540,42220,40390,0.14760832,0.130362962,0.346834543,0.336550145,0.008121913,0.00714609,0.000424578,0.000506881,0.002547881,0.002807022,0.008752768,0.008373385,0.514290003,0.485746484
ATORVASTATIN CALCIUM,VT,HIGH CHOLESTEROL,46168,5,Northeast,New England ,625214,-996,6118,5601,3280,4191,301126,293299,5301,4211,94,105,1118,1212,5780,5501,0.005246204,0.006703305,0.481636688,0.469117774,0.008478697,0.006735294,0.000150349,0.000167942,0.001788188,0.001938536,0.009244835,0.008798587,0.506544959,0.493461439
LEVOTHYROXINE SODIUM,VT,HYPOTHYROIDISM,70087,3,Northeast,New England ,625214,-996,6118,5601,3280,4191,301126,293299,5301,4211,94,105,1118,1212,5780,5501,0.005246204,0.006703305,0.481636688,0.469117774,0.008478697,0.006735294,0.000150349,0.000167942,0.001788188,0.001938536,0.009244835,0.008798587,0.506544959,0.493461439
LISINOPRIL,VT,HIGH BLOOD PRESSURE,74747,1,Northeast,New England ,625214,-996,6118,5601,3280,4191,301126,293299,5301,4211,94,105,1118,1212,5780,5501,0.005246204,0.006703305,0.481636688,0.469117774,0.008478697,0.006735294,0.000150349,0.000167942,0.001788188,0.001938536,0.009244835,0.008798587,0.506544959,0.493461439
OMEPRAZOLE,VT,GASTROESOPHAGEAL REFLUX DISEASE,70249,2,Northeast,New England ,625214,-996,6118,5601,3280,4191,301126,293299,5301,4211,94,105,1118,1212,5780,5501,0.005246204,0.006703305,0.481636688,0.469117774,0.008478697,0.006735294,0.000150349,0.000167942,0.001788188,0.001938536,0.009244835,0.008798587,0.506544959,0.493461439
SIMVASTATIN,VT,HIGH CHOLESTEROL,69701,4,Northeast,New England ,625214,-996,6118,5601,3280,4191,301126,293299,5301,4211,94,105,1118,1212,5780,5501,0.005246204,0.006703305,0.481636688,0.469117774,0.008478697,0.006735294,0.000150349,0.000167942,0.001788188,0.001938536,0.009244835,0.008798587,0.506544959,0.493461439
FUROSEMIDE,ND,HIGH BLOOD PRESSURE,101269,3,Midwest,West North Central ,737401,15365,10974,6204,6288,9273,320822,335991,4716,4930,200,235,20558,20136,7071,7162,0.008527246,0.012575247,0.435071284,0.455642181,0.006395435,0.006685643,0.000271223,0.000318687,0.027878997,0.027306716,0.009589084,0.00971249,0.487733269,0.512240965
LEVOTHYROXINE SODIUM,ND,HYPOTHYROIDISM,120810,1,Midwest,West North Central ,737401,15365,10974,6204,6288,9273,320822,335991,4716,4930,200,235,20558,20136,7071,7162,0.008527246,0.012575247,0.435071284,0.455642181,0.006395435,0.006685643,0.000271223,0.000318687,0.027878997,0.027306716,0.009589084,0.00971249,0.487733269,0.512240965
LISINOPRIL,ND,HIGH BLOOD PRESSURE,99981,4,Midwest,West North Central ,737401,15365,10974,6204,6288,9273,320822,335991,4716,4930,200,235,20558,20136,7071,7162,0.008527246,0.012575247,0.435071284,0.455642181,0.006395435,0.006685643,0.000271223,0.000318687,0.027878997,0.027306716,0.009589084,0.00971249,0.487733269,0.512240965
OMEPRAZOLE,ND,GASTROESOPHAGEAL REFLUX DISEASE,94011,5,Midwest,West North Central ,737401,15365,10974,6204,6288,9273,320822,335991,4716,4930,200,235,20558,20136,7071,7162,0.008527246,0.012575247,0.435071284,0.455642181,0.006395435,0.006685643,0.000271223,0.000318687,0.027878997,0.027306716,0.009589084,0.00971249,0.487733269,0.512240965
SIMVASTATIN,ND,HIGH CHOLESTEROL,106321,2,Midwest,West North Central ,737401,15365,10974,6204,6288,9273,320822,335991,4716,4930,200,235,20558,20136,7071,7162,0.008527246,0.012575247,0.435071284,0.455642181,0.006395435,0.006685643,0.000271223,0.000318687,0.027878997,0.027306716,0.009589084,0.00971249,0.487733269,0.512240965
AMLODIPINE BESYLATE,KY,HIGH BLOOD PRESSURE,672849,5,South,East South Central ,4414349,9690,55758,43645,181712,179411,1979329,1918608,32004,29084,1661,1927,6132,6695,39308,38612,0.041163941,0.040642686,0.448385255,0.434629885,0.007249993,0.006588514,0.000376273,0.000436531,0.001389106,0.001516645,0.008904597,0.00874693,0.507469165,0.492561191
HYDROCODONE/ACETAMINOPHEN,KY,SEVERE PAIN RELIEF,983844,1,South,East South Central ,4414349,9690,55758,43645,181712,179411,1979329,1918608,32004,29084,1661,1927,6132,6695,39308,38612,0.041163941,0.040642686,0.448385255,0.434629885,0.007249993,0.006588514,0.000376273,0.000436531,0.001389106,0.001516645,0.008904597,0.00874693,0.507469165,0.492561191
LEVOTHYROXINE SODIUM,KY,HYPOTHYROIDISM,873862,3,South,East South Central ,4414349,9690,55758,43645,181712,179411,1979329,1918608,32004,29084,1661,1927,6132,6695,39308,38612,0.041163941,0.040642686,0.448385255,0.434629885,0.007249993,0.006588514,0.000376273,0.000436531,0.001389106,0.001516645,0.008904597,0.00874693,0.507469165,0.492561191
LISINOPRIL,KY,HIGH BLOOD PRESSURE,874805,2,South,East South Central ,4414349,9690,55758,43645,181712,179411,1979329,1918608,32004,29084,1661,1927,6132,6695,39308,38612,0.041163941,0.040642686,0.448385255,0.434629885,0.007249993,0.006588514,0.000376273,0.000436531,0.001389106,0.001516645,0.008904597,0.00874693,0.507469165,0.492561191
OMEPRAZOLE,KY,GASTROESOPHAGEAL REFLUX DISEASE,713061,4,South,East South Central ,4414349,9690,55758,43645,181712,179411,1979329,1918608,32004,29084,1661,1927,6132,6695,39308,38612,0.041163941,0.040642686,0.448385255,0.434629885,0.007249993,0.006588514,0.000376273,0.000436531,0.001389106,0.001516645,0.008904597,0.00874693,0.507469165,0.492561191
AMLODIPINE BESYLATE,AL,HIGH BLOOD PRESSURE,708626,4,South,East South Central ,4841799,11718,58903,49712,688744,602366,1714795,1658503,34625,30432,2255,2668,16355,16729,38232,36777,0.142249606,0.124409543,0.354164847,0.342538589,0.007151268,0.006285267,0.000465736,0.000551035,0.003377877,0.003455121,0.007896239,0.00759573,0.515305571,0.484835285
HYDROCODONE/ACETAMINOPHEN,AL,SEVERE PAIN RELIEF,1214392,1,South,East South Central ,4841799,11718,58903,49712,688744,602366,1714795,1658503,34625,30432,2255,2668,16355,16729,38232,36777,0.142249606,0.124409543,0.354164847,0.342538589,0.007151268,0.006285267,0.000465736,0.000551035,0.003377877,0.003455121,0.007896239,0.00759573,0.515305571,0.484835285
LEVOTHYROXINE SODIUM,AL,HYPOTHYROIDISM,733869,3,South,East South Central ,4841799,11718,58903,49712,688744,602366,1714795,1658503,34625,30432,2255,2668,16355,16729,38232,36777,0.142249606,0.124409543,0.354164847,0.342538589,0.007151268,0.006285267,0.000465736,0.000551035,0.003377877,0.003455121,0.007896239,0.00759573,0.515305571,0.484835285
LISINOPRIL,AL,HIGH BLOOD PRESSURE,608947,5,South,East South Central ,4841799,11718,58903,49712,688744,602366,1714795,1658503,34625,30432,2255,2668,16355,16729,38232,36777,0.142249606,0.124409543,0.354164847,0.342538589,0.007151268,0.006285267,0.000465736,0.000551035,0.003377877,0.003455121,0.007896239,0.00759573,0.515305571,0.484835285
OMEPRAZOLE,AL,GASTROESOPHAGEAL REFLUX DISEASE,762739,2,South,East South Central ,4841799,11718,58903,49712,688744,602366,1714795,1658503,34625,30432,2255,2668,16355,16729,38232,36777,0.142249606,0.124409543,0.354164847,0.342538589,0.007151268,0.006285267,0.000465736,0.000551035,0.003377877,0.003455121,0.007896239,0.00759573,0.515305571,0.484835285
HYDROCODONE/ACETAMINOPHEN,ID,SEVERE PAIN RELIEF,211529,2,West,Mountain,1631112,19906,22422,12533,5540,7527,762268,765388,12443,10245,1526,1720,13957,14188,18328,18349,0.003396456,0.004614643,0.467330263,0.469243069,0.007628538,0.006280991,0.000935558,0.001054495,0.008556739,0.00869836,0.011236506,0.011249381,0.49908406,0.501140939
LEVOTHYROXINE SODIUM,ID,HYPOTHYROIDISM,221413,1,West,Mountain,1631112,19906,22422,12533,5540,7527,762268,765388,12443,10245,1526,1720,13957,14188,18328,18349,0.003396456,0.004614643,0.467330263,0.469243069,0.007628538,0.006280991,0.000935558,0.001054495,0.008556739,0.00869836,0.011236506,0.011249381,0.49908406,0.501140939
LISINOPRIL,ID,HIGH BLOOD PRESSURE,162318,4,West,Mountain,1631112,19906,22422,12533,5540,7527,762268,765388,12443,10245,1526,1720,13957,14188,18328,18349,0.003396456,0.004614643,0.467330263,0.469243069,0.007628538,0.006280991,0.000935558,0.001054495,0.008556739,0.00869836,0.011236506,0.011249381,0.49908406,0.501140939
OMEPRAZOLE,ID,GASTROESOPHAGEAL REFLUX DISEASE,172212,3,West,Mountain,1631112,19906,22422,12533,5540,7527,762268,765388,12443,10245,1526,1720,13957,14188,18328,18349,0.003396456,0.004614643,0.467330263,0.469243069,0.007628538,0.006280991,0.000935558,0.001054495,0.008556739,0.00869836,0.011236506,0.011249381,0.49908406,0.501140939
SIMVASTATIN,ID,HIGH CHOLESTEROL,128065,5,West,Mountain,1631112,19906,22422,12533,5540,7527,762268,765388,12443,10245,1526,1720,13957,14188,18328,18349,0.003396456,0.004614643,0.467330263,0.469243069,0.007628538,0.006280991,0.000935558,0.001054495,0.008556739,0.00869836,0.011236506,0.011249381,0.49908406,0.501140939
FUROSEMIDE,SD,HIGH BLOOD PRESSURE,101650,5,Midwest,West North Central ,849129,6813,12439,7159,6019,9129,361764,365597,5418,5189,260,323,39037,38079,9158,9115,0.00708844,0.010751017,0.426041273,0.43055531,0.006380656,0.006110968,0.000306196,0.00038039,0.045972991,0.044844776,0.010785169,0.010734529,0.496574725,0.50337699
LEVOTHYROXINE SODIUM,SD,HYPOTHYROIDISM,157701,1,Midwest,West North Central ,849129,6813,12439,7159,6019,9129,361764,365597,5418,5189,260,323,39037,38079,9158,9115,0.00708844,0.010751017,0.426041273,0.43055531,0.006380656,0.006110968,0.000306196,0.00038039,0.045972991,0.044844776,0.010785169,0.010734529,0.496574725,0.50337699
LISINOPRIL,SD,HIGH BLOOD PRESSURE,113716,3,Midwest,West North Central ,849129,6813,12439,7159,6019,9129,361764,365597,5418,5189,260,323,39037,38079,9158,9115,0.00708844,0.010751017,0.426041273,0.43055531,0.006380656,0.006110968,0.000306196,0.00038039,0.045972991,0.044844776,0.010785169,0.010734529,0.496574725,0.50337699
OMEPRAZOLE,SD,GASTROESOPHAGEAL REFLUX DISEASE,124963,2,Midwest,West North Central ,849129,6813,12439,7159,6019,9129,361764,365597,5418,5189,260,323,39037,38079,9158,9115,0.00708844,0.010751017,0.426041273,0.43055531,0.006380656,0.006110968,0.000306196,0.00038039,0.045972991,0.044844776,0.010785169,0.010734529,0.496574725,0.50337699
SIMVASTATIN,SD,HIGH CHOLESTEROL,106412,4,Midwest,West North Central ,849129,6813,12439,7159,6019,9129,361764,365597,5418,5189,260,323,39037,38079,9158,9115,0.00708844,0.010751017,0.426041273,0.43055531,0.006380656,0.006110968,0.000306196,0.00038039,0.045972991,0.044844776,0.010785169,0.010734529,0.496574725,0.50337699
ATORVASTATIN CALCIUM,ME,HIGH CHOLESTEROL,167375,3,Northeast,New England ,1330513,2504,12704,13350,8628,10747,645847,618633,8744,6877,212,225,4643,4482,10935,10787,0.006484717,0.008077336,0.485412018,0.464958253,0.006571901,0.005168683,0.000159337,0.000169108,0.003489631,0.003368625,0.008218634,0.008107399,0.510336239,0.489849404
LEVOTHYROXINE SODIUM,ME,HYPOTHYROIDISM,208146,2,Northeast,New England ,1330513,2504,12704,13350,8628,10747,645847,618633,8744,6877,212,225,4643,4482,10935,10787,0.006484717,0.008077336,0.485412018,0.464958253,0.006571901,0.005168683,0.000159337,0.000169108,0.003489631,0.003368625,0.008218634,0.008107399,0.510336239,0.489849404
LISINOPRIL,ME,HIGH BLOOD PRESSURE,208297,1,Northeast,New England ,1330513,2504,12704,13350,8628,10747,645847,618633,8744,6877,212,225,4643,4482,10935,10787,0.006484717,0.008077336,0.485412018,0.464958253,0.006571901,0.005168683,0.000159337,0.000169108,0.003489631,0.003368625,0.008218634,0.008107399,0.510336239,0.489849404
OMEPRAZOLE,ME,GASTROESOPHAGEAL REFLUX DISEASE,165299,4,Northeast,New England ,1330513,2504,12704,13350,8628,10747,645847,618633,8744,6877,212,225,4643,4482,10935,10787,0.006484717,0.008077336,0.485412018,0.464958253,0.006571901,0.005168683,0.000159337,0.000169108,0.003489631,0.003368625,0.008218634,0.008107399,0.510336239,0.489849404
SIMVASTATIN,ME,HIGH CHOLESTEROL,155823,5,Northeast,New England ,1330513,2504,12704,13350,8628,10747,645847,618633,8744,6877,212,225,4643,4482,10935,10787,0.006484717,0.008077336,0.485412018,0.464958253,0.006571901,0.005168683,0.000159337,0.000169108,0.003489631,0.003368625,0.008218634,0.008107399,0.510336239,0.489849404
AMLODIPINE BESYLATE,MS,HIGH BLOOD PRESSURE,536543,2,South,East South Central ,2990468,1757,38723,30592,593748,528956,901017,882191,15981,14274,745,958,8822,8809,17906,17216,0.19854685,0.176880676,0.301296319,0.295000983,0.00534398,0.004773166,0.000249125,0.000320351,0.00295004,0.002945693,0.005987692,0.005756958,0.514374004,0.485677827
HYDROCODONE/ACETAMINOPHEN,MS,SEVERE PAIN RELIEF,623289,1,South,East South Central ,2990468,1757,38723,30592,593748,528956,901017,882191,15981,14274,745,958,8822,8809,17906,17216,0.19854685,0.176880676,0.301296319,0.295000983,0.00534398,0.004773166,0.000249125,0.000320351,0.00295004,0.002945693,0.005987692,0.005756958,0.514374004,0.485677827
LEVOTHYROXINE SODIUM,MS,HYPOTHYROIDISM,419670,4,South,East South Central ,2990468,1757,38723,30592,593748,528956,901017,882191,15981,14274,745,958,8822,8809,17906,17216,0.19854685,0.176880676,0.301296319,0.295000983,0.00534398,0.004773166,0.000249125,0.000320351,0.00295004,0.002945693,0.005987692,0.005756958,0.514374004,0.485677827
LISINOPRIL,MS,HIGH BLOOD PRESSURE,406364,5,South,East South Central ,2990468,1757,38723,30592,593748,528956,901017,882191,15981,14274,745,958,8822,8809,17906,17216,0.19854685,0.176880676,0.301296319,0.295000983,0.00534398,0.004773166,0.000249125,0.000320351,0.00295004,0.002945693,0.005987692,0.005756958,0.514374004,0.485677827
OMEPRAZOLE,MS,GASTROESOPHAGEAL REFLUX DISEASE,455311,3,South,East South Central ,2990468,1757,38723,30592,593748,528956,901017,882191,15981,14274,745,958,8822,8809,17906,17216,0.19854685,0.176880676,0.301296319,0.295000983,0.00534398,0.004773166,0.000249125,0.000320351,0.00295004,0.002945693,0.005987692,0.005756958,0.514374004,0.485677827
HYDROCODONE/ACETAMINOPHEN,WY,SEVERE PAIN RELIEF,41874,5,West,Mountain,582531,409,7714,4527,3211,4648,265385,276343,2967,2445,266,301,7747,7960,5582,5693,0.005512153,0.007978975,0.455572321,0.474383338,0.005093291,0.004197202,0.000456628,0.000516711,0.013298863,0.013664509,0.009582323,0.00977287,0.489515579,0.510513604
LEVOTHYROXINE SODIUM,WY,HYPOTHYROIDISM,78676,1,West,Mountain,582531,409,7714,4527,3211,4648,265385,276343,2967,2445,266,301,7747,7960,5582,5693,0.005512153,0.007978975,0.455572321,0.474383338,0.005093291,0.004197202,0.000456628,0.000516711,0.013298863,0.013664509,0.009582323,0.00977287,0.489515579,0.510513604
LISINOPRIL,WY,HIGH BLOOD PRESSURE,51226,2,West,Mountain,582531,409,7714,4527,3211,4648,265385,276343,2967,2445,266,301,7747,7960,5582,5693,0.005512153,0.007978975,0.455572321,0.474383338,0.005093291,0.004197202,0.000456628,0.000516711,0.013298863,0.013664509,0.009582323,0.00977287,0.489515579,0.510513604
OMEPRAZOLE,WY,GASTROESOPHAGEAL REFLUX DISEASE,41966,4,West,Mountain,582531,409,7714,4527,3211,4648,265385,276343,2967,2445,266,301,7747,7960,5582,5693,0.005512153,0.007978975,0.455572321,0.474383338,0.005093291,0.004197202,0.000456628,0.000516711,0.013298863,0.013664509,0.009582323,0.00977287,0.489515579,0.510513604
SIMVASTATIN,WY,HIGH CHOLESTEROL,44117,3,West,Mountain,582531,409,7714,4527,3211,4648,265385,276343,2967,2445,266,301,7747,7960,5582,5693,0.005512153,0.007978975,0.455572321,0.474383338,0.005093291,0.004197202,0.000456628,0.000516711,0.013298863,0.013664509,0.009582323,0.00977287,0.489515579,0.510513604
FUROSEMIDE,WV,HIGH BLOOD PRESSURE,266034,5,South,South Atlantic,1849489,-4425,20574,21655,30114,35385,880860,854097,7899,6910,240,270,2048,2302,14582,14760,0.016282335,0.019132312,0.476272095,0.461801611,0.004270909,0.003736167,0.000129766,0.000145986,0.001107333,0.001244668,0.00788434,0.007980583,0.505946778,0.494041327
HYDROCODONE/ACETAMINOPHEN,WV,SEVERE PAIN RELIEF,400423,1,South,South Atlantic,1849489,-4425,20574,21655,30114,35385,880860,854097,7899,6910,240,270,2048,2302,14582,14760,0.016282335,0.019132312,0.476272095,0.461801611,0.004270909,0.003736167,0.000129766,0.000145986,0.001107333,0.001244668,0.00788434,0.007980583,0.505946778,0.494041327
LEVOTHYROXINE SODIUM,WV,HYPOTHYROIDISM,397918,2,South,South Atlantic,1849489,-4425,20574,21655,30114,35385,880860,854097,7899,6910,240,270,2048,2302,14582,14760,0.016282335,0.019132312,0.476272095,0.461801611,0.004270909,0.003736167,0.000129766,0.000145986,0.001107333,0.001244668,0.00788434,0.007980583,0.505946778,0.494041327
LISINOPRIL,WV,HIGH BLOOD PRESSURE,343239,3,South,South Atlantic,1849489,-4425,20574,21655,30114,35385,880860,854097,7899,6910,240,270,2048,2302,14582,14760,0.016282335,0.019132312,0.476272095,0.461801611,0.004270909,0.003736167,0.000129766,0.000145986,0.001107333,0.001244668,0.00788434,0.007980583,0.505946778,0.494041327
OMEPRAZOLE,WV,GASTROESOPHAGEAL REFLUX DISEASE,302383,4,South,South Atlantic,1849489,-4425,20574,21655,30114,35385,880860,854097,7899,6910,240,270,2048,2302,14582,14760,0.016282335,0.019132312,0.476272095,0.461801611,0.004270909,0.003736167,0.000129766,0.000145986,0.001107333,0.001244668,0.00788434,0.007980583,0.505946778,0.494041327
HYDROCODONE/ACETAMINOPHEN,MT,SEVERE PAIN RELIEF,115081,3,West,Mountain,1021869,8300,12380,9370,2159,3384,453410,459676,4832,3474,356,478,34217,33764,13012,13129,0.002112795,0.003311579,0.443706581,0.449838482,0.00472859,0.003399653,0.000348381,0.00046777,0.033484723,0.033041417,0.01273353,0.012848027,0.497114601,0.502906928
LEVOTHYROXINE SODIUM,MT,HYPOTHYROIDISM,155249,1,West,Mountain,1021869,8300,12380,9370,2159,3384,453410,459676,4832,3474,356,478,34217,33764,13012,13129,0.002112795,0.003311579,0.443706581,0.449838482,0.00472859,0.003399653,0.000348381,0.00046777,0.033484723,0.033041417,0.01273353,0.012848027,0.497114601,0.502906928
LISINOPRIL,MT,HIGH BLOOD PRESSURE,116479,2,West,Mountain,1021869,8300,12380,9370,2159,3384,453410,459676,4832,3474,356,478,34217,33764,13012,13129,0.002112795,0.003311579,0.443706581,0.449838482,0.00472859,0.003399653,0.000348381,0.00046777,0.033484723,0.033041417,0.01273353,0.012848027,0.497114601,0.502906928
OMEPRAZOLE,MT,GASTROESOPHAGEAL REFLUX DISEASE,102002,5,West,Mountain,1021869,8300,12380,9370,2159,3384,453410,459676,4832,3474,356,478,34217,33764,13012,13129,0.002112795,0.003311579,0.443706581,0.449838482,0.00472859,0.003399653,0.000348381,0.00046777,0.033484723,0.033041417,0.01273353,0.012848027,0.497114601,0.502906928
SIMVASTATIN,MT,HIGH CHOLESTEROL,112215,4,West,Mountain,1021869,8300,12380,9370,2159,3384,453410,459676,4832,3474,356,478,34217,33764,13012,13129,0.002112795,0.003311579,0.443706581,0.449838482,0.00472859,0.003399653,0.000348381,0.00046777,0.033484723,0.033041417,0.01273353,0.012848027,0.497114601,0.502906928