state,drug_name,treatment_for,total_claims_count,row_rank,REGION_name,DIVISION_name,POPESTIMATE2014,NPOPCHG_2014,BIRTHS2014,DEATHS2014,black_female,black_male,white_female,white_male,hispanic_female,hispanic_male,asian_female,asian_male,pac_islander_female,pac_islander_male,nat_amer_female,nat_amer_male,mult_rac_female,mult_rac_male,female_total,male_total
AK,HYDROCODONE/ACETAMINOPHEN,SEVERE PAIN RELIEF,28442,2,West,Pacific ,736283,-785,11443,4024,10360,13945,214138,243184,23318,25940,22639,20504,4294,4432,52436,53849,23531,23737,350716,385591
AK,LEVOTHYROXINE SODIUM,HYPOTHYROIDISM,34082,4,West,Pacific ,736283,-785,11443,4024,10360,13945,214138,243184,23318,25940,22639,20504,4294,4432,52436,53849,23531,23737,350716,385591
AK,LISINOPRIL,HIGH BLOOD PRESSURE,47684,5,West,Pacific ,736283,-785,11443,4024,10360,13945,214138,243184,23318,25940,22639,20504,4294,4432,52436,53849,23531,23737,350716,385591
AK,OMEPRAZOLE,GASTROESOPHAGEAL REFLUX DISEASE,33574,3,West,Pacific ,736283,-785,11443,4024,10360,13945,214138,243184,23318,25940,22639,20504,4294,4432,52436,53849,23531,23737,350716,385591
AK,SIMVASTATIN,HIGH CHOLESTEROL,28115,1,West,Pacific ,736283,-785,11443,4024,10360,13945,214138,243184,23318,25940,22639,20504,4294,4432,52436,53849,23531,23737,350716,385591
AL,AMLODIPINE BESYLATE,HIGH BLOOD PRESSURE,708626,2,South,East South Central ,4841799,11718,58903,49712,682064,594953,1638540,1569777,90529,105485,33959,29632,1148,1139,13622,13176,35144,33313,2495006,2347475
AL,HYDROCODONE/ACETAMINOPHEN,SEVERE PAIN RELIEF,1214392,5,South,East South Central ,4841799,11718,58903,49712,682064,594953,1638540,1569777,90529,105485,33959,29632,1148,1139,13622,13176,35144,33313,2495006,2347475
AL,LEVOTHYROXINE SODIUM,HYPOTHYROIDISM,733869,3,South,East South Central ,4841799,11718,58903,49712,682064,594953,1638540,1569777,90529,105485,33959,29632,1148,1139,13622,13176,35144,33313,2495006,2347475
AL,LISINOPRIL,HIGH BLOOD PRESSURE,608947,1,South,East South Central ,4841799,11718,58903,49712,682064,594953,1638540,1569777,90529,105485,33959,29632,1148,1139,13622,13176,35144,33313,2495006,2347475
AL,OMEPRAZOLE,GASTROESOPHAGEAL REFLUX DISEASE,762739,4,South,East South Central ,4841799,11718,58903,49712,682064,594953,1638540,1569777,90529,105485,33959,29632,1148,1139,13622,13176,35144,33313,2495006,2347475
AR,AMLODIPINE BESYLATE,HIGH BLOOD PRESSURE,452471,2,South,West South Central ,2967392,7992,38225,29967,239635,217295,1108514,1069773,98787,109986,22635,20746,3626,3823,10936,10577,26106,25287,1510239,1457487
AR,HYDROCODONE/ACETAMINOPHEN,SEVERE PAIN RELIEF,587738,5,South,West South Central ,2967392,7992,38225,29967,239635,217295,1108514,1069773,98787,109986,22635,20746,3626,3823,10936,10577,26106,25287,1510239,1457487
AR,LEVOTHYROXINE SODIUM,HYPOTHYROIDISM,504114,4,South,West South Central ,2967392,7992,38225,29967,239635,217295,1108514,1069773,98787,109986,22635,20746,3626,3823,10936,10577,26106,25287,1510239,1457487
AR,LISINOPRIL,HIGH BLOOD PRESSURE,499301,3,South,West South Central ,2967392,7992,38225,29967,239635,217295,1108514,1069773,98787,109986,22635,20746,3626,3823,10936,10577,26106,25287,1510239,1457487
AR,OMEPRAZOLE,GASTROESOPHAGEAL REFLUX DISEASE,421869,1,South,West South Central ,2967392,7992,38225,29967,239635,217295,1108514,1069773,98787,109986,22635,20746,3626,3823,10936,10577,26106,25287,1510239,1457487
AZ,AMLODIPINE BESYLATE,HIGH BLOOD PRESSURE,547849,2,West,Mountain,6730413,97649,86129,50236,129635,142740,1909096,1867224,1025413,1036775,111690,98559,5448,6656,140170,132865,64308,63261,3385760,3348080
AZ,LEVOTHYROXINE SODIUM,HYPOTHYROIDISM,866240,5,West,Mountain,6730413,97649,86129,50236,129635,142740,1909096,1867224,1025413,1036775,111690,98559,5448,6656,140170,132865,64308,63261,3385760,3348080
AZ,LISINOPRIL,HIGH BLOOD PRESSURE,828921,4,West,Mountain,6730413,97649,86129,50236,129635,142740,1909096,1867224,1025413,1036775,111690,98559,5448,6656,140170,132865,64308,63261,3385760,3348080
AZ,OMEPRAZOLE,GASTROESOPHAGEAL REFLUX DISEASE,469252,1,West,Mountain,6730413,97649,86129,50236,129635,142740,1909096,1867224,1025413,1036775,111690,98559,5448,6656,140170,132865,64308,63261,3385760,3348080
AZ,SIMVASTATIN,HIGH CHOLESTEROL,561456,3,West,Mountain,6730413,97649,86129,50236,129635,142740,1909096,1867224,1025413,1036775,111690,98559,5448,6656,140170,132865,64308,63261,3385760,3348080
CA,AMLODIPINE BESYLATE,HIGH BLOOD PRESSURE,3728200,3,West,Pacific ,38596972,336185,498914,244055,1115656,1093244,7472860,7442322,7388192,7482003,2798459,2515648,71223,69698,83419,81687,511881,498847,19441690,19183449
CA,ATORVASTATIN CALCIUM,HIGH CHOLESTEROL,3678833,2,West,Pacific ,38596972,336185,498914,244055,1115656,1093244,7472860,7442322,7388192,7482003,2798459,2515648,71223,69698,83419,81687,511881,498847,19441690,19183449
CA,HYDROCODONE/ACETAMINOPHEN,SEVERE PAIN RELIEF,3740106,4,West,Pacific ,38596972,336185,498914,244055,1115656,1093244,7472860,7442322,7388192,7482003,2798459,2515648,71223,69698,83419,81687,511881,498847,19441690,19183449
CA,LEVOTHYROXINE SODIUM,HYPOTHYROIDISM,3844722,5,West,Pacific ,38596972,336185,498914,244055,1115656,1093244,7472860,7442322,7388192,7482003,2798459,2515648,71223,69698,83419,81687,511881,498847,19441690,19183449
CA,SIMVASTATIN,HIGH CHOLESTEROL,3392175,1,West,Pacific ,38596972,336185,498914,244055,1115656,1093244,7472860,7442322,7388192,7482003,2798459,2515648,71223,69698,83419,81687,511881,498847,19441690,19183449
CO,ATORVASTATIN CALCIUM,HIGH CHOLESTEROL,351804,2,West,Mountain,5350101,81066,65702,33935,98368,112282,1845946,1848212,556349,576310,87528,73202,3265,3481,16662,16974,56741,55898,2664859,2686359
CO,LEVOTHYROXINE SODIUM,HYPOTHYROIDISM,644433,5,West,Mountain,5350101,81066,65702,33935,98368,112282,1845946,1848212,556349,576310,87528,73202,3265,3481,16662,16974,56741,55898,2664859,2686359
CO,LISINOPRIL,HIGH BLOOD PRESSURE,511517,4,West,Mountain,5350101,81066,65702,33935,98368,112282,1845946,1848212,556349,576310,87528,73202,3265,3481,16662,16974,56741,55898,2664859,2686359
CO,OMEPRAZOLE,GASTROESOPHAGEAL REFLUX DISEASE,351481,1,West,Mountain,5350101,81066,65702,33935,98368,112282,1845946,1848212,556349,576310,87528,73202,3265,3481,16662,16974,56741,55898,2664859,2686359
CO,SIMVASTATIN,HIGH CHOLESTEROL,416010,3,West,Mountain,5350101,81066,65702,33935,98368,112282,1845946,1848212,556349,576310,87528,73202,3265,3481,16662,16974,56741,55898,2664859,2686359
CT,AMLODIPINE BESYLATE,HIGH BLOOD PRESSURE,395752,3,Northeast,New England ,3594524,-317,36162,29669,184696,168917,1272686,1207767,268896,268200,80792,75035,654,616,3897,3863,30172,28592,1841793,1752990
CT,ATORVASTATIN CALCIUM,HIGH CHOLESTEROL,462215,5,Northeast,New England ,3594524,-317,36162,29669,184696,168917,1272686,1207767,268896,268200,80792,75035,654,616,3897,3863,30172,28592,1841793,1752990
CT,FUROSEMIDE,HIGH BLOOD PRESSURE,325792,1,Northeast,New England ,3594524,-317,36162,29669,184696,168917,1272686,1207767,268896,268200,80792,75035,654,616,3897,3863,30172,28592,1841793,1752990
CT,LEVOTHYROXINE SODIUM,HYPOTHYROIDISM,453932,4,Northeast,New England ,3594524,-317,36162,29669,184696,168917,1272686,1207767,268896,268200,80792,75035,654,616,3897,3863,30172,28592,1841793,1752990
CT,LISINOPRIL,HIGH BLOOD PRESSURE,391621,2,Northeast,New England ,3594524,-317,36162,29669,184696,168917,1272686,1207767,268896,268200,80792,75035,654,616,3897,3863,30172,28592,1841793,1752990
DE,AMLODIPINE BESYLATE,HIGH BLOOD PRESSURE,79754,2,South,South Atlantic,932487,8911,10981,8072,105208,93629,306503,288121,39770,41738,17575,16800,156,159,1492,1460,10433,9552,481137,451459
DE,ATORVASTATIN CALCIUM,HIGH CHOLESTEROL,97339,4,South,South Atlantic,932487,8911,10981,8072,105208,93629,306503,288121,39770,41738,17575,16800,156,159,1492,1460,10433,9552,481137,451459
DE,LEVOTHYROXINE SODIUM,HYPOTHYROIDISM,100751,5,South,South Atlantic,932487,8911,10981,8072,105208,93629,306503,288121,39770,41738,17575,16800,156,159,1492,1460,10433,9552,481137,451459
DE,LISINOPRIL,HIGH BLOOD PRESSURE,97049,3,South,South Atlantic,932487,8911,10981,8072,105208,93629,306503,288121,39770,41738,17575,16800,156,159,1492,1460,10433,9552,481137,451459
DE,OMEPRAZOLE,GASTROESOPHAGEAL REFLUX DISEASE,72716,1,South,South Atlantic,932487,8911,10981,8072,105208,93629,306503,288121,39770,41738,17575,16800,156,159,1492,1460,10433,9552,481137,451459
FL,AMLODIPINE BESYLATE,HIGH BLOOD PRESSURE,2690538,3,South,South Atlantic,19845911,300290,218333,181024,1611056,1488321,5633633,5425328,2435592,2375309,280596,239985,6120,6054,25175,25503,157282,150376,10149454,9710876
FL,LEVOTHYROXINE SODIUM,HYPOTHYROIDISM,2982449,5,South,South Atlantic,19845911,300290,218333,181024,1611056,1488321,5633633,5425328,2435592,2375309,280596,239985,6120,6054,25175,25503,157282,150376,10149454,9710876
FL,LISINOPRIL,HIGH BLOOD PRESSURE,2871362,4,South,South Atlantic,19845911,300290,218333,181024,1611056,1488321,5633633,5425328,2435592,2375309,280596,239985,6120,6054,25175,25503,157282,150376,10149454,9710876
FL,OMEPRAZOLE,GASTROESOPHAGEAL REFLUX DISEASE,2591185,2,South,South Atlantic,19845911,300290,218333,181024,1611056,1488321,5633633,5425328,2435592,2375309,280596,239985,6120,6054,25175,25503,157282,150376,10149454,9710876
FL,SIMVASTATIN,HIGH CHOLESTEROL,2530577,1,South,South Atlantic,19845911,300290,218333,181024,1611056,1488321,5633633,5425328,2435592,2375309,280596,239985,6120,6054,25175,25503,157282,150376,10149454,9710876
GA,AMLODIPINE BESYLATE,HIGH BLOOD PRESSURE,1282226,5,South,South Atlantic,10067278,94799,129551,74837,1650959,1453333,2780937,2694583,433292,483548,193630,181645,2954,3099,11460,11268,87573,80720,5160805,4908196
GA,HYDROCODONE/ACETAMINOPHEN,SEVERE PAIN RELIEF,1239477,4,South,South Atlantic,10067278,94799,129551,74837,1650959,1453333,2780937,2694583,433292,483548,193630,181645,2954,3099,11460,11268,87573,80720,5160805,4908196
GA,LEVOTHYROXINE SODIUM,HYPOTHYROIDISM,1201249,3,South,South Atlantic,10067278,94799,129551,74837,1650959,1453333,2780937,2694583,433292,483548,193630,181645,2954,3099,11460,11268,87573,80720,5160805,4908196
GA,LISINOPRIL,HIGH BLOOD PRESSURE,1169587,2,South,South Atlantic,10067278,94799,129551,74837,1650959,1453333,2780937,2694583,433292,483548,193630,181645,2954,3099,11460,11268,87573,80720,5160805,4908196
GA,SIMVASTATIN,HIGH CHOLESTEROL,948344,1,South,South Atlantic,10067278,94799,129551,74837,1650959,1453333,2780937,2694583,433292,483548,193630,181645,2954,3099,11460,11268,87573,80720,5160805,4908196
HI,AMLODIPINE BESYLATE,HIGH BLOOD PRESSURE,136054,4,West,Pacific ,1414538,6295,18956,10740,9785,15808,145508,172848,69404,72991,278174,241557,66041,68615,1409,1639,133683,137400,704004,710858
HI,ATORVASTATIN CALCIUM,HIGH CHOLESTEROL,158062,5,West,Pacific ,1414538,6295,18956,10740,9785,15808,145508,172848,69404,72991,278174,241557,66041,68615,1409,1639,133683,137400,704004,710858
HI,LISINOPRIL,HIGH BLOOD PRESSURE,123853,2,West,Pacific ,1414538,6295,18956,10740,9785,15808,145508,172848,69404,72991,278174,241557,66041,68615,1409,1639,133683,137400,704004,710858
HI,LOSARTAN POTASSIUM,HIGH BLOOD PRESSURE,129384,3,West,Pacific ,1414538,6295,18956,10740,9785,15808,145508,172848,69404,72991,278174,241557,66041,68615,1409,1639,133683,137400,704004,710858
HI,SIMVASTATIN,HIGH CHOLESTEROL,121808,1,West,Pacific ,1414538,6295,18956,10740,9785,15808,145508,172848,69404,72991,278174,241557,66041,68615,1409,1639,133683,137400,704004,710858
IA,FUROSEMIDE,HIGH BLOOD PRESSURE,415937,1,Midwest,West North Central ,3109350,16353,39463,28884,48061,54363,1369862,1333605,82816,90548,35371,36073,1181,1305,4565,4467,23488,23799,1565344,1544160
IA,LEVOTHYROXINE SODIUM,HYPOTHYROIDISM,573383,5,Midwest,West North Central ,3109350,16353,39463,28884,48061,54363,1369862,1333605,82816,90548,35371,36073,1181,1305,4565,4467,23488,23799,1565344,1544160
IA,LISINOPRIL,HIGH BLOOD PRESSURE,452970,2,Midwest,West North Central ,3109350,16353,39463,28884,48061,54363,1369862,1333605,82816,90548,35371,36073,1181,1305,4565,4467,23488,23799,1565344,1544160
IA,OMEPRAZOLE,GASTROESOPHAGEAL REFLUX DISEASE,506790,4,Midwest,West North Central ,3109350,16353,39463,28884,48061,54363,1369862,1333605,82816,90548,35371,36073,1181,1305,4565,4467,23488,23799,1565344,1544160
IA,SIMVASTATIN,HIGH CHOLESTEROL,494283,3,Midwest,West North Central ,3109350,16353,39463,28884,48061,54363,1369862,1333605,82816,90548,35371,36073,1181,1305,4565,4467,23488,23799,1565344,1544160
ID,HYDROCODONE/ACETAMINOPHEN,SEVERE PAIN RELIEF,211529,4,West,Mountain,1631112,19906,22422,12533,4438,6269,677646,674709,95056,101505,11693,9487,1229,1403,9123,9081,14877,14963,814062,817417
ID,LEVOTHYROXINE SODIUM,HYPOTHYROIDISM,221413,5,West,Mountain,1631112,19906,22422,12533,4438,6269,677646,674709,95056,101505,11693,9487,1229,1403,9123,9081,14877,14963,814062,817417
ID,LISINOPRIL,HIGH BLOOD PRESSURE,162318,2,West,Mountain,1631112,19906,22422,12533,4438,6269,677646,674709,95056,101505,11693,9487,1229,1403,9123,9081,14877,14963,814062,817417
ID,OMEPRAZOLE,GASTROESOPHAGEAL REFLUX DISEASE,172212,3,West,Mountain,1631112,19906,22422,12533,4438,6269,677646,674709,95056,101505,11693,9487,1229,1403,9123,9081,14877,14963,814062,817417
ID,SIMVASTATIN,HIGH CHOLESTEROL,128065,1,West,Mountain,1631112,19906,22422,12533,4438,6269,677646,674709,95056,101505,11693,9487,1229,1403,9123,9081,14877,14963,814062,817417
IL,AMLODIPINE BESYLATE,HIGH BLOOD PRESSURE,1216618,2,Midwest,East North Central ,12884493,-10636,157512,102688,972121,857670,4092781,3945165,1040680,1094577,348644,323810,1707,1800,9817,9566,96332,94292,6562082,6326880
IL,ATORVASTATIN CALCIUM,HIGH CHOLESTEROL,1206323,1,Midwest,East North Central ,12884493,-10636,157512,102688,972121,857670,4092781,3945165,1040680,1094577,348644,323810,1707,1800,9817,9566,96332,94292,6562082,6326880
IL,HYDROCODONE/ACETAMINOPHEN,SEVERE PAIN RELIEF,1221042,3,Midwest,East North Central ,12884493,-10636,157512,102688,972121,857670,4092781,3945165,1040680,1094577,348644,323810,1707,1800,9817,9566,96332,94292,6562082,6326880
IL,LEVOTHYROXINE SODIUM,HYPOTHYROIDISM,1457499,5,Midwest,East North Central ,12884493,-10636,157512,102688,972121,857670,4092781,3945165,1040680,1094577,348644,323810,1707,1800,9817,9566,96332,94292,6562082,6326880
IL,LISINOPRIL,HIGH BLOOD PRESSURE,1334446,4,Midwest,East North Central ,12884493,-10636,157512,102688,972121,857670,4092781,3945165,1040680,1094577,348644,323810,1707,1800,9817,9566,96332,94292,6562082,6326880
IN,AMLODIPINE BESYLATE,HIGH BLOOD PRESSURE,753640,2,Midwest,East North Central ,6593644,24931,83554,59833,316102,293155,2690728,2604386,206160,222940,67211,65192,1116,1062,7513,7350,56351,54267,3345181,3248352
IN,HYDROCODONE/ACETAMINOPHEN,SEVERE PAIN RELIEF,1037564,5,Midwest,East North Central ,6593644,24931,83554,59833,316102,293155,2690728,2604386,206160,222940,67211,65192,1116,1062,7513,7350,56351,54267,3345181,3248352
IN,LEVOTHYROXINE SODIUM,HYPOTHYROIDISM,987654,4,Midwest,East North Central ,6593644,24931,83554,59833,316102,293155,2690728,2604386,206160,222940,67211,65192,1116,1062,7513,7350,56351,54267,3345181,3248352
IN,LISINOPRIL,HIGH BLOOD PRESSURE,826217,3,Midwest,East North Central ,6593644,24931,83554,59833,316102,293155,2690728,2604386,206160,222940,67211,65192,1116,1062,7513,7350,56351,54267,3345181,3248352
IN,OMEPRAZOLE,GASTROESOPHAGEAL REFLUX DISEASE,697796,1,Midwest,East North Central ,6593644,24931,83554,59833,316102,293155,2690728,2604386,206160,222940,67211,65192,1116,1062,7513,7350,56351,54267,3345181,3248352
KS,AMLODIPINE BESYLATE,HIGH BLOOD PRESSURE,325069,1,Midwest,West North Central ,2900475,7263,39292,25475,81785,86939,1127815,1100925,158099,171088,41141,38563,1027,1175,11659,11467,34777,34436,1456303,1444593
KS,HYDROCODONE/ACETAMINOPHEN,SEVERE PAIN RELIEF,391969,4,Midwest,West North Central ,2900475,7263,39292,25475,81785,86939,1127815,1100925,158099,171088,41141,38563,1027,1175,11659,11467,34777,34436,1456303,1444593
KS,LEVOTHYROXINE SODIUM,HYPOTHYROIDISM,503645,5,Midwest,West North Central ,2900475,7263,39292,25475,81785,86939,1127815,1100925,158099,171088,41141,38563,1027,1175,11659,11467,34777,34436,1456303,1444593
KS,LISINOPRIL,HIGH BLOOD PRESSURE,375427,3,Midwest,West North Central ,2900475,7263,39292,25475,81785,86939,1127815,1100925,158099,171088,41141,38563,1027,1175,11659,11467,34777,34436,1456303,1444593
KS,SIMVASTATIN,HIGH CHOLESTEROL,352737,2,Midwest,West North Central ,2900475,7263,39292,25475,81785,86939,1127815,1100925,158099,171088,41141,38563,1027,1175,11659,11467,34777,34436,1456303,1444593
KY,AMLODIPINE BESYLATE,HIGH BLOOD PRESSURE,672849,1,South,East South Central ,4414349,9690,55758,43645,177417,174418,1921034,1847866,68090,82345,31248,28225,1198,1269,4541,4610,36618,35604,2240146,2174337
KY,HYDROCODONE/ACETAMINOPHEN,SEVERE PAIN RELIEF,983844,5,South,East South Central ,4414349,9690,55758,43645,177417,174418,1921034,1847866,68090,82345,31248,28225,1198,1269,4541,4610,36618,35604,2240146,2174337
KY,LEVOTHYROXINE SODIUM,HYPOTHYROIDISM,873862,3,South,East South Central ,4414349,9690,55758,43645,177417,174418,1921034,1847866,68090,82345,31248,28225,1198,1269,4541,4610,36618,35604,2240146,2174337
KY,LISINOPRIL,HIGH BLOOD PRESSURE,874805,4,South,East South Central ,4414349,9690,55758,43645,177417,174418,1921034,1847866,68090,82345,31248,28225,1198,1269,4541,4610,36618,35604,2240146,2174337
KY,OMEPRAZOLE,GASTROESOPHAGEAL REFLUX DISEASE,713061,2,South,East South Central ,4414349,9690,55758,43645,177417,174418,1921034,1847866,68090,82345,31248,28225,1198,1269,4541,4610,36618,35604,2240146,2174337
LA,AMLODIPINE BESYLATE,HIGH BLOOD PRESSURE,729226,4,South,West South Central ,4644013,19486,64226,43592,782935,707886,1399075,1359653,102330,120969,38964,37986,877,880,14861,14527,32288,30973,2371330,2272874
LA,ATORVASTATIN CALCIUM,HIGH CHOLESTEROL,534791,1,South,West South Central ,4644013,19486,64226,43592,782935,707886,1399075,1359653,102330,120969,38964,37986,877,880,14861,14527,32288,30973,2371330,2272874
LA,HYDROCODONE/ACETAMINOPHEN,SEVERE PAIN RELIEF,795932,5,South,West South Central ,4644013,19486,64226,43592,782935,707886,1399075,1359653,102330,120969,38964,37986,877,880,14861,14527,32288,30973,2371330,2272874
LA,LEVOTHYROXINE SODIUM,HYPOTHYROIDISM,692907,3,South,West South Central ,4644013,19486,64226,43592,782935,707886,1399075,1359653,102330,120969,38964,37986,877,880,14861,14527,32288,30973,2371330,2272874
LA,LISINOPRIL,HIGH BLOOD PRESSURE,567226,2,South,West South Central ,4644013,19486,64226,43592,782935,707886,1399075,1359653,102330,120969,38964,37986,877,880,14861,14527,32288,30973,2371330,2272874
MA,ATORVASTATIN CALCIUM,HIGH CHOLESTEROL,763128,1,Northeast,New England ,6762596,49281,71950,54721,237969,223923,2589132,2426451,371966,365324,219743,201246,1408,1287,6024,6072,57995,55112,3484237,3279415
MA,LEVOTHYROXINE SODIUM,HYPOTHYROIDISM,836577,2,Northeast,New England ,6762596,49281,71950,54721,237969,223923,2589132,2426451,371966,365324,219743,201246,1408,1287,6024,6072,57995,55112,3484237,3279415
MA,LISINOPRIL,HIGH BLOOD PRESSURE,1126759,5,Northeast,New England ,6762596,49281,71950,54721,237969,223923,2589132,2426451,371966,365324,219743,201246,1408,1287,6024,6072,57995,55112,3484237,3279415
MA,OMEPRAZOLE,GASTROESOPHAGEAL REFLUX DISEASE,883294,3,Northeast,New England ,6762596,49281,71950,54721,237969,223923,2589132,2426451,371966,365324,219743,201246,1408,1287,6024,6072,57995,55112,3484237,3279415
MA,SIMVASTATIN,HIGH CHOLESTEROL,896292,4,Northeast,New England ,6762596,49281,71950,54721,237969,223923,2589132,2426451,371966,365324,219743,201246,1408,1287,6024,6072,57995,55112,3484237,3279415
MD,AMLODIPINE BESYLATE,HIGH BLOOD PRESSURE,457877,4,South,South Atlantic,5957283,34095,72753,44767,935433,816869,1602092,1537236,263591,286814,191736,172919,1519,1367,7422,6912,69676,64579,3071469,2886696
MD,ATORVASTATIN CALCIUM,HIGH CHOLESTEROL,414932,2,South,South Atlantic,5957283,34095,72753,44767,935433,816869,1602092,1537236,263591,286814,191736,172919,1519,1367,7422,6912,69676,64579,3071469,2886696
MD,FUROSEMIDE,HIGH BLOOD PRESSURE,304566,1,South,South Atlantic,5957283,34095,72753,44767,935433,816869,1602092,1537236,263591,286814,191736,172919,1519,1367,7422,6912,69676,64579,3071469,2886696
MD,LEVOTHYROXINE SODIUM,HYPOTHYROIDISM,421255,3,South,South Atlantic,5957283,34095,72753,44767,935433,816869,1602092,1537236,263591,286814,191736,172919,1519,1367,7422,6912,69676,64579,3071469,2886696
MD,LISINOPRIL,HIGH BLOOD PRESSURE,463341,5,South,South Atlantic,5957283,34095,72753,44767,935433,816869,1602092,1537236,263591,286814,191736,172919,1519,1367,7422,6912,69676,64579,3071469,2886696
ME,ATORVASTATIN CALCIUM,HIGH CHOLESTEROL,167375,3,Northeast,New England ,1330513,2504,12704,13350,8204,10198,637475,610170,9956,10215,8583,6732,179,182,4325,4172,10287,10082,679009,651751
ME,LEVOTHYROXINE SODIUM,HYPOTHYROIDISM,208146,4,Northeast,New England ,1330513,2504,12704,13350,8204,10198,637475,610170,9956,10215,8583,6732,179,182,4325,4172,10287,10082,679009,651751
ME,LISINOPRIL,HIGH BLOOD PRESSURE,208297,5,Northeast,New England ,1330513,2504,12704,13350,8204,10198,637475,610170,9956,10215,8583,6732,179,182,4325,4172,10287,10082,679009,651751
ME,OMEPRAZOLE,GASTROESOPHAGEAL REFLUX DISEASE,165299,2,Northeast,New England ,1330513,2504,12704,13350,8204,10198,637475,610170,9956,10215,8583,6732,179,182,4325,4172,10287,10082,679009,651751
ME,SIMVASTATIN,HIGH CHOLESTEROL,155823,1,Northeast,New England ,1330513,2504,12704,13350,8204,10198,637475,610170,9956,10215,8583,6732,179,182,4325,4172,10287,10082,679009,651751
MI,HYDROCODONE/ACETAMINOPHEN,SEVERE PAIN RELIEF,1792522,5,Midwest,East North Central ,9929848,16783,114518,91840,725430,655759,3810300,3714650,235027,242452,147290,139438,1271,1222,28104,27835,102712,99099,5050134,4880455
MI,LEVOTHYROXINE SODIUM,HYPOTHYROIDISM,1317870,4,Midwest,East North Central ,9929848,16783,114518,91840,725430,655759,3810300,3714650,235027,242452,147290,139438,1271,1222,28104,27835,102712,99099,5050134,4880455
MI,LISINOPRIL,HIGH BLOOD PRESSURE,1316080,3,Midwest,East North Central ,9929848,16783,114518,91840,725430,655759,3810300,3714650,235027,242452,147290,139438,1271,1222,28104,27835,102712,99099,5050134,4880455
MI,OMEPRAZOLE,GASTROESOPHAGEAL REFLUX DISEASE,1101010,1,Midwest,East North Central ,9929848,16783,114518,91840,725430,655759,3810300,3714650,235027,242452,147290,139438,1271,1222,28104,27835,102712,99099,5050134,4880455
MI,SIMVASTATIN,HIGH CHOLESTEROL,1207133,2,Midwest,East North Central ,9929848,16783,114518,91840,725430,655759,3810300,3714650,235027,242452,147290,139438,1271,1222,28104,27835,102712,99099,5050134,4880455
MN,AMLODIPINE BESYLATE,HIGH BLOOD PRESSURE,458658,1,Midwest,West North Central ,5451079,37600,69903,40795,153131,159545,2238592,2198383,133232,144198,128839,122408,1151,1144,29451,28666,57142,55640,2741538,2709984
MN,LEVOTHYROXINE SODIUM,HYPOTHYROIDISM,624325,3,Midwest,West North Central ,5451079,37600,69903,40795,153131,159545,2238592,2198383,133232,144198,128839,122408,1151,1144,29451,28666,57142,55640,2741538,2709984
MN,LISINOPRIL,HIGH BLOOD PRESSURE,692905,5,Midwest,West North Central ,5451079,37600,69903,40795,153131,159545,2238592,2198383,133232,144198,128839,122408,1151,1144,29451,28666,57142,55640,2741538,2709984
MN,OMEPRAZOLE,GASTROESOPHAGEAL REFLUX DISEASE,592275,2,Midwest,West North Central ,5451079,37600,69903,40795,153131,159545,2238592,2198383,133232,144198,128839,122408,1151,1144,29451,28666,57142,55640,2741538,2709984
MN,SIMVASTATIN,HIGH CHOLESTEROL,658916,4,Midwest,West North Central ,5451079,37600,69903,40795,153131,159545,2238592,2198383,133232,144198,128839,122408,1151,1144,29451,28666,57142,55640,2741538,2709984
MO,AMLODIPINE BESYLATE,HIGH BLOOD PRESSURE,849608,2,Midwest,West North Central ,6056202,15487,75796,57101,368551,333787,2468847,2387415,113974,122437,59185,53191,3385,3493,12569,12850,58803,57806,3085314,2970979
MO,HYDROCODONE/ACETAMINOPHEN,SEVERE PAIN RELIEF,896785,3,Midwest,West North Central ,6056202,15487,75796,57101,368551,333787,2468847,2387415,113974,122437,59185,53191,3385,3493,12569,12850,58803,57806,3085314,2970979
MO,LEVOTHYROXINE SODIUM,HYPOTHYROIDISM,1054591,4,Midwest,West North Central ,6056202,15487,75796,57101,368551,333787,2468847,2387415,113974,122437,59185,53191,3385,3493,12569,12850,58803,57806,3085314,2970979
MO,LISINOPRIL,HIGH BLOOD PRESSURE,1064933,5,Midwest,West North Central ,6056202,15487,75796,57101,368551,333787,2468847,2387415,113974,122437,59185,53191,3385,3493,12569,12850,58803,57806,3085314,2970979
MO,OMEPRAZOLE,GASTROESOPHAGEAL REFLUX DISEASE,747908,1,Midwest,West North Central ,6056202,15487,75796,57101,368551,333787,2468847,2387415,113974,122437,59185,53191,3385,3493,12569,12850,58803,57806,3085314,2970979
MS,AMLODIPINE BESYLATE,HIGH BLOOD PRESSURE,536543,4,South,East South Central ,2990468,1757,38723,30592,589279,524040,870512,841334,38651,50214,15623,13883,482,538,7500,7013,16172,15382,1538219,1452404
MS,HYDROCODONE/ACETAMINOPHEN,SEVERE PAIN RELIEF,623289,5,South,East South Central ,2990468,1757,38723,30592,589279,524040,870512,841334,38651,50214,15623,13883,482,538,7500,7013,16172,15382,1538219,1452404
MS,LEVOTHYROXINE SODIUM,HYPOTHYROIDISM,419670,2,South,East South Central ,2990468,1757,38723,30592,589279,524040,870512,841334,38651,50214,15623,13883,482,538,7500,7013,16172,15382,1538219,1452404
MS,LISINOPRIL,HIGH BLOOD PRESSURE,406364,1,South,East South Central ,2990468,1757,38723,30592,589279,524040,870512,841334,38651,50214,15623,13883,482,538,7500,7013,16172,15382,1538219,1452404
MS,OMEPRAZOLE,GASTROESOPHAGEAL REFLUX DISEASE,455311,3,South,East South Central ,2990468,1757,38723,30592,589279,524040,870512,841334,38651,50214,15623,13883,482,538,7500,7013,16172,15382,1538219,1452404
MT,HYDROCODONE/ACETAMINOPHEN,SEVERE PAIN RELIEF,115081,3,West,Mountain,1021869,8300,12380,9370,1949,3075,440272,445963,17413,18222,4656,3300,287,402,31707,31171,11702,11772,507986,513905
MT,LEVOTHYROXINE SODIUM,HYPOTHYROIDISM,155249,5,West,Mountain,1021869,8300,12380,9370,1949,3075,440272,445963,17413,18222,4656,3300,287,402,31707,31171,11702,11772,507986,513905
MT,LISINOPRIL,HIGH BLOOD PRESSURE,116479,4,West,Mountain,1021869,8300,12380,9370,1949,3075,440272,445963,17413,18222,4656,3300,287,402,31707,31171,11702,11772,507986,513905
MT,OMEPRAZOLE,GASTROESOPHAGEAL REFLUX DISEASE,102002,1,West,Mountain,1021869,8300,12380,9370,1949,3075,440272,445963,17413,18222,4656,3300,287,402,31707,31171,11702,11772,507986,513905
MT,SIMVASTATIN,HIGH CHOLESTEROL,112215,2,West,Mountain,1021869,8300,12380,9370,1949,3075,440272,445963,17413,18222,4656,3300,287,402,31707,31171,11702,11772,507986,513905
NC,AMLODIPINE BESYLATE,HIGH BLOOD PRESSURE,1389942,4,South,South Atlantic,9932887,89551,120207,83523,1132734,994849,3258837,3114219,419391,459670,135361,125109,3067,3155,58594,54723,89753,84482,5097737,4836207
NC,ATORVASTATIN CALCIUM,HIGH CHOLESTEROL,1120744,1,South,South Atlantic,9932887,89551,120207,83523,1132734,994849,3258837,3114219,419391,459670,135361,125109,3067,3155,58594,54723,89753,84482,5097737,4836207
NC,LEVOTHYROXINE SODIUM,HYPOTHYROIDISM,1513777,5,South,South Atlantic,9932887,89551,120207,83523,1132734,994849,3258837,3114219,419391,459670,135361,125109,3067,3155,58594,54723,89753,84482,5097737,4836207
NC,LISINOPRIL,HIGH BLOOD PRESSURE,1281045,2,South,South Atlantic,9932887,89551,120207,83523,1132734,994849,3258837,3114219,419391,459670,135361,125109,3067,3155,58594,54723,89753,84482,5097737,4836207
NC,OMEPRAZOLE,GASTROESOPHAGEAL REFLUX DISEASE,1367545,3,South,South Atlantic,9932887,89551,120207,83523,1132734,994849,3258837,3114219,419391,459670,135361,125109,3067,3155,58594,54723,89753,84482,5097737,4836207
ND,FUROSEMIDE,HIGH BLOOD PRESSURE,101269,3,Midwest,West North Central ,737401,15365,10974,6204,5985,8880,312542,326049,10668,12554,4597,4796,169,201,19214,18709,6480,6538,359655,377727
ND,LEVOTHYROXINE SODIUM,HYPOTHYROIDISM,120810,5,Midwest,West North Central ,737401,15365,10974,6204,5985,8880,312542,326049,10668,12554,4597,4796,169,201,19214,18709,6480,6538,359655,377727
ND,LISINOPRIL,HIGH BLOOD PRESSURE,99981,2,Midwest,West North Central ,737401,15365,10974,6204,5985,8880,312542,326049,10668,12554,4597,4796,169,201,19214,18709,6480,6538,359655,377727
ND,OMEPRAZOLE,GASTROESOPHAGEAL REFLUX DISEASE,94011,1,Midwest,West North Central ,737401,15365,10974,6204,5985,8880,312542,326049,10668,12554,4597,4796,169,201,19214,18709,6480,6538,359655,377727
ND,SIMVASTATIN,HIGH CHOLESTEROL,106321,4,Midwest,West North Central ,737401,15365,10974,6204,5985,8880,312542,326049,10668,12554,4597,4796,169,201,19214,18709,6480,6538,359655,377727
NE,AMLODIPINE BESYLATE,HIGH BLOOD PRESSURE,229775,2,Midwest,West North Central ,1879321,14042,26467,15683,42644,44783,764258,747813,91038,100149,20902,19548,526,579,7895,7577,16237,15573,943500,936022
NE,LEVOTHYROXINE SODIUM,HYPOTHYROIDISM,336322,5,Midwest,West North Central ,1879321,14042,26467,15683,42644,44783,764258,747813,91038,100149,20902,19548,526,579,7895,7577,16237,15573,943500,936022
NE,LISINOPRIL,HIGH BLOOD PRESSURE,217050,1,Midwest,West North Central ,1879321,14042,26467,15683,42644,44783,764258,747813,91038,100149,20902,19548,526,579,7895,7577,16237,15573,943500,936022
NE,OMEPRAZOLE,GASTROESOPHAGEAL REFLUX DISEASE,259508,4,Midwest,West North Central ,1879321,14042,26467,15683,42644,44783,764258,747813,91038,100149,20902,19548,526,579,7895,7577,16237,15573,943500,936022
NE,SIMVASTATIN,HIGH CHOLESTEROL,231995,3,Midwest,West North Central ,1879321,14042,26467,15683,42644,44783,764258,747813,91038,100149,20902,19548,526,579,7895,7577,16237,15573,943500,936022
NH,ATORVASTATIN CALCIUM,HIGH CHOLESTEROL,120283,3,Northeast,New England ,1333341,6719,12215,11154,7045,9124,615994,600025,21443,22105,18657,16762,182,168,1339,1454,9392,9533,674052,659171
NH,LEVOTHYROXINE SODIUM,HYPOTHYROIDISM,150455,5,Northeast,New England ,1333341,6719,12215,11154,7045,9124,615994,600025,21443,22105,18657,16762,182,168,1339,1454,9392,9533,674052,659171
NH,LISINOPRIL,HIGH BLOOD PRESSURE,149314,4,Northeast,New England ,1333341,6719,12215,11154,7045,9124,615994,600025,21443,22105,18657,16762,182,168,1339,1454,9392,9533,674052,659171
NH,OMEPRAZOLE,GASTROESOPHAGEAL REFLUX DISEASE,104657,1,Northeast,New England ,1333341,6719,12215,11154,7045,9124,615994,600025,21443,22105,18657,16762,182,168,1339,1454,9392,9533,674052,659171
NH,SIMVASTATIN,HIGH CHOLESTEROL,109167,2,Northeast,New England ,1333341,6719,12215,11154,7045,9124,615994,600025,21443,22105,18657,16762,182,168,1339,1454,9392,9533,674052,659171
NJ,AMLODIPINE BESYLATE,HIGH BLOOD PRESSURE,939373,3,Northeast,Middle Atlantic,8864525,7553,103320,70501,607521,538741,2602555,2471779,847483,855322,410824,389862,1519,1367,6557,6197,65078,61975,4541537,4325243
NJ,ATORVASTATIN CALCIUM,HIGH CHOLESTEROL,951157,4,Northeast,Middle Atlantic,8864525,7553,103320,70501,607521,538741,2602555,2471779,847483,855322,410824,389862,1519,1367,6557,6197,65078,61975,4541537,4325243
NJ,LEVOTHYROXINE SODIUM,HYPOTHYROIDISM,959251,5,Northeast,Middle Atlantic,8864525,7553,103320,70501,607521,538741,2602555,2471779,847483,855322,410824,389862,1519,1367,6557,6197,65078,61975,4541537,4325243
NJ,METOPROLOL SUCCINATE,HIGH BLOOD PRESSURE,607636,1,Northeast,Middle Atlantic,8864525,7553,103320,70501,607521,538741,2602555,2471779,847483,855322,410824,389862,1519,1367,6557,6197,65078,61975,4541537,4325243
NJ,SIMVASTATIN,HIGH CHOLESTEROL,758420,2,Northeast,Middle Atlantic,8864525,7553,103320,70501,607521,538741,2602555,2471779,847483,855322,410824,389862,1519,1367,6557,6197,65078,61975,4541537,4325243
NM,HYDROCODONE/ACETAMINOPHEN,SEVERE PAIN RELIEF,163685,1,West,Mountain,2089568,-2705,26364,17139,16183,21039,408344,400049,504000,497625,16713,13504,639,674,94307,87281,14996,14988,1055182,1035160
NM,LEVOTHYROXINE SODIUM,HYPOTHYROIDISM,290021,5,West,Mountain,2089568,-2705,26364,17139,16183,21039,408344,400049,504000,497625,16713,13504,639,674,94307,87281,14996,14988,1055182,1035160
NM,LISINOPRIL,HIGH BLOOD PRESSURE,261362,4,West,Mountain,2089568,-2705,26364,17139,16183,21039,408344,400049,504000,497625,16713,13504,639,674,94307,87281,14996,14988,1055182,1035160
NM,OMEPRAZOLE,GASTROESOPHAGEAL REFLUX DISEASE,164980,2,West,Mountain,2089568,-2705,26364,17139,16183,21039,408344,400049,504000,497625,16713,13504,639,674,94307,87281,14996,14988,1055182,1035160
NM,SIMVASTATIN,HIGH CHOLESTEROL,171642,3,West,Mountain,2089568,-2705,26364,17139,16183,21039,408344,400049,504000,497625,16713,13504,639,674,94307,87281,14996,14988,1055182,1035160
NV,AMLODIPINE BESYLATE,HIGH BLOOD PRESSURE,230787,2,West,Mountain,2817628,41658,35223,21248,116207,117238,714561,741743,385208,397844,120145,97768,8487,8249,12708,11877,43968,43009,1401284,1417728
NV,HYDROCODONE/ACETAMINOPHEN,SEVERE PAIN RELIEF,294635,5,West,Mountain,2817628,41658,35223,21248,116207,117238,714561,741743,385208,397844,120145,97768,8487,8249,12708,11877,43968,43009,1401284,1417728
NV,LEVOTHYROXINE SODIUM,HYPOTHYROIDISM,282911,3,West,Mountain,2817628,41658,35223,21248,116207,117238,714561,741743,385208,397844,120145,97768,8487,8249,12708,11877,43968,43009,1401284,1417728
NV,LISINOPRIL,HIGH BLOOD PRESSURE,290676,4,West,Mountain,2817628,41658,35223,21248,116207,117238,714561,741743,385208,397844,120145,97768,8487,8249,12708,11877,43968,43009,1401284,1417728
NV,SIMVASTATIN,HIGH CHOLESTEROL,220769,1,West,Mountain,2817628,41658,35223,21248,116207,117238,714561,741743,385208,397844,120145,97768,8487,8249,12708,11877,43968,43009,1401284,1417728
NY,AMLODIPINE BESYLATE,HIGH BLOOD PRESSURE,2609790,5,Northeast,Middle Atlantic,19651049,26602,237017,148838,1533844,1327379,5708583,5457377,1848202,1796946,834438,765441,4403,4045,29583,27626,164749,153714,10123802,9532528
NY,ATORVASTATIN CALCIUM,HIGH CHOLESTEROL,2352946,2,Northeast,Middle Atlantic,19651049,26602,237017,148838,1533844,1327379,5708583,5457377,1848202,1796946,834438,765441,4403,4045,29583,27626,164749,153714,10123802,9532528
NY,LEVOTHYROXINE SODIUM,HYPOTHYROIDISM,2548186,4,Northeast,Middle Atlantic,19651049,26602,237017,148838,1533844,1327379,5708583,5457377,1848202,1796946,834438,765441,4403,4045,29583,27626,164749,153714,10123802,9532528
NY,OMEPRAZOLE,GASTROESOPHAGEAL REFLUX DISEASE,2159111,1,Northeast,Middle Atlantic,19651049,26602,237017,148838,1533844,1327379,5708583,5457377,1848202,1796946,834438,765441,4403,4045,29583,27626,164749,153714,10123802,9532528
NY,SIMVASTATIN,HIGH CHOLESTEROL,2484445,3,Northeast,Middle Atlantic,19651049,26602,237017,148838,1533844,1327379,5708583,5457377,1848202,1796946,834438,765441,4403,4045,29583,27626,164749,153714,10123802,9532528
OH,AMLODIPINE BESYLATE,HIGH BLOOD PRESSURE,1469481,2,Midwest,East North Central ,11602700,26016,139559,111902,747990,683603,4731631,4553544,196613,207748,122288,112345,1978,1943,10932,11033,112448,108877,5923880,5679093
OH,ATORVASTATIN CALCIUM,HIGH CHOLESTEROL,1547748,3,Midwest,East North Central ,11602700,26016,139559,111902,747990,683603,4731631,4553544,196613,207748,122288,112345,1978,1943,10932,11033,112448,108877,5923880,5679093
OH,LEVOTHYROXINE SODIUM,HYPOTHYROIDISM,1813810,5,Midwest,East North Central ,11602700,26016,139559,111902,747990,683603,4731631,4553544,196613,207748,122288,112345,1978,1943,10932,11033,112448,108877,5923880,5679093
OH,LISINOPRIL,HIGH BLOOD PRESSURE,1778568,4,Midwest,East North Central ,11602700,26016,139559,111902,747990,683603,4731631,4553544,196613,207748,122288,112345,1978,1943,10932,11033,112448,108877,5923880,5679093
OH,OMEPRAZOLE,GASTROESOPHAGEAL REFLUX DISEASE,1406753,1,Midwest,East North Central ,11602700,26016,139559,111902,747990,683603,4731631,4553544,196613,207748,122288,112345,1978,1943,10932,11033,112448,108877,5923880,5679093
OK,AMLODIPINE BESYLATE,HIGH BLOOD PRESSURE,362665,1,South,West South Central ,3878187,24973,53074,38607,142932,143053,1318757,1278743,182187,201106,41882,37922,2647,2770,163211,158187,104992,99978,1956608,1921759
OK,HYDROCODONE/ACETAMINOPHEN,SEVERE PAIN RELIEF,638873,5,South,West South Central ,3878187,24973,53074,38607,142932,143053,1318757,1278743,182187,201106,41882,37922,2647,2770,163211,158187,104992,99978,1956608,1921759
OK,LEVOTHYROXINE SODIUM,HYPOTHYROIDISM,511119,4,South,West South Central ,3878187,24973,53074,38607,142932,143053,1318757,1278743,182187,201106,41882,37922,2647,2770,163211,158187,104992,99978,1956608,1921759
OK,LISINOPRIL,HIGH BLOOD PRESSURE,483921,3,South,West South Central ,3878187,24973,53074,38607,142932,143053,1318757,1278743,182187,201106,41882,37922,2647,2770,163211,158187,104992,99978,1956608,1921759
OK,OMEPRAZOLE,GASTROESOPHAGEAL REFLUX DISEASE,411505,2,South,West South Central ,3878187,24973,53074,38607,142932,143053,1318757,1278743,182187,201106,41882,37922,2647,2770,163211,158187,104992,99978,1956608,1921759
OR,ATORVASTATIN CALCIUM,HIGH CHOLESTEROL,372918,1,West,Pacific ,3963244,40776,45452,33804,33100,38750,1551937,1503716,237400,255887,89219,75991,7270,7477,22296,22170,60484,58409,2001706,1962400
OR,HYDROCODONE/ACETAMINOPHEN,SEVERE PAIN RELIEF,474492,3,West,Pacific ,3963244,40776,45452,33804,33100,38750,1551937,1503716,237400,255887,89219,75991,7270,7477,22296,22170,60484,58409,2001706,1962400
OR,LEVOTHYROXINE SODIUM,HYPOTHYROIDISM,571237,5,West,Pacific ,3963244,40776,45452,33804,33100,38750,1551937,1503716,237400,255887,89219,75991,7270,7477,22296,22170,60484,58409,2001706,1962400
OR,LISINOPRIL,HIGH BLOOD PRESSURE,541077,4,West,Pacific ,3963244,40776,45452,33804,33100,38750,1551937,1503716,237400,255887,89219,75991,7270,7477,22296,22170,60484,58409,2001706,1962400
OR,OMEPRAZOLE,GASTROESOPHAGEAL REFLUX DISEASE,439819,2,West,Pacific ,3963244,40776,45452,33804,33100,38750,1551937,1503716,237400,255887,89219,75991,7270,7477,22296,22170,60484,58409,2001706,1962400
PA,AMLODIPINE BESYLATE,HIGH BLOOD PRESSURE,1762418,2,Northeast,Middle Atlantic,12788313,12004,142216,126737,712083,656699,5087125,4865883,412293,429396,212999,196893,1858,1726,9079,8867,99550,94650,6534987,6254114
PA,ATORVASTATIN CALCIUM,HIGH CHOLESTEROL,1746999,1,Northeast,Middle Atlantic,12788313,12004,142216,126737,712083,656699,5087125,4865883,412293,429396,212999,196893,1858,1726,9079,8867,99550,94650,6534987,6254114
PA,LEVOTHYROXINE SODIUM,HYPOTHYROIDISM,2353753,5,Northeast,Middle Atlantic,12788313,12004,142216,126737,712083,656699,5087125,4865883,412293,429396,212999,196893,1858,1726,9079,8867,99550,94650,6534987,6254114
PA,LISINOPRIL,HIGH BLOOD PRESSURE,2034787,4,Northeast,Middle Atlantic,12788313,12004,142216,126737,712083,656699,5087125,4865883,412293,429396,212999,196893,1858,1726,9079,8867,99550,94650,6534987,6254114
PA,SIMVASTATIN,HIGH CHOLESTEROL,1934387,3,Northeast,Middle Atlantic,12788313,12004,142216,126737,712083,656699,5087125,4865883,412293,429396,212999,196893,1858,1726,9079,8867,99550,94650,6534987,6254114
RI,AMLODIPINE BESYLATE,HIGH BLOOD PRESSURE,179348,2,Northeast,New England ,1055936,855,10731,9697,30072,30004,407543,378401,74651,74762,18355,16540,332,333,2318,2199,10521,9986,543792,512225
RI,ATORVASTATIN CALCIUM,HIGH CHOLESTEROL,193971,3,Northeast,New England ,1055936,855,10731,9697,30072,30004,407543,378401,74651,74762,18355,16540,332,333,2318,2199,10521,9986,543792,512225
RI,LEVOTHYROXINE SODIUM,HYPOTHYROIDISM,174245,1,Northeast,New England ,1055936,855,10731,9697,30072,30004,407543,378401,74651,74762,18355,16540,332,333,2318,2199,10521,9986,543792,512225
RI,LISINOPRIL,HIGH BLOOD PRESSURE,212772,5,Northeast,New England ,1055936,855,10731,9697,30072,30004,407543,378401,74651,74762,18355,16540,332,333,2318,2199,10521,9986,543792,512225
RI,OMEPRAZOLE,GASTROESOPHAGEAL REFLUX DISEASE,197074,4,Northeast,New England ,1055936,855,10731,9697,30072,30004,407543,378401,74651,74762,18355,16540,332,333,2318,2199,10521,9986,543792,512225
SC,AMLODIPINE BESYLATE,HIGH BLOOD PRESSURE,690833,4,South,South Atlantic,4823617,59537,57287,44538,700600,616866,1575100,1508421,119019,138339,37999,33239,1230,1433,8853,8813,37937,35944,2480738,2343055
SC,ATORVASTATIN CALCIUM,HIGH CHOLESTEROL,546084,1,South,South Atlantic,4823617,59537,57287,44538,700600,616866,1575100,1508421,119019,138339,37999,33239,1230,1433,8853,8813,37937,35944,2480738,2343055
SC,HYDROCODONE/ACETAMINOPHEN,SEVERE PAIN RELIEF,705275,5,South,South Atlantic,4823617,59537,57287,44538,700600,616866,1575100,1508421,119019,138339,37999,33239,1230,1433,8853,8813,37937,35944,2480738,2343055
SC,LEVOTHYROXINE SODIUM,HYPOTHYROIDISM,679421,3,South,South Atlantic,4823617,59537,57287,44538,700600,616866,1575100,1508421,119019,138339,37999,33239,1230,1433,8853,8813,37937,35944,2480738,2343055
SC,LISINOPRIL,HIGH BLOOD PRESSURE,557054,2,South,South Atlantic,4823617,59537,57287,44538,700600,616866,1575100,1508421,119019,138339,37999,33239,1230,1433,8853,8813,37937,35944,2480738,2343055
SD,FUROSEMIDE,HIGH BLOOD PRESSURE,101650,1,Midwest,West North Central ,849129,6813,12439,7159,5750,8753,351905,353636,13752,16405,5316,5082,182,203,36430,35170,8321,8183,421656,427432
SD,LEVOTHYROXINE SODIUM,HYPOTHYROIDISM,157701,5,Midwest,West North Central ,849129,6813,12439,7159,5750,8753,351905,353636,13752,16405,5316,5082,182,203,36430,35170,8321,8183,421656,427432
SD,LISINOPRIL,HIGH BLOOD PRESSURE,113716,3,Midwest,West North Central ,849129,6813,12439,7159,5750,8753,351905,353636,13752,16405,5316,5082,182,203,36430,35170,8321,8183,421656,427432
SD,OMEPRAZOLE,GASTROESOPHAGEAL REFLUX DISEASE,124963,4,Midwest,West North Central ,849129,6813,12439,7159,5750,8753,351905,353636,13752,16405,5316,5082,182,203,36430,35170,8321,8183,421656,427432
SD,SIMVASTATIN,HIGH CHOLESTEROL,106412,2,Midwest,West North Central ,849129,6813,12439,7159,5750,8753,351905,353636,13752,16405,5316,5082,182,203,36430,35170,8321,8183,421656,427432
TN,AMLODIPINE BESYLATE,HIGH BLOOD PRESSURE,928129,1,South,East South Central ,6541223,46883,80458,63582,578734,518651,2497954,2384756,154080,174904,57124,50769,1604,1629,8595,8888,52683,50455,3350774,3190052
TN,HYDROCODONE/ACETAMINOPHEN,SEVERE PAIN RELIEF,1377467,5,South,East South Central ,6541223,46883,80458,63582,578734,518651,2497954,2384756,154080,174904,57124,50769,1604,1629,8595,8888,52683,50455,3350774,3190052
TN,LEVOTHYROXINE SODIUM,HYPOTHYROIDISM,1106073,4,South,East South Central ,6541223,46883,80458,63582,578734,518651,2497954,2384756,154080,174904,57124,50769,1604,1629,8595,8888,52683,50455,3350774,3190052
TN,LISINOPRIL,HIGH BLOOD PRESSURE,1023828,3,South,East South Central ,6541223,46883,80458,63582,578734,518651,2497954,2384756,154080,174904,57124,50769,1604,1629,8595,8888,52683,50455,3350774,3190052
TN,OMEPRAZOLE,GASTROESOPHAGEAL REFLUX DISEASE,933551,2,South,East South Central ,6541223,46883,80458,63582,578734,518651,2497954,2384756,154080,174904,57124,50769,1604,1629,8595,8888,52683,50455,3350774,3190052
TX,AMLODIPINE BESYLATE,HIGH BLOOD PRESSURE,2213136,2,South,West South Central ,26964333,484067,394346,180737,1629836,1525011,5918673,5808841,5188971,5251622,607612,576393,10741,10559,43903,43547,183738,177695,13583474,13393668
TX,ATORVASTATIN CALCIUM,HIGH CHOLESTEROL,1882444,1,South,West South Central ,26964333,484067,394346,180737,1629836,1525011,5918673,5808841,5188971,5251622,607612,576393,10741,10559,43903,43547,183738,177695,13583474,13393668
TX,HYDROCODONE/ACETAMINOPHEN,SEVERE PAIN RELIEF,2833795,5,South,West South Central ,26964333,484067,394346,180737,1629836,1525011,5918673,5808841,5188971,5251622,607612,576393,10741,10559,43903,43547,183738,177695,13583474,13393668
TX,LEVOTHYROXINE SODIUM,HYPOTHYROIDISM,2788067,4,South,West South Central ,26964333,484067,394346,180737,1629836,1525011,5918673,5808841,5188971,5251622,607612,576393,10741,10559,43903,43547,183738,177695,13583474,13393668
TX,LISINOPRIL,HIGH BLOOD PRESSURE,2352302,3,South,West South Central ,26964333,484067,394346,180737,1629836,1525011,5918673,5808841,5188971,5251622,607612,576393,10741,10559,43903,43547,183738,177695,13583474,13393668
UT,HYDROCODONE/ACETAMINOPHEN,SEVERE PAIN RELIEF,212502,3,West,Mountain,2936879,39239,50825,16284,12773,17286,1165334,1170739,192662,203033,34672,30644,12842,13956,14485,13819,27337,27817,1460105,1477294
UT,LEVOTHYROXINE SODIUM,HYPOTHYROIDISM,253237,5,West,Mountain,2936879,39239,50825,16284,12773,17286,1165334,1170739,192662,203033,34672,30644,12842,13956,14485,13819,27337,27817,1460105,1477294
UT,LISINOPRIL,HIGH BLOOD PRESSURE,176763,1,West,Mountain,2936879,39239,50825,16284,12773,17286,1165334,1170739,192662,203033,34672,30644,12842,13956,14485,13819,27337,27817,1460105,1477294
UT,OMEPRAZOLE,GASTROESOPHAGEAL REFLUX DISEASE,221872,4,West,Mountain,2936879,39239,50825,16284,12773,17286,1165334,1170739,192662,203033,34672,30644,12842,13956,14485,13819,27337,27817,1460105,1477294
UT,SIMVASTATIN,HIGH CHOLESTEROL,179038,2,West,Mountain,2936879,39239,50825,16284,12773,17286,1165334,1170739,192662,203033,34672,30644,12842,13956,14485,13819,27337,27817,1460105,1477294
VA,AMLODIPINE BESYLATE,HIGH BLOOD PRESSURE,808124,3,South,South Atlantic,8310993,58566,102580,62609,824476,757557,2662057,2600629,351405,375858,269806,241102,3017,2826,10858,10989,102821,98675,4224440,4087636
VA,ATORVASTATIN CALCIUM,HIGH CHOLESTEROL,702216,1,South,South Atlantic,8310993,58566,102580,62609,824476,757557,2662057,2600629,351405,375858,269806,241102,3017,2826,10858,10989,102821,98675,4224440,4087636
VA,LEVOTHYROXINE SODIUM,HYPOTHYROIDISM,837399,5,South,South Atlantic,8310993,58566,102580,62609,824476,757557,2662057,2600629,351405,375858,269806,241102,3017,2826,10858,10989,102821,98675,4224440,4087636
VA,LISINOPRIL,HIGH BLOOD PRESSURE,819189,4,South,South Atlantic,8310993,58566,102580,62609,824476,757557,2662057,2600629,351405,375858,269806,241102,3017,2826,10858,10989,102821,98675,4224440,4087636
VA,SIMVASTATIN,HIGH CHOLESTEROL,702343,2,South,South Atlantic,8310993,58566,102580,62609,824476,757557,2662057,2600629,351405,375858,269806,241102,3017,2826,10858,10989,102821,98675,4224440,4087636
VT,ATORVASTATIN CALCIUM,HIGH CHOLESTEROL,46168,1,Northeast,New England ,625214,-996,6118,5601,3052,3915,296672,288649,5333,5557,5219,4145,77,86,959,1034,5387,5133,316699,308519
VT,LEVOTHYROXINE SODIUM,HYPOTHYROIDISM,70087,3,Northeast,New England ,625214,-996,6118,5601,3052,3915,296672,288649,5333,5557,5219,4145,77,86,959,1034,5387,5133,316699,308519
VT,LISINOPRIL,HIGH BLOOD PRESSURE,74747,5,Northeast,New England ,625214,-996,6118,5601,3052,3915,296672,288649,5333,5557,5219,4145,77,86,959,1034,5387,5133,316699,308519
VT,OMEPRAZOLE,GASTROESOPHAGEAL REFLUX DISEASE,70249,4,Northeast,New England ,625214,-996,6118,5601,3052,3915,296672,288649,5333,5557,5219,4145,77,86,959,1034,5387,5133,316699,308519
VT,SIMVASTATIN,HIGH CHOLESTEROL,69701,2,Northeast,New England ,625214,-996,6118,5601,3052,3915,296672,288649,5333,5557,5219,4145,77,86,959,1034,5387,5133,316699,308519
WA,HYDROCODONE/ACETAMINOPHEN,SEVERE PAIN RELIEF,589067,2,West,Pacific ,7054655,90670,87387,51278,119840,140461,2494680,2473975,410890,441389,302257,262860,22542,22603,46271,45996,135656,133019,3532136,3520303
WA,LEVOTHYROXINE SODIUM,HYPOTHYROIDISM,713331,4,West,Pacific ,7054655,90670,87387,51278,119840,140461,2494680,2473975,410890,441389,302257,262860,22542,22603,46271,45996,135656,133019,3532136,3520303
WA,LISINOPRIL,HIGH BLOOD PRESSURE,771435,5,West,Pacific ,7054655,90670,87387,51278,119840,140461,2494680,2473975,410890,441389,302257,262860,22542,22603,46271,45996,135656,133019,3532136,3520303
WA,OMEPRAZOLE,GASTROESOPHAGEAL REFLUX DISEASE,606722,3,West,Pacific ,7054655,90670,87387,51278,119840,140461,2494680,2473975,410890,441389,302257,262860,22542,22603,46271,45996,135656,133019,3532136,3520303
WA,SIMVASTATIN,HIGH CHOLESTEROL,534366,1,West,Pacific ,7054655,90670,87387,51278,119840,140461,2494680,2473975,410890,441389,302257,262860,22542,22603,46271,45996,135656,133019,3532136,3520303
WI,FUROSEMIDE,HIGH BLOOD PRESSURE,598833,1,Midwest,East North Central ,5751525,14771,67061,49334,185104,178114,2382481,2345148,177736,190889,78289,73909,909,1006,25206,25084,44705,43394,2894430,2857544
WI,LEVOTHYROXINE SODIUM,HYPOTHYROIDISM,724862,5,Midwest,East North Central ,5751525,14771,67061,49334,185104,178114,2382481,2345148,177736,190889,78289,73909,909,1006,25206,25084,44705,43394,2894430,2857544
WI,LISINOPRIL,HIGH BLOOD PRESSURE,679528,4,Midwest,East North Central ,5751525,14771,67061,49334,185104,178114,2382481,2345148,177736,190889,78289,73909,909,1006,25206,25084,44705,43394,2894430,2857544
WI,OMEPRAZOLE,GASTROESOPHAGEAL REFLUX DISEASE,660346,3,Midwest,East North Central ,5751525,14771,67061,49334,185104,178114,2382481,2345148,177736,190889,78289,73909,909,1006,25206,25084,44705,43394,2894430,2857544
WI,SIMVASTATIN,HIGH CHOLESTEROL,637494,2,Midwest,East North Central ,5751525,14771,67061,49334,185104,178114,2382481,2345148,177736,190889,78289,73909,909,1006,25206,25084,44705,43394,2894430,2857544
WV,FUROSEMIDE,HIGH BLOOD PRESSURE,266034,1,South,South Atlantic,1849489,-4425,20574,21655,29404,34447,870236,841761,12393,14524,7778,6790,191,212,1819,1963,13922,14027,935743,913724
WV,HYDROCODONE/ACETAMINOPHEN,SEVERE PAIN RELIEF,400423,5,South,South Atlantic,1849489,-4425,20574,21655,29404,34447,870236,841761,12393,14524,7778,6790,191,212,1819,1963,13922,14027,935743,913724
WV,LEVOTHYROXINE SODIUM,HYPOTHYROIDISM,397918,4,South,South Atlantic,1849489,-4425,20574,21655,29404,34447,870236,841761,12393,14524,7778,6790,191,212,1819,1963,13922,14027,935743,913724
WV,LISINOPRIL,HIGH BLOOD PRESSURE,343239,3,South,South Atlantic,1849489,-4425,20574,21655,29404,34447,870236,841761,12393,14524,7778,6790,191,212,1819,1963,13922,14027,935743,913724
WV,OMEPRAZOLE,GASTROESOPHAGEAL REFLUX DISEASE,302383,2,South,South Atlantic,1849489,-4425,20574,21655,29404,34447,870236,841761,12393,14524,7778,6790,191,212,1819,1963,13922,14027,935743,913724
WY,HYDROCODONE/ACETAMINOPHEN,SEVERE PAIN RELIEF,41874,1,West,Mountain,582531,409,7714,4527,2813,4172,242034,250301,26561,29603,2763,2246,195,205,6219,6153,4573,4710,285158,297390
WY,LEVOTHYROXINE SODIUM,HYPOTHYROIDISM,78676,5,West,Mountain,582531,409,7714,4527,2813,4172,242034,250301,26561,29603,2763,2246,195,205,6219,6153,4573,4710,285158,297390
WY,LISINOPRIL,HIGH BLOOD PRESSURE,51226,4,West,Mountain,582531,409,7714,4527,2813,4172,242034,250301,26561,29603,2763,2246,195,205,6219,6153,4573,4710,285158,297390
WY,OMEPRAZOLE,GASTROESOPHAGEAL REFLUX DISEASE,41966,2,West,Mountain,582531,409,7714,4527,2813,4172,242034,250301,26561,29603,2763,2246,195,205,6219,6153,4573,4710,285158,297390
WY,SIMVASTATIN,HIGH CHOLESTEROL,44117,3,West,Mountain,582531,409,7714,4527,2813,4172,242034,250301,26561,29603,2763,2246,195,205,6219,6153,4573,4710,285158,297390