state,drug_name,treatment_for,REGION_name,DIVISION_name,row_rank,total_claims_count_percent,black_female_percent,black_male_percent,white_female_percent,white_male_percent,hispanic_female_percent,hispanic_male_percent,asian_female_percent,asian_male_percent,pac_islander_female_percent,pac_islander_male_percent,nat_amer_female_percent,nat_amer_male_percent,mult_rac_female_percent,mult_rac_male_percent,female_total_percent,male_total_percent
AK,HYDROCODONE/ACETAMINOPHEN,SEVERE PAIN RELIEF,West,Pacific ,2,0.165459548,0.014070677,0.018939728,0.29083654,0.330286045,0.031669888,0.035231019,0.030747688,0.027847988,0.005831997,0.006019425,0.071217181,0.07313628,0.031959179,0.032238962,0.476333149,0.523699447
AK,LEVOTHYROXINE SODIUM,HYPOTHYROIDISM,West,Pacific ,4,0.198269894,0.014070677,0.018939728,0.29083654,0.330286045,0.031669888,0.035231019,0.030747688,0.027847988,0.005831997,0.006019425,0.071217181,0.07313628,0.031959179,0.032238962,0.476333149,0.523699447
AK,LISINOPRIL,HIGH BLOOD PRESSURE,West,Pacific ,5,0.277398675,0.014070677,0.018939728,0.29083654,0.330286045,0.031669888,0.035231019,0.030747688,0.027847988,0.005831997,0.006019425,0.071217181,0.07313628,0.031959179,0.032238962,0.476333149,0.523699447
AK,OMEPRAZOLE,GASTROESOPHAGEAL REFLUX DISEASE,West,Pacific ,3,0.195314636,0.014070677,0.018939728,0.29083654,0.330286045,0.031669888,0.035231019,0.030747688,0.027847988,0.005831997,0.006019425,0.071217181,0.07313628,0.031959179,0.032238962,0.476333149,0.523699447
AK,SIMVASTATIN,HIGH CHOLESTEROL,West,Pacific ,1,0.163557246,0.014070677,0.018939728,0.29083654,0.330286045,0.031669888,0.035231019,0.030747688,0.027847988,0.005831997,0.006019425,0.071217181,0.07313628,0.031959179,0.032238962,0.476333149,0.523699447
AL,AMLODIPINE BESYLATE,HIGH BLOOD PRESSURE,South,East South Central ,2,0.175900002,0.140869954,0.1228785,0.338415535,0.324213583,0.018697389,0.021786324,0.007013715,0.006120039,0.000237102,0.000235243,0.002813417,0.002721303,0.007258459,0.006880294,0.515305571,0.484835285
AL,HYDROCODONE/ACETAMINOPHEN,SEVERE PAIN RELIEF,South,East South Central ,5,0.301444705,0.140869954,0.1228785,0.338415535,0.324213583,0.018697389,0.021786324,0.007013715,0.006120039,0.000237102,0.000235243,0.002813417,0.002721303,0.007258459,0.006880294,0.515305571,0.484835285
AL,LEVOTHYROXINE SODIUM,HYPOTHYROIDISM,South,East South Central ,3,0.182165993,0.140869954,0.1228785,0.338415535,0.324213583,0.018697389,0.021786324,0.007013715,0.006120039,0.000237102,0.000235243,0.002813417,0.002721303,0.007258459,0.006880294,0.515305571,0.484835285
AL,LISINOPRIL,HIGH BLOOD PRESSURE,South,East South Central ,1,0.151156998,0.140869954,0.1228785,0.338415535,0.324213583,0.018697389,0.021786324,0.007013715,0.006120039,0.000237102,0.000235243,0.002813417,0.002721303,0.007258459,0.006880294,0.515305571,0.484835285
AL,OMEPRAZOLE,GASTROESOPHAGEAL REFLUX DISEASE,South,East South Central ,4,0.189332302,0.140869954,0.1228785,0.338415535,0.324213583,0.018697389,0.021786324,0.007013715,0.006120039,0.000237102,0.000235243,0.002813417,0.002721303,0.007258459,0.006880294,0.515305571,0.484835285
AR,AMLODIPINE BESYLATE,HIGH BLOOD PRESSURE,South,West South Central ,2,0.183521511,0.080756098,0.073227602,0.37356507,0.360509498,0.033290849,0.03706487,0.00762791,0.006991324,0.001221948,0.001288337,0.003685391,0.003564409,0.008797624,0.008521624,0.508944892,0.491167665
AR,HYDROCODONE/ACETAMINOPHEN,SEVERE PAIN RELIEF,South,West South Central ,5,0.238385589,0.080756098,0.073227602,0.37356507,0.360509498,0.033290849,0.03706487,0.00762791,0.006991324,0.001221948,0.001288337,0.003685391,0.003564409,0.008797624,0.008521624,0.508944892,0.491167665
AR,LEVOTHYROXINE SODIUM,HYPOTHYROIDISM,South,West South Central ,4,0.204467829,0.080756098,0.073227602,0.37356507,0.360509498,0.033290849,0.03706487,0.00762791,0.006991324,0.001221948,0.001288337,0.003685391,0.003564409,0.008797624,0.008521624,0.508944892,0.491167665
AR,LISINOPRIL,HIGH BLOOD PRESSURE,South,West South Central ,3,0.202515683,0.080756098,0.073227602,0.37356507,0.360509498,0.033290849,0.03706487,0.00762791,0.006991324,0.001221948,0.001288337,0.003685391,0.003564409,0.008797624,0.008521624,0.508944892,0.491167665
AR,OMEPRAZOLE,GASTROESOPHAGEAL REFLUX DISEASE,South,West South Central ,1,0.171109389,0.080756098,0.073227602,0.37356507,0.360509498,0.033290849,0.03706487,0.00762791,0.006991324,0.001221948,0.001288337,0.003685391,0.003564409,0.008797624,0.008521624,0.508944892,0.491167665
AZ,AMLODIPINE BESYLATE,HIGH BLOOD PRESSURE,West,Mountain,2,0.167347646,0.019261077,0.021208208,0.283652132,0.27743082,0.152355138,0.154043296,0.016594821,0.014643826,0.00080946,0.000988944,0.020826359,0.019740988,0.009554837,0.009399275,0.503053824,0.497455357
AZ,LEVOTHYROXINE SODIUM,HYPOTHYROIDISM,West,Mountain,5,0.264604343,0.019261077,0.021208208,0.283652132,0.27743082,0.152355138,0.154043296,0.016594821,0.014643826,0.00080946,0.000988944,0.020826359,0.019740988,0.009554837,0.009399275,0.503053824,0.497455357
AZ,LISINOPRIL,HIGH BLOOD PRESSURE,West,Mountain,4,0.253204766,0.019261077,0.021208208,0.283652132,0.27743082,0.152355138,0.154043296,0.016594821,0.014643826,0.00080946,0.000988944,0.020826359,0.019740988,0.009554837,0.009399275,0.503053824,0.497455357
AZ,OMEPRAZOLE,GASTROESOPHAGEAL REFLUX DISEASE,West,Mountain,1,0.143339164,0.019261077,0.021208208,0.283652132,0.27743082,0.152355138,0.154043296,0.016594821,0.014643826,0.00080946,0.000988944,0.020826359,0.019740988,0.009554837,0.009399275,0.503053824,0.497455357
AZ,SIMVASTATIN,HIGH CHOLESTEROL,West,Mountain,3,0.171504082,0.019261077,0.021208208,0.283652132,0.27743082,0.152355138,0.154043296,0.016594821,0.014643826,0.00080946,0.000988944,0.020826359,0.019740988,0.009554837,0.009399275,0.503053824,0.497455357
CA,AMLODIPINE BESYLATE,HIGH BLOOD PRESSURE,West,Pacific ,3,0.202795512,0.028905273,0.028324605,0.193612597,0.192821395,0.191418954,0.193849481,0.072504625,0.065177341,0.0018453,0.001805789,0.002161284,0.00211641,0.013262206,0.012924511,0.503710239,0.497019533
CA,ATORVASTATIN CALCIUM,HIGH CHOLESTEROL,West,Pacific ,2,0.200110193,0.028905273,0.028324605,0.193612597,0.192821395,0.191418954,0.193849481,0.072504625,0.065177341,0.0018453,0.001805789,0.002161284,0.00211641,0.013262206,0.012924511,0.503710239,0.497019533
CA,HYDROCODONE/ACETAMINOPHEN,SEVERE PAIN RELIEF,West,Pacific ,4,0.203443139,0.028905273,0.028324605,0.193612597,0.192821395,0.191418954,0.193849481,0.072504625,0.065177341,0.0018453,0.001805789,0.002161284,0.00211641,0.013262206,0.012924511,0.503710239,0.497019533
CA,LEVOTHYROXINE SODIUM,HYPOTHYROIDISM,West,Pacific ,5,0.209133729,0.028905273,0.028324605,0.193612597,0.192821395,0.191418954,0.193849481,0.072504625,0.065177341,0.0018453,0.001805789,0.002161284,0.00211641,0.013262206,0.012924511,0.503710239,0.497019533
CA,SIMVASTATIN,HIGH CHOLESTEROL,West,Pacific ,1,0.184517426,0.028905273,0.028324605,0.193612597,0.192821395,0.191418954,0.193849481,0.072504625,0.065177341,0.0018453,0.001805789,0.002161284,0.00211641,0.013262206,0.012924511,0.503710239,0.497019533
CO,ATORVASTATIN CALCIUM,HIGH CHOLESTEROL,West,Mountain,2,0.154622469,0.018386195,0.020986894,0.345030122,0.345453665,0.103988504,0.107719462,0.016360065,0.013682359,0.000610269,0.000650642,0.003114334,0.00317265,0.010605594,0.010448027,0.498095083,0.502113698
CO,LEVOTHYROXINE SODIUM,HYPOTHYROIDISM,West,Mountain,5,0.28323675,0.018386195,0.020986894,0.345030122,0.345453665,0.103988504,0.107719462,0.016360065,0.013682359,0.000610269,0.000650642,0.003114334,0.00317265,0.010605594,0.010448027,0.498095083,0.502113698
CO,LISINOPRIL,HIGH BLOOD PRESSURE,West,Mountain,4,0.224818426,0.018386195,0.020986894,0.345030122,0.345453665,0.103988504,0.107719462,0.016360065,0.013682359,0.000610269,0.000650642,0.003114334,0.00317265,0.010605594,0.010448027,0.498095083,0.502113698
CO,OMEPRAZOLE,GASTROESOPHAGEAL REFLUX DISEASE,West,Mountain,1,0.154480506,0.018386195,0.020986894,0.345030122,0.345453665,0.103988504,0.107719462,0.016360065,0.013682359,0.000610269,0.000650642,0.003114334,0.00317265,0.010605594,0.010448027,0.498095083,0.502113698
CO,SIMVASTATIN,HIGH CHOLESTEROL,West,Mountain,3,0.182841848,0.018386195,0.020986894,0.345030122,0.345453665,0.103988504,0.107719462,0.016360065,0.013682359,0.000610269,0.000650642,0.003114334,0.00317265,0.010605594,0.010448027,0.498095083,0.502113698
CT,AMLODIPINE BESYLATE,HIGH BLOOD PRESSURE,Northeast,New England ,3,0.195017819,0.051382603,0.04699287,0.354062457,0.33600193,0.074807123,0.074613495,0.022476411,0.020874808,0.000181943,0.000171372,0.001084149,0.00107469,0.008393879,0.007954322,0.512388567,0.487683487
CT,ATORVASTATIN CALCIUM,HIGH CHOLESTEROL,Northeast,New England ,5,0.227769313,0.051382603,0.04699287,0.354062457,0.33600193,0.074807123,0.074613495,0.022476411,0.020874808,0.000181943,0.000171372,0.001084149,0.00107469,0.008393879,0.007954322,0.512388567,0.487683487
CT,FUROSEMIDE,HIGH BLOOD PRESSURE,Northeast,New England ,1,0.160543081,0.051382603,0.04699287,0.354062457,0.33600193,0.074807123,0.074613495,0.022476411,0.020874808,0.000181943,0.000171372,0.001084149,0.00107469,0.008393879,0.007954322,0.512388567,0.487683487
CT,LEVOTHYROXINE SODIUM,HYPOTHYROIDISM,Northeast,New England ,4,0.223687634,0.051382603,0.04699287,0.354062457,0.33600193,0.074807123,0.074613495,0.022476411,0.020874808,0.000181943,0.000171372,0.001084149,0.00107469,0.008393879,0.007954322,0.512388567,0.487683487
CT,LISINOPRIL,HIGH BLOOD PRESSURE,Northeast,New England ,2,0.192982154,0.051382603,0.04699287,0.354062457,0.33600193,0.074807123,0.074613495,0.022476411,0.020874808,0.000181943,0.000171372,0.001084149,0.00107469,0.008393879,0.007954322,0.512388567,0.487683487
DE,AMLODIPINE BESYLATE,HIGH BLOOD PRESSURE,South,South Atlantic,2,0.178177829,0.112825165,0.100407834,0.328694127,0.308981251,0.042649388,0.044759873,0.018847448,0.018016337,0.000167295,0.000170512,0.001600022,0.001565705,0.01118836,0.010243574,0.515971804,0.484145087
DE,ATORVASTATIN CALCIUM,HIGH CHOLESTEROL,South,South Atlantic,4,0.217464349,0.112825165,0.100407834,0.328694127,0.308981251,0.042649388,0.044759873,0.018847448,0.018016337,0.000167295,0.000170512,0.001600022,0.001565705,0.01118836,0.010243574,0.515971804,0.484145087
DE,LEVOTHYROXINE SODIUM,HYPOTHYROIDISM,South,South Atlantic,5,0.225087074,0.112825165,0.100407834,0.328694127,0.308981251,0.042649388,0.044759873,0.018847448,0.018016337,0.000167295,0.000170512,0.001600022,0.001565705,0.01118836,0.010243574,0.515971804,0.484145087
DE,LISINOPRIL,HIGH BLOOD PRESSURE,South,South Atlantic,3,0.216816463,0.112825165,0.100407834,0.328694127,0.308981251,0.042649388,0.044759873,0.018847448,0.018016337,0.000167295,0.000170512,0.001600022,0.001565705,0.01118836,0.010243574,0.515971804,0.484145087
DE,OMEPRAZOLE,GASTROESOPHAGEAL REFLUX DISEASE,South,South Atlantic,1,0.162454285,0.112825165,0.100407834,0.328694127,0.308981251,0.042649388,0.044759873,0.018847448,0.018016337,0.000167295,0.000170512,0.001600022,0.001565705,0.01118836,0.010243574,0.515971804,0.484145087
FL,AMLODIPINE BESYLATE,HIGH BLOOD PRESSURE,South,South Atlantic,3,0.196876639,0.081178234,0.074993836,0.283868702,0.273372585,0.12272513,0.119687577,0.014138731,0.012092415,0.000308376,0.00030505,0.001268523,0.001285051,0.007925159,0.007577178,0.511412855,0.489313693
FL,LEVOTHYROXINE SODIUM,HYPOTHYROIDISM,South,South Atlantic,5,0.218236849,0.081178234,0.074993836,0.283868702,0.273372585,0.12272513,0.119687577,0.014138731,0.012092415,0.000308376,0.00030505,0.001268523,0.001285051,0.007925159,0.007577178,0.511412855,0.489313693
FL,LISINOPRIL,HIGH BLOOD PRESSURE,South,South Atlantic,4,0.210108201,0.081178234,0.074993836,0.283868702,0.273372585,0.12272513,0.119687577,0.014138731,0.012092415,0.000308376,0.00030505,0.001268523,0.001285051,0.007925159,0.007577178,0.511412855,0.489313693
FL,OMEPRAZOLE,GASTROESOPHAGEAL REFLUX DISEASE,South,South Atlantic,2,0.189606612,0.081178234,0.074993836,0.283868702,0.273372585,0.12272513,0.119687577,0.014138731,0.012092415,0.000308376,0.00030505,0.001268523,0.001285051,0.007925159,0.007577178,0.511412855,0.489313693
FL,SIMVASTATIN,HIGH CHOLESTEROL,South,South Atlantic,1,0.1851717,0.081178234,0.074993836,0.283868702,0.273372585,0.12272513,0.119687577,0.014138731,0.012092415,0.000308376,0.00030505,0.001268523,0.001285051,0.007925159,0.007577178,0.511412855,0.489313693
GA,AMLODIPINE BESYLATE,HIGH BLOOD PRESSURE,South,South Atlantic,5,0.219526055,0.163992591,0.144362061,0.276235245,0.267657554,0.043039638,0.048031653,0.0192336,0.01804311,0.000293426,0.000307829,0.001138341,0.00111927,0.008698776,0.008018056,0.512631617,0.487539532
GA,HYDROCODONE/ACETAMINOPHEN,SEVERE PAIN RELIEF,South,South Atlantic,4,0.212207127,0.163992591,0.144362061,0.276235245,0.267657554,0.043039638,0.048031653,0.0192336,0.01804311,0.000293426,0.000307829,0.001138341,0.00111927,0.008698776,0.008018056,0.512631617,0.487539532
GA,LEVOTHYROXINE SODIUM,HYPOTHYROIDISM,South,South Atlantic,3,0.205662226,0.163992591,0.144362061,0.276235245,0.267657554,0.043039638,0.048031653,0.0192336,0.01804311,0.000293426,0.000307829,0.001138341,0.00111927,0.008698776,0.008018056,0.512631617,0.487539532
GA,LISINOPRIL,HIGH BLOOD PRESSURE,South,South Atlantic,2,0.20024147,0.163992591,0.144362061,0.276235245,0.267657554,0.043039638,0.048031653,0.0192336,0.01804311,0.000293426,0.000307829,0.001138341,0.00111927,0.008698776,0.008018056,0.512631617,0.487539532
GA,SIMVASTATIN,HIGH CHOLESTEROL,South,South Atlantic,1,0.162363122,0.163992591,0.144362061,0.276235245,0.267657554,0.043039638,0.048031653,0.0192336,0.01804311,0.000293426,0.000307829,0.001138341,0.00111927,0.008698776,0.008018056,0.512631617,0.487539532
HI,AMLODIPINE BESYLATE,HIGH BLOOD PRESSURE,West,Pacific ,4,0.203320277,0.006917453,0.01117538,0.102866095,0.12219396,0.049064783,0.051600593,0.196653607,0.170767417,0.046687328,0.048507004,0.000996085,0.001158682,0.094506475,0.097134188,0.497691826,0.502537224
HI,ATORVASTATIN CALCIUM,HIGH CHOLESTEROL,West,Pacific ,5,0.236209223,0.006917453,0.01117538,0.102866095,0.12219396,0.049064783,0.051600593,0.196653607,0.170767417,0.046687328,0.048507004,0.000996085,0.001158682,0.094506475,0.097134188,0.497691826,0.502537224
HI,LISINOPRIL,HIGH BLOOD PRESSURE,West,Pacific ,2,0.185086997,0.006917453,0.01117538,0.102866095,0.12219396,0.049064783,0.051600593,0.196653607,0.170767417,0.046687328,0.048507004,0.000996085,0.001158682,0.094506475,0.097134188,0.497691826,0.502537224
HI,LOSARTAN POTASSIUM,HIGH BLOOD PRESSURE,West,Pacific ,3,0.193352571,0.006917453,0.01117538,0.102866095,0.12219396,0.049064783,0.051600593,0.196653607,0.170767417,0.046687328,0.048507004,0.000996085,0.001158682,0.094506475,0.097134188,0.497691826,0.502537224
HI,SIMVASTATIN,HIGH CHOLESTEROL,West,Pacific ,1,0.182030931,0.006917453,0.01117538,0.102866095,0.12219396,0.049064783,0.051600593,0.196653607,0.170767417,0.046687328,0.048507004,0.000996085,0.001158682,0.094506475,0.097134188,0.497691826,0.502537224
IA,FUROSEMIDE,HIGH BLOOD PRESSURE,Midwest,West North Central ,1,0.170231357,0.015456928,0.017483718,0.440562175,0.428901539,0.026634506,0.029121199,0.011375689,0.01160146,0.000379822,0.000419702,0.001468153,0.001436635,0.00755399,0.007654011,0.503431264,0.496618264
IA,LEVOTHYROXINE SODIUM,HYPOTHYROIDISM,Midwest,West North Central ,5,0.234669593,0.015456928,0.017483718,0.440562175,0.428901539,0.026634506,0.029121199,0.011375689,0.01160146,0.000379822,0.000419702,0.001468153,0.001436635,0.00755399,0.007654011,0.503431264,0.496618264
IA,LISINOPRIL,HIGH BLOOD PRESSURE,Midwest,West North Central ,2,0.185387926,0.015456928,0.017483718,0.440562175,0.428901539,0.026634506,0.029121199,0.011375689,0.01160146,0.000379822,0.000419702,0.001468153,0.001436635,0.00755399,0.007654011,0.503431264,0.496618264
IA,OMEPRAZOLE,GASTROESOPHAGEAL REFLUX DISEASE,Midwest,West North Central ,4,0.207414944,0.015456928,0.017483718,0.440562175,0.428901539,0.026634506,0.029121199,0.011375689,0.01160146,0.000379822,0.000419702,0.001468153,0.001436635,0.00755399,0.007654011,0.503431264,0.496618264
IA,SIMVASTATIN,HIGH CHOLESTEROL,Midwest,West North Central ,3,0.202296179,0.015456928,0.017483718,0.440562175,0.428901539,0.026634506,0.029121199,0.011375689,0.01160146,0.000379822,0.000419702,0.001468153,0.001436635,0.00755399,0.007654011,0.503431264,0.496618264
ID,HYDROCODONE/ACETAMINOPHEN,SEVERE PAIN RELIEF,West,Mountain,4,0.236203529,0.002720843,0.00384339,0.415450319,0.413649706,0.058276807,0.062230552,0.007168729,0.005816277,0.000753474,0.000860149,0.005593117,0.005567368,0.009120772,0.009173496,0.49908406,0.501140939
ID,LEVOTHYROXINE SODIUM,HYPOTHYROIDISM,West,Mountain,5,0.247240483,0.002720843,0.00384339,0.415450319,0.413649706,0.058276807,0.062230552,0.007168729,0.005816277,0.000753474,0.000860149,0.005593117,0.005567368,0.009120772,0.009173496,0.49908406,0.501140939
ID,LISINOPRIL,HIGH BLOOD PRESSURE,West,Mountain,2,0.181252143,0.002720843,0.00384339,0.415450319,0.413649706,0.058276807,0.062230552,0.007168729,0.005816277,0.000753474,0.000860149,0.005593117,0.005567368,0.009120772,0.009173496,0.49908406,0.501140939
ID,OMEPRAZOLE,GASTROESOPHAGEAL REFLUX DISEASE,West,Mountain,3,0.192300262,0.002720843,0.00384339,0.415450319,0.413649706,0.058276807,0.062230552,0.007168729,0.005816277,0.000753474,0.000860149,0.005593117,0.005567368,0.009120772,0.009173496,0.49908406,0.501140939
ID,SIMVASTATIN,HIGH CHOLESTEROL,West,Mountain,1,0.143003583,0.002720843,0.00384339,0.415450319,0.413649706,0.058276807,0.062230552,0.007168729,0.005816277,0.000753474,0.000860149,0.005593117,0.005567368,0.009120772,0.009173496,0.49908406,0.501140939
IL,AMLODIPINE BESYLATE,HIGH BLOOD PRESSURE,Midwest,East North Central ,2,0.189035365,0.075448914,0.066566065,0.317651692,0.306194819,0.080769961,0.084953052,0.027059194,0.025131761,0.000132485,0.000139703,0.000761924,0.000742443,0.007476584,0.007318255,0.509300754,0.491046097
IL,ATORVASTATIN CALCIUM,HIGH CHOLESTEROL,Midwest,East North Central ,1,0.187435751,0.075448914,0.066566065,0.317651692,0.306194819,0.080769961,0.084953052,0.027059194,0.025131761,0.000132485,0.000139703,0.000761924,0.000742443,0.007476584,0.007318255,0.509300754,0.491046097
IL,HYDROCODONE/ACETAMINOPHEN,SEVERE PAIN RELIEF,Midwest,East North Central ,3,0.189722756,0.075448914,0.066566065,0.317651692,0.306194819,0.080769961,0.084953052,0.027059194,0.025131761,0.000132485,0.000139703,0.000761924,0.000742443,0.007476584,0.007318255,0.509300754,0.491046097
IL,LEVOTHYROXINE SODIUM,HYPOTHYROIDISM,Midwest,East North Central ,5,0.226462913,0.075448914,0.066566065,0.317651692,0.306194819,0.080769961,0.084953052,0.027059194,0.025131761,0.000132485,0.000139703,0.000761924,0.000742443,0.007476584,0.007318255,0.509300754,0.491046097
IL,LISINOPRIL,HIGH BLOOD PRESSURE,Midwest,East North Central ,4,0.207343215,0.075448914,0.066566065,0.317651692,0.306194819,0.080769961,0.084953052,0.027059194,0.025131761,0.000132485,0.000139703,0.000761924,0.000742443,0.007476584,0.007318255,0.509300754,0.491046097
IN,AMLODIPINE BESYLATE,HIGH BLOOD PRESSURE,Midwest,East North Central ,2,0.175148174,0.04794041,0.044460241,0.408079053,0.394984321,0.031266474,0.033811349,0.010193301,0.009887097,0.000169254,0.000161064,0.001139431,0.00111471,0.008546261,0.008230199,0.507334184,0.492648981
IN,HYDROCODONE/ACETAMINOPHEN,SEVERE PAIN RELIEF,Midwest,East North Central ,5,0.241132955,0.04794041,0.044460241,0.408079053,0.394984321,0.031266474,0.033811349,0.010193301,0.009887097,0.000169254,0.000161064,0.001139431,0.00111471,0.008546261,0.008230199,0.507334184,0.492648981
IN,LEVOTHYROXINE SODIUM,HYPOTHYROIDISM,Midwest,East North Central ,4,0.229533723,0.04794041,0.044460241,0.408079053,0.394984321,0.031266474,0.033811349,0.010193301,0.009887097,0.000169254,0.000161064,0.001139431,0.00111471,0.008546261,0.008230199,0.507334184,0.492648981
IN,LISINOPRIL,HIGH BLOOD PRESSURE,Midwest,East North Central ,3,0.192015285,0.04794041,0.044460241,0.408079053,0.394984321,0.031266474,0.033811349,0.010193301,0.009887097,0.000169254,0.000161064,0.001139431,0.00111471,0.008546261,0.008230199,0.507334184,0.492648981
IN,OMEPRAZOLE,GASTROESOPHAGEAL REFLUX DISEASE,Midwest,East North Central ,1,0.162169863,0.04794041,0.044460241,0.408079053,0.394984321,0.031266474,0.033811349,0.010193301,0.009887097,0.000169254,0.000161064,0.001139431,0.00111471,0.008546261,0.008230199,0.507334184,0.492648981
KS,AMLODIPINE BESYLATE,HIGH BLOOD PRESSURE,Midwest,West North Central ,1,0.166800678,0.028197106,0.029974056,0.388838035,0.37956714,0.054507969,0.058986201,0.014184228,0.013295409,0.00035408,0.000405106,0.004019686,0.00395349,0.011990105,0.011872538,0.502091209,0.498053939
KS,HYDROCODONE/ACETAMINOPHEN,SEVERE PAIN RELIEF,Midwest,West North Central ,4,0.201128667,0.028197106,0.029974056,0.388838035,0.37956714,0.054507969,0.058986201,0.014184228,0.013295409,0.00035408,0.000405106,0.004019686,0.00395349,0.011990105,0.011872538,0.502091209,0.498053939
KS,LEVOTHYROXINE SODIUM,HYPOTHYROIDISM,Midwest,West North Central ,5,0.258432294,0.028197106,0.029974056,0.388838035,0.37956714,0.054507969,0.058986201,0.014184228,0.013295409,0.00035408,0.000405106,0.004019686,0.00395349,0.011990105,0.011872538,0.502091209,0.498053939
KS,LISINOPRIL,HIGH BLOOD PRESSURE,Midwest,West North Central ,3,0.192640572,0.028197106,0.029974056,0.388838035,0.37956714,0.054507969,0.058986201,0.014184228,0.013295409,0.00035408,0.000405106,0.004019686,0.00395349,0.011990105,0.011872538,0.502091209,0.498053939
KS,SIMVASTATIN,HIGH CHOLESTEROL,Midwest,West North Central ,2,0.18099779,0.028197106,0.029974056,0.388838035,0.37956714,0.054507969,0.058986201,0.014184228,0.013295409,0.00035408,0.000405106,0.004019686,0.00395349,0.011990105,0.011872538,0.502091209,0.498053939
KY,AMLODIPINE BESYLATE,HIGH BLOOD PRESSURE,South,East South Central ,1,0.163375478,0.040190977,0.039511602,0.435179457,0.418604419,0.015424698,0.01865394,0.007078733,0.006393921,0.000271388,0.000287472,0.001028691,0.001044322,0.008295221,0.008065515,0.507469165,0.492561191
KY,HYDROCODONE/ACETAMINOPHEN,SEVERE PAIN RELIEF,South,East South Central ,5,0.238888642,0.040190977,0.039511602,0.435179457,0.418604419,0.015424698,0.01865394,0.007078733,0.006393921,0.000271388,0.000287472,0.001028691,0.001044322,0.008295221,0.008065515,0.507469165,0.492561191
KY,LEVOTHYROXINE SODIUM,HYPOTHYROIDISM,South,East South Central ,3,0.212183747,0.040190977,0.039511602,0.435179457,0.418604419,0.015424698,0.01865394,0.007078733,0.006393921,0.000271388,0.000287472,0.001028691,0.001044322,0.008295221,0.008065515,0.507469165,0.492561191
KY,LISINOPRIL,HIGH BLOOD PRESSURE,South,East South Central ,4,0.212412718,0.040190977,0.039511602,0.435179457,0.418604419,0.015424698,0.01865394,0.007078733,0.006393921,0.000271388,0.000287472,0.001028691,0.001044322,0.008295221,0.008065515,0.507469165,0.492561191
KY,OMEPRAZOLE,GASTROESOPHAGEAL REFLUX DISEASE,South,East South Central ,2,0.173139414,0.040190977,0.039511602,0.435179457,0.418604419,0.015424698,0.01865394,0.007078733,0.006393921,0.000271388,0.000287472,0.001028691,0.001044322,0.008295221,0.008065515,0.507469165,0.492561191
LA,AMLODIPINE BESYLATE,HIGH BLOOD PRESSURE,South,West South Central ,4,0.219640961,0.168590183,0.152429806,0.30126423,0.292775451,0.022034822,0.026048377,0.008390157,0.008179564,0.000188845,0.000189491,0.003200034,0.003128114,0.006952608,0.006669447,0.510620879,0.489420249
LA,ATORVASTATIN CALCIUM,HIGH CHOLESTEROL,South,West South Central ,1,0.161077648,0.168590183,0.152429806,0.30126423,0.292775451,0.022034822,0.026048377,0.008390157,0.008179564,0.000188845,0.000189491,0.003200034,0.003128114,0.006952608,0.006669447,0.510620879,0.489420249
LA,HYDROCODONE/ACETAMINOPHEN,SEVERE PAIN RELIEF,South,West South Central ,5,0.239732633,0.168590183,0.152429806,0.30126423,0.292775451,0.022034822,0.026048377,0.008390157,0.008179564,0.000188845,0.000189491,0.003200034,0.003128114,0.006952608,0.006669447,0.510620879,0.489420249
LA,LEVOTHYROXINE SODIUM,HYPOTHYROIDISM,South,West South Central ,3,0.208701773,0.168590183,0.152429806,0.30126423,0.292775451,0.022034822,0.026048377,0.008390157,0.008179564,0.000188845,0.000189491,0.003200034,0.003128114,0.006952608,0.006669447,0.510620879,0.489420249
LA,LISINOPRIL,HIGH BLOOD PRESSURE,South,West South Central ,2,0.170846985,0.168590183,0.152429806,0.30126423,0.292775451,0.022034822,0.026048377,0.008390157,0.008179564,0.000188845,0.000189491,0.003200034,0.003128114,0.006952608,0.006669447,0.510620879,0.489420249
MA,ATORVASTATIN CALCIUM,HIGH CHOLESTEROL,Northeast,New England ,1,0.16935631,0.035189001,0.033111988,0.382860665,0.358804666,0.055003434,0.054021266,0.032493883,0.02975869,0.000208204,0.000190312,0.000890782,0.00089788,0.008575849,0.008149533,0.515221817,0.484934336
MA,LEVOTHYROXINE SODIUM,HYPOTHYROIDISM,Northeast,New England ,2,0.185656395,0.035189001,0.033111988,0.382860665,0.358804666,0.055003434,0.054021266,0.032493883,0.02975869,0.000208204,0.000190312,0.000890782,0.00089788,0.008575849,0.008149533,0.515221817,0.484934336
MA,LISINOPRIL,HIGH BLOOD PRESSURE,Northeast,New England ,5,0.250054704,0.035189001,0.033111988,0.382860665,0.358804666,0.055003434,0.054021266,0.032493883,0.02975869,0.000208204,0.000190312,0.000890782,0.00089788,0.008575849,0.008149533,0.515221817,0.484934336
MA,OMEPRAZOLE,GASTROESOPHAGEAL REFLUX DISEASE,Northeast,New England ,3,0.196024012,0.035189001,0.033111988,0.382860665,0.358804666,0.055003434,0.054021266,0.032493883,0.02975869,0.000208204,0.000190312,0.000890782,0.00089788,0.008575849,0.008149533,0.515221817,0.484934336
MA,SIMVASTATIN,HIGH CHOLESTEROL,Northeast,New England ,4,0.198908578,0.035189001,0.033111988,0.382860665,0.358804666,0.055003434,0.054021266,0.032493883,0.02975869,0.000208204,0.000190312,0.000890782,0.00089788,0.008575849,0.008149533,0.515221817,0.484934336
MD,AMLODIPINE BESYLATE,HIGH BLOOD PRESSURE,South,South Atlantic,4,0.222057924,0.157023428,0.137121067,0.26892998,0.258043138,0.044246849,0.048145102,0.032185142,0.029026487,0.000254982,0.000229467,0.00124587,0.00116026,0.011695936,0.010840344,0.515582187,0.484565867
MD,ATORVASTATIN CALCIUM,HIGH CHOLESTEROL,South,South Atlantic,2,0.201230764,0.157023428,0.137121067,0.26892998,0.258043138,0.044246849,0.048145102,0.032185142,0.029026487,0.000254982,0.000229467,0.00124587,0.00116026,0.011695936,0.010840344,0.515582187,0.484565867
MD,FUROSEMIDE,HIGH BLOOD PRESSURE,South,South Atlantic,1,0.147706248,0.157023428,0.137121067,0.26892998,0.258043138,0.044246849,0.048145102,0.032185142,0.029026487,0.000254982,0.000229467,0.00124587,0.00116026,0.011695936,0.010840344,0.515582187,0.484565867
MD,LEVOTHYROXINE SODIUM,HYPOTHYROIDISM,South,South Atlantic,3,0.204297248,0.157023428,0.137121067,0.26892998,0.258043138,0.044246849,0.048145102,0.032185142,0.029026487,0.000254982,0.000229467,0.00124587,0.00116026,0.011695936,0.010840344,0.515582187,0.484565867
MD,LISINOPRIL,HIGH BLOOD PRESSURE,South,South Atlantic,5,0.224707816,0.157023428,0.137121067,0.26892998,0.258043138,0.044246849,0.048145102,0.032185142,0.029026487,0.000254982,0.000229467,0.00124587,0.00116026,0.011695936,0.010840344,0.515582187,0.484565867
ME,ATORVASTATIN CALCIUM,HIGH CHOLESTEROL,Northeast,New England ,3,0.184957014,0.006166043,0.007664713,0.479119708,0.458597548,0.007482828,0.00767749,0.006450895,0.005059703,0.000134535,0.000136789,0.003250626,0.003135633,0.007731604,0.007577528,0.510336239,0.489849404
ME,LEVOTHYROXINE SODIUM,HYPOTHYROIDISM,Northeast,New England ,4,0.230010829,0.006166043,0.007664713,0.479119708,0.458597548,0.007482828,0.00767749,0.006450895,0.005059703,0.000134535,0.000136789,0.003250626,0.003135633,0.007731604,0.007577528,0.510336239,0.489849404
ME,LISINOPRIL,HIGH BLOOD PRESSURE,Northeast,New England ,5,0.230177691,0.006166043,0.007664713,0.479119708,0.458597548,0.007482828,0.00767749,0.006450895,0.005059703,0.000134535,0.000136789,0.003250626,0.003135633,0.007731604,0.007577528,0.510336239,0.489849404
ME,OMEPRAZOLE,GASTROESOPHAGEAL REFLUX DISEASE,Northeast,New England ,2,0.182662939,0.006166043,0.007664713,0.479119708,0.458597548,0.007482828,0.00767749,0.006450895,0.005059703,0.000134535,0.000136789,0.003250626,0.003135633,0.007731604,0.007577528,0.510336239,0.489849404
ME,SIMVASTATIN,HIGH CHOLESTEROL,Northeast,New England ,1,0.172191527,0.006166043,0.007664713,0.479119708,0.458597548,0.007482828,0.00767749,0.006450895,0.005059703,0.000134535,0.000136789,0.003250626,0.003135633,0.007731604,0.007577528,0.510336239,0.489849404
MI,HYDROCODONE/ACETAMINOPHEN,SEVERE PAIN RELIEF,Midwest,East North Central ,5,0.266165475,0.073055499,0.066039178,0.383721886,0.374089311,0.023668741,0.024416487,0.014833057,0.01404231,0.000127998,0.000123063,0.002830255,0.002803165,0.010343764,0.009979911,0.508581199,0.491493425
MI,LEVOTHYROXINE SODIUM,HYPOTHYROIDISM,Midwest,East North Central ,4,0.195686019,0.073055499,0.066039178,0.383721886,0.374089311,0.023668741,0.024416487,0.014833057,0.01404231,0.000127998,0.000123063,0.002830255,0.002803165,0.010343764,0.009979911,0.508581199,0.491493425
MI,LISINOPRIL,HIGH BLOOD PRESSURE,Midwest,East North Central ,3,0.195420228,0.073055499,0.066039178,0.383721886,0.374089311,0.023668741,0.024416487,0.014833057,0.01404231,0.000127998,0.000123063,0.002830255,0.002803165,0.010343764,0.009979911,0.508581199,0.491493425
MI,OMEPRAZOLE,GASTROESOPHAGEAL REFLUX DISEASE,Midwest,East North Central ,1,0.163485218,0.073055499,0.066039178,0.383721886,0.374089311,0.023668741,0.024416487,0.014833057,0.01404231,0.000127998,0.000123063,0.002830255,0.002803165,0.010343764,0.009979911,0.508581199,0.491493425
MI,SIMVASTATIN,HIGH CHOLESTEROL,Midwest,East North Central ,2,0.17924306,0.073055499,0.066039178,0.383721886,0.374089311,0.023668741,0.024416487,0.014833057,0.01404231,0.000127998,0.000123063,0.002830255,0.002803165,0.010343764,0.009979911,0.508581199,0.491493425
MN,AMLODIPINE BESYLATE,HIGH BLOOD PRESSURE,Midwest,West North Central ,1,0.151518345,0.02809187,0.029268517,0.410669521,0.403293183,0.0244414,0.026453111,0.023635504,0.022455738,0.000211151,0.000209867,0.005402784,0.005258775,0.010482695,0.010207153,0.502934924,0.497146345
MN,LEVOTHYROXINE SODIUM,HYPOTHYROIDISM,Midwest,West North Central ,3,0.206246682,0.02809187,0.029268517,0.410669521,0.403293183,0.0244414,0.026453111,0.023635504,0.022455738,0.000211151,0.000209867,0.005402784,0.005258775,0.010482695,0.010207153,0.502934924,0.497146345
MN,LISINOPRIL,HIGH BLOOD PRESSURE,Midwest,West North Central ,5,0.228902186,0.02809187,0.029268517,0.410669521,0.403293183,0.0244414,0.026453111,0.023635504,0.022455738,0.000211151,0.000209867,0.005402784,0.005258775,0.010482695,0.010207153,0.502934924,0.497146345
MN,OMEPRAZOLE,GASTROESOPHAGEAL REFLUX DISEASE,Midwest,West North Central ,2,0.195658917,0.02809187,0.029268517,0.410669521,0.403293183,0.0244414,0.026453111,0.023635504,0.022455738,0.000211151,0.000209867,0.005402784,0.005258775,0.010482695,0.010207153,0.502934924,0.497146345
MN,SIMVASTATIN,HIGH CHOLESTEROL,Midwest,West North Central ,4,0.21767387,0.02809187,0.029268517,0.410669521,0.403293183,0.0244414,0.026453111,0.023635504,0.022455738,0.000211151,0.000209867,0.005402784,0.005258775,0.010482695,0.010207153,0.502934924,0.497146345
MO,AMLODIPINE BESYLATE,HIGH BLOOD PRESSURE,Midwest,West North Central ,2,0.184143959,0.060855137,0.055114905,0.407655986,0.394209936,0.018819385,0.020216796,0.009772626,0.008782897,0.000558931,0.000576764,0.002075393,0.002121792,0.009709551,0.009544926,0.50944701,0.490568016
MO,HYDROCODONE/ACETAMINOPHEN,SEVERE PAIN RELIEF,Midwest,West North Central ,3,0.194369097,0.060855137,0.055114905,0.407655986,0.394209936,0.018819385,0.020216796,0.009772626,0.008782897,0.000558931,0.000576764,0.002075393,0.002121792,0.009709551,0.009544926,0.50944701,0.490568016
MO,LEVOTHYROXINE SODIUM,HYPOTHYROIDISM,Midwest,West North Central ,4,0.228571955,0.060855137,0.055114905,0.407655986,0.394209936,0.018819385,0.020216796,0.009772626,0.008782897,0.000558931,0.000576764,0.002075393,0.002121792,0.009709551,0.009544926,0.50944701,0.490568016
MO,LISINOPRIL,HIGH BLOOD PRESSURE,Midwest,West North Central ,5,0.230813479,0.060855137,0.055114905,0.407655986,0.394209936,0.018819385,0.020216796,0.009772626,0.008782897,0.000558931,0.000576764,0.002075393,0.002121792,0.009709551,0.009544926,0.50944701,0.490568016
MO,OMEPRAZOLE,GASTROESOPHAGEAL REFLUX DISEASE,Midwest,West North Central ,1,0.16210151,0.060855137,0.055114905,0.407655986,0.394209936,0.018819385,0.020216796,0.009772626,0.008782897,0.000558931,0.000576764,0.002075393,0.002121792,0.009709551,0.009544926,0.50944701,0.490568016
MS,AMLODIPINE BESYLATE,HIGH BLOOD PRESSURE,South,East South Central ,4,0.219788651,0.197052435,0.175236786,0.291095574,0.281338573,0.012924733,0.016791352,0.005224266,0.004642417,0.000161179,0.000179905,0.002507969,0.002345118,0.005407849,0.005143677,0.514374004,0.485677827
MS,HYDROCODONE/ACETAMINOPHEN,SEVERE PAIN RELIEF,South,East South Central ,5,0.255323149,0.197052435,0.175236786,0.291095574,0.281338573,0.012924733,0.016791352,0.005224266,0.004642417,0.000161179,0.000179905,0.002507969,0.002345118,0.005407849,0.005143677,0.514374004,0.485677827
MS,LEVOTHYROXINE SODIUM,HYPOTHYROIDISM,South,East South Central ,2,0.171912975,0.197052435,0.175236786,0.291095574,0.281338573,0.012924733,0.016791352,0.005224266,0.004642417,0.000161179,0.000179905,0.002507969,0.002345118,0.005407849,0.005143677,0.514374004,0.485677827
MS,LISINOPRIL,HIGH BLOOD PRESSURE,South,East South Central ,1,0.166462325,0.197052435,0.175236786,0.291095574,0.281338573,0.012924733,0.016791352,0.005224266,0.004642417,0.000161179,0.000179905,0.002507969,0.002345118,0.005407849,0.005143677,0.514374004,0.485677827
MS,OMEPRAZOLE,GASTROESOPHAGEAL REFLUX DISEASE,South,East South Central ,3,0.186512899,0.197052435,0.175236786,0.291095574,0.281338573,0.012924733,0.016791352,0.005224266,0.004642417,0.000161179,0.000179905,0.002507969,0.002345118,0.005407849,0.005143677,0.514374004,0.485677827
MT,HYDROCODONE/ACETAMINOPHEN,SEVERE PAIN RELIEF,West,Mountain,3,0.191474246,0.001907289,0.003009192,0.430849747,0.436418954,0.017040345,0.017832031,0.004556357,0.003229377,0.000280858,0.000393397,0.031028439,0.03050391,0.011451566,0.011520068,0.497114601,0.502906928
MT,LEVOTHYROXINE SODIUM,HYPOTHYROIDISM,West,Mountain,5,0.258306629,0.001907289,0.003009192,0.430849747,0.436418954,0.017040345,0.017832031,0.004556357,0.003229377,0.000280858,0.000393397,0.031028439,0.03050391,0.011451566,0.011520068,0.497114601,0.502906928
MT,LISINOPRIL,HIGH BLOOD PRESSURE,West,Mountain,4,0.193800268,0.001907289,0.003009192,0.430849747,0.436418954,0.017040345,0.017832031,0.004556357,0.003229377,0.000280858,0.000393397,0.031028439,0.03050391,0.011451566,0.011520068,0.497114601,0.502906928
MT,OMEPRAZOLE,GASTROESOPHAGEAL REFLUX DISEASE,West,Mountain,1,0.169713124,0.001907289,0.003009192,0.430849747,0.436418954,0.017040345,0.017832031,0.004556357,0.003229377,0.000280858,0.000393397,0.031028439,0.03050391,0.011451566,0.011520068,0.497114601,0.502906928
MT,SIMVASTATIN,HIGH CHOLESTEROL,West,Mountain,2,0.186705733,0.001907289,0.003009192,0.430849747,0.436418954,0.017040345,0.017832031,0.004556357,0.003229377,0.000280858,0.000393397,0.031028439,0.03050391,0.011451566,0.011520068,0.497114601,0.502906928
NC,AMLODIPINE BESYLATE,HIGH BLOOD PRESSURE,South,South Atlantic,4,0.208291767,0.114038748,0.100157084,0.328085581,0.313526067,0.042222468,0.046277583,0.013627559,0.012595432,0.000308772,0.000317632,0.00589899,0.005509274,0.009035943,0.008505281,0.51321806,0.486888354
NC,ATORVASTATIN CALCIUM,HIGH CHOLESTEROL,South,South Atlantic,1,0.167950712,0.114038748,0.100157084,0.328085581,0.313526067,0.042222468,0.046277583,0.013627559,0.012595432,0.000308772,0.000317632,0.00589899,0.005509274,0.009035943,0.008505281,0.51321806,0.486888354
NC,LEVOTHYROXINE SODIUM,HYPOTHYROIDISM,South,South Atlantic,5,0.22684924,0.114038748,0.100157084,0.328085581,0.313526067,0.042222468,0.046277583,0.013627559,0.012595432,0.000308772,0.000317632,0.00589899,0.005509274,0.009035943,0.008505281,0.51321806,0.486888354
NC,LISINOPRIL,HIGH BLOOD PRESSURE,South,South Atlantic,2,0.19197285,0.114038748,0.100157084,0.328085581,0.313526067,0.042222468,0.046277583,0.013627559,0.012595432,0.000308772,0.000317632,0.00589899,0.005509274,0.009035943,0.008505281,0.51321806,0.486888354
NC,OMEPRAZOLE,GASTROESOPHAGEAL REFLUX DISEASE,South,South Atlantic,3,0.204935432,0.114038748,0.100157084,0.328085581,0.313526067,0.042222468,0.046277583,0.013627559,0.012595432,0.000308772,0.000317632,0.00589899,0.005509274,0.009035943,0.008505281,0.51321806,0.486888354
ND,FUROSEMIDE,HIGH BLOOD PRESSURE,Midwest,West North Central ,3,0.193856338,0.008116344,0.012042294,0.423842658,0.442159693,0.014467027,0.017024658,0.006234057,0.006503924,0.000229183,0.000272579,0.026056379,0.025371541,0.00878762,0.008866275,0.487733269,0.512240965
ND,LEVOTHYROXINE SODIUM,HYPOTHYROIDISM,Midwest,West North Central ,5,0.231263113,0.008116344,0.012042294,0.423842658,0.442159693,0.014467027,0.017024658,0.006234057,0.006503924,0.000229183,0.000272579,0.026056379,0.025371541,0.00878762,0.008866275,0.487733269,0.512240965
ND,LISINOPRIL,HIGH BLOOD PRESSURE,Midwest,West North Central ,2,0.191390756,0.008116344,0.012042294,0.423842658,0.442159693,0.014467027,0.017024658,0.006234057,0.006503924,0.000229183,0.000272579,0.026056379,0.025371541,0.00878762,0.008866275,0.487733269,0.512240965
ND,OMEPRAZOLE,GASTROESOPHAGEAL REFLUX DISEASE,Midwest,West North Central ,1,0.179962557,0.008116344,0.012042294,0.423842658,0.442159693,0.014467027,0.017024658,0.006234057,0.006503924,0.000229183,0.000272579,0.026056379,0.025371541,0.00878762,0.008866275,0.487733269,0.512240965
ND,SIMVASTATIN,HIGH CHOLESTEROL,Midwest,West North Central ,4,0.203527236,0.008116344,0.012042294,0.423842658,0.442159693,0.014467027,0.017024658,0.006234057,0.006503924,0.000229183,0.000272579,0.026056379,0.025371541,0.00878762,0.008866275,0.487733269,0.512240965
NE,AMLODIPINE BESYLATE,HIGH BLOOD PRESSURE,Midwest,West North Central ,2,0.180265171,0.022691174,0.023829351,0.406667089,0.397916588,0.048441964,0.053289991,0.011122102,0.010401629,0.000279888,0.00030809,0.004200985,0.004031775,0.008639823,0.008286503,0.502043025,0.498063928
NE,LEVOTHYROXINE SODIUM,HYPOTHYROIDISM,Midwest,West North Central ,5,0.263854391,0.022691174,0.023829351,0.406667089,0.397916588,0.048441964,0.053289991,0.011122102,0.010401629,0.000279888,0.00030809,0.004200985,0.004031775,0.008639823,0.008286503,0.502043025,0.498063928
NE,LISINOPRIL,HIGH BLOOD PRESSURE,Midwest,West North Central ,1,0.170282038,0.022691174,0.023829351,0.406667089,0.397916588,0.048441964,0.053289991,0.011122102,0.010401629,0.000279888,0.00030809,0.004200985,0.004031775,0.008639823,0.008286503,0.502043025,0.498063928
NE,OMEPRAZOLE,GASTROESOPHAGEAL REFLUX DISEASE,Midwest,West North Central ,4,0.203591574,0.022691174,0.023829351,0.406667089,0.397916588,0.048441964,0.053289991,0.011122102,0.010401629,0.000279888,0.00030809,0.004200985,0.004031775,0.008639823,0.008286503,0.502043025,0.498063928
NE,SIMVASTATIN,HIGH CHOLESTEROL,Midwest,West North Central ,3,0.182006825,0.022691174,0.023829351,0.406667089,0.397916588,0.048441964,0.053289991,0.011122102,0.010401629,0.000279888,0.00030809,0.004200985,0.004031775,0.008639823,0.008286503,0.502043025,0.498063928
NH,ATORVASTATIN CALCIUM,HIGH CHOLESTEROL,Northeast,New England ,3,0.189757934,0.00528372,0.006842961,0.461992844,0.450016162,0.016082158,0.016578655,0.01399267,0.012571428,0.000136499,0.000125999,0.001004244,0.001090494,0.007043959,0.007149709,0.505536093,0.494375407
NH,LEVOTHYROXINE SODIUM,HYPOTHYROIDISM,Northeast,New England ,5,0.237357149,0.00528372,0.006842961,0.461992844,0.450016162,0.016082158,0.016578655,0.01399267,0.012571428,0.000136499,0.000125999,0.001004244,0.001090494,0.007043959,0.007149709,0.505536093,0.494375407
NH,LISINOPRIL,HIGH BLOOD PRESSURE,Northeast,New England ,4,0.235557112,0.00528372,0.006842961,0.461992844,0.450016162,0.016082158,0.016578655,0.01399267,0.012571428,0.000136499,0.000125999,0.001004244,0.001090494,0.007043959,0.007149709,0.505536093,0.494375407
NH,OMEPRAZOLE,GASTROESOPHAGEAL REFLUX DISEASE,Northeast,New England ,1,0.165106425,0.00528372,0.006842961,0.461992844,0.450016162,0.016082158,0.016578655,0.01399267,0.012571428,0.000136499,0.000125999,0.001004244,0.001090494,0.007043959,0.007149709,0.505536093,0.494375407
NH,SIMVASTATIN,HIGH CHOLESTEROL,Northeast,New England ,2,0.172221381,0.00528372,0.006842961,0.461992844,0.450016162,0.016082158,0.016578655,0.01399267,0.012571428,0.000136499,0.000125999,0.001004244,0.001090494,0.007043959,0.007149709,0.505536093,0.494375407
NJ,AMLODIPINE BESYLATE,HIGH BLOOD PRESSURE,Northeast,Middle Atlantic,3,0.222820047,0.06853396,0.060774943,0.293592155,0.278839419,0.095603882,0.096488193,0.046344728,0.043980021,0.000171357,0.00015421,0.00073969,0.000699079,0.007341397,0.00699135,0.512327169,0.487927216
NJ,ATORVASTATIN CALCIUM,HIGH CHOLESTEROL,Northeast,Middle Atlantic,4,0.225615222,0.06853396,0.060774943,0.293592155,0.278839419,0.095603882,0.096488193,0.046344728,0.043980021,0.000171357,0.00015421,0.00073969,0.000699079,0.007341397,0.00699135,0.512327169,0.487927216
NJ,LEVOTHYROXINE SODIUM,HYPOTHYROIDISM,Northeast,Middle Atlantic,5,0.227535125,0.06853396,0.060774943,0.293592155,0.278839419,0.095603882,0.096488193,0.046344728,0.043980021,0.000171357,0.00015421,0.00073969,0.000699079,0.007341397,0.00699135,0.512327169,0.487927216
NJ,METOPROLOL SUCCINATE,HIGH BLOOD PRESSURE,Northeast,Middle Atlantic,1,0.144131758,0.06853396,0.060774943,0.293592155,0.278839419,0.095603882,0.096488193,0.046344728,0.043980021,0.000171357,0.00015421,0.00073969,0.000699079,0.007341397,0.00699135,0.512327169,0.487927216
NJ,SIMVASTATIN,HIGH CHOLESTEROL,Northeast,Middle Atlantic,2,0.179897847,0.06853396,0.060774943,0.293592155,0.278839419,0.095603882,0.096488193,0.046344728,0.043980021,0.000171357,0.00015421,0.00073969,0.000699079,0.007341397,0.00699135,0.512327169,0.487927216
NM,HYDROCODONE/ACETAMINOPHEN,SEVERE PAIN RELIEF,West,Mountain,1,0.15563997,0.007744663,0.010068588,0.195420297,0.191450577,0.241198181,0.238147311,0.007998304,0.00646258,0.000305805,0.000322555,0.045132295,0.041769878,0.007176603,0.007172774,0.504976148,0.495394263
NM,LEVOTHYROXINE SODIUM,HYPOTHYROIDISM,West,Mountain,5,0.275766623,0.007744663,0.010068588,0.195420297,0.191450577,0.241198181,0.238147311,0.007998304,0.00646258,0.000305805,0.000322555,0.045132295,0.041769878,0.007176603,0.007172774,0.504976148,0.495394263
NM,LISINOPRIL,HIGH BLOOD PRESSURE,West,Mountain,4,0.248516198,0.007744663,0.010068588,0.195420297,0.191450577,0.241198181,0.238147311,0.007998304,0.00646258,0.000305805,0.000322555,0.045132295,0.041769878,0.007176603,0.007172774,0.504976148,0.495394263
NM,OMEPRAZOLE,GASTROESOPHAGEAL REFLUX DISEASE,West,Mountain,2,0.156871321,0.007744663,0.010068588,0.195420297,0.191450577,0.241198181,0.238147311,0.007998304,0.00646258,0.000305805,0.000322555,0.045132295,0.041769878,0.007176603,0.007172774,0.504976148,0.495394263
NM,SIMVASTATIN,HIGH CHOLESTEROL,West,Mountain,3,0.163205888,0.007744663,0.010068588,0.195420297,0.191450577,0.241198181,0.238147311,0.007998304,0.00646258,0.000305805,0.000322555,0.045132295,0.041769878,0.007176603,0.007172774,0.504976148,0.495394263
NV,AMLODIPINE BESYLATE,HIGH BLOOD PRESSURE,West,Mountain,2,0.174868046,0.041242847,0.041608757,0.25360374,0.263250862,0.136713576,0.141198199,0.042640476,0.03469869,0.003012108,0.00292764,0.004510177,0.004215248,0.015604615,0.015264258,0.497327539,0.503163654
NV,HYDROCODONE/ACETAMINOPHEN,SEVERE PAIN RELIEF,West,Mountain,5,0.223245879,0.041242847,0.041608757,0.25360374,0.263250862,0.136713576,0.141198199,0.042640476,0.03469869,0.003012108,0.00292764,0.004510177,0.004215248,0.015604615,0.015264258,0.497327539,0.503163654
NV,LEVOTHYROXINE SODIUM,HYPOTHYROIDISM,West,Mountain,3,0.214362567,0.041242847,0.041608757,0.25360374,0.263250862,0.136713576,0.141198199,0.042640476,0.03469869,0.003012108,0.00292764,0.004510177,0.004215248,0.015604615,0.015264258,0.497327539,0.503163654
NV,LISINOPRIL,HIGH BLOOD PRESSURE,West,Mountain,4,0.220246132,0.041242847,0.041608757,0.25360374,0.263250862,0.136713576,0.141198199,0.042640476,0.03469869,0.003012108,0.00292764,0.004510177,0.004215248,0.015604615,0.015264258,0.497327539,0.503163654
NV,SIMVASTATIN,HIGH CHOLESTEROL,West,Mountain,1,0.167277375,0.041242847,0.041608757,0.25360374,0.263250862,0.136713576,0.141198199,0.042640476,0.03469869,0.003012108,0.00292764,0.004510177,0.004215248,0.015604615,0.015264258,0.497327539,0.503163654
NY,AMLODIPINE BESYLATE,HIGH BLOOD PRESSURE,Northeast,Middle Atlantic,5,0.214718394,0.078054052,0.067547488,0.290497622,0.277714284,0.094051061,0.091442752,0.042462771,0.038951661,0.000224059,0.000205841,0.001505416,0.001405828,0.008383725,0.007822178,0.515178706,0.485090033
NY,ATORVASTATIN CALCIUM,HIGH CHOLESTEROL,Northeast,Middle Atlantic,2,0.193586759,0.078054052,0.067547488,0.290497622,0.277714284,0.094051061,0.091442752,0.042462771,0.038951661,0.000224059,0.000205841,0.001505416,0.001405828,0.008383725,0.007822178,0.515178706,0.485090033
NY,LEVOTHYROXINE SODIUM,HYPOTHYROIDISM,Northeast,Middle Atlantic,4,0.209649974,0.078054052,0.067547488,0.290497622,0.277714284,0.094051061,0.091442752,0.042462771,0.038951661,0.000224059,0.000205841,0.001505416,0.001405828,0.008383725,0.007822178,0.515178706,0.485090033
NY,OMEPRAZOLE,GASTROESOPHAGEAL REFLUX DISEASE,Northeast,Middle Atlantic,1,0.177639138,0.078054052,0.067547488,0.290497622,0.277714284,0.094051061,0.091442752,0.042462771,0.038951661,0.000224059,0.000205841,0.001505416,0.001405828,0.008383725,0.007822178,0.515178706,0.485090033
NY,SIMVASTATIN,HIGH CHOLESTEROL,Northeast,Middle Atlantic,3,0.204405734,0.078054052,0.067547488,0.290497622,0.277714284,0.094051061,0.091442752,0.042462771,0.038951661,0.000224059,0.000205841,0.001505416,0.001405828,0.008383725,0.007822178,0.515178706,0.485090033
OH,AMLODIPINE BESYLATE,HIGH BLOOD PRESSURE,Midwest,East North Central ,2,0.183310256,0.064466891,0.05891758,0.407804304,0.392455549,0.016945452,0.017905143,0.010539616,0.00968266,0.000170478,0.000167461,0.000942194,0.000950899,0.009691537,0.009383764,0.510560473,0.489463056
OH,ATORVASTATIN CALCIUM,HIGH CHOLESTEROL,Midwest,East North Central ,3,0.193073664,0.064466891,0.05891758,0.407804304,0.392455549,0.016945452,0.017905143,0.010539616,0.00968266,0.000170478,0.000167461,0.000942194,0.000950899,0.009691537,0.009383764,0.510560473,0.489463056
OH,LEVOTHYROXINE SODIUM,HYPOTHYROIDISM,Midwest,East North Central ,5,0.226263541,0.064466891,0.05891758,0.407804304,0.392455549,0.016945452,0.017905143,0.010539616,0.00968266,0.000170478,0.000167461,0.000942194,0.000950899,0.009691537,0.009383764,0.510560473,0.489463056
OH,LISINOPRIL,HIGH BLOOD PRESSURE,Midwest,East North Central ,4,0.221867281,0.064466891,0.05891758,0.407804304,0.392455549,0.016945452,0.017905143,0.010539616,0.00968266,0.000170478,0.000167461,0.000942194,0.000950899,0.009691537,0.009383764,0.510560473,0.489463056
OH,OMEPRAZOLE,GASTROESOPHAGEAL REFLUX DISEASE,Midwest,East North Central ,1,0.175485258,0.064466891,0.05891758,0.407804304,0.392455549,0.016945452,0.017905143,0.010539616,0.00968266,0.000170478,0.000167461,0.000942194,0.000950899,0.009691537,0.009383764,0.510560473,0.489463056
OK,AMLODIPINE BESYLATE,HIGH BLOOD PRESSURE,South,West South Central ,1,0.150603198,0.036855366,0.036886566,0.340044717,0.329727009,0.046977363,0.051855674,0.010799376,0.00977828,0.000682535,0.000714251,0.042084355,0.040788905,0.027072444,0.025779572,0.504516157,0.495530257
OK,HYDROCODONE/ACETAMINOPHEN,SEVERE PAIN RELIEF,South,West South Central ,5,0.265303563,0.036855366,0.036886566,0.340044717,0.329727009,0.046977363,0.051855674,0.010799376,0.00977828,0.000682535,0.000714251,0.042084355,0.040788905,0.027072444,0.025779572,0.504516157,0.495530257
OK,LEVOTHYROXINE SODIUM,HYPOTHYROIDISM,South,West South Central ,4,0.212251405,0.036855366,0.036886566,0.340044717,0.329727009,0.046977363,0.051855674,0.010799376,0.00977828,0.000682535,0.000714251,0.042084355,0.040788905,0.027072444,0.025779572,0.504516157,0.495530257
OK,LISINOPRIL,HIGH BLOOD PRESSURE,South,West South Central ,3,0.200956944,0.036855366,0.036886566,0.340044717,0.329727009,0.046977363,0.051855674,0.010799376,0.00977828,0.000682535,0.000714251,0.042084355,0.040788905,0.027072444,0.025779572,0.504516157,0.495530257
OK,OMEPRAZOLE,GASTROESOPHAGEAL REFLUX DISEASE,South,West South Central ,2,0.170884891,0.036855366,0.036886566,0.340044717,0.329727009,0.046977363,0.051855674,0.010799376,0.00977828,0.000682535,0.000714251,0.042084355,0.040788905,0.027072444,0.025779572,0.504516157,0.495530257
OR,ATORVASTATIN CALCIUM,HIGH CHOLESTEROL,West,Pacific ,1,0.155412093,0.008351744,0.009777344,0.391582502,0.379415449,0.059900425,0.064565038,0.022511609,0.019173939,0.001834356,0.001886586,0.005625695,0.005593902,0.015261235,0.014737674,0.505067566,0.495149933
OR,HYDROCODONE/ACETAMINOPHEN,SEVERE PAIN RELIEF,West,Pacific ,3,0.197742653,0.008351744,0.009777344,0.391582502,0.379415449,0.059900425,0.064565038,0.022511609,0.019173939,0.001834356,0.001886586,0.005625695,0.005593902,0.015261235,0.014737674,0.505067566,0.495149933
OR,LEVOTHYROXINE SODIUM,HYPOTHYROIDISM,West,Pacific ,5,0.238060747,0.008351744,0.009777344,0.391582502,0.379415449,0.059900425,0.064565038,0.022511609,0.019173939,0.001834356,0.001886586,0.005625695,0.005593902,0.015261235,0.014737674,0.505067566,0.495149933
OR,LISINOPRIL,HIGH BLOOD PRESSURE,West,Pacific ,4,0.225491687,0.008351744,0.009777344,0.391582502,0.379415449,0.059900425,0.064565038,0.022511609,0.019173939,0.001834356,0.001886586,0.005625695,0.005593902,0.015261235,0.014737674,0.505067566,0.495149933
OR,OMEPRAZOLE,GASTROESOPHAGEAL REFLUX DISEASE,West,Pacific ,2,0.183292819,0.008351744,0.009777344,0.391582502,0.379415449,0.059900425,0.064565038,0.022511609,0.019173939,0.001834356,0.001886586,0.005625695,0.005593902,0.015261235,0.014737674,0.505067566,0.495149933
PA,AMLODIPINE BESYLATE,HIGH BLOOD PRESSURE,Northeast,Middle Atlantic,2,0.179246983,0.055682325,0.051351496,0.397794846,0.380494519,0.032239827,0.03357722,0.016655754,0.015396323,0.000145289,0.000134967,0.000709945,0.000693367,0.007784451,0.007401289,0.511012438,0.489049181
PA,ATORVASTATIN CALCIUM,HIGH CHOLESTEROL,Northeast,Middle Atlantic,1,0.177678792,0.055682325,0.051351496,0.397794846,0.380494519,0.032239827,0.03357722,0.016655754,0.015396323,0.000145289,0.000134967,0.000709945,0.000693367,0.007784451,0.007401289,0.511012438,0.489049181
PA,LEVOTHYROXINE SODIUM,HYPOTHYROIDISM,Northeast,Middle Atlantic,5,0.239388797,0.055682325,0.051351496,0.397794846,0.380494519,0.032239827,0.03357722,0.016655754,0.015396323,0.000145289,0.000134967,0.000709945,0.000693367,0.007784451,0.007401289,0.511012438,0.489049181
PA,LISINOPRIL,HIGH BLOOD PRESSURE,Northeast,Middle Atlantic,4,0.206948313,0.055682325,0.051351496,0.397794846,0.380494519,0.032239827,0.03357722,0.016655754,0.015396323,0.000145289,0.000134967,0.000709945,0.000693367,0.007784451,0.007401289,0.511012438,0.489049181
PA,SIMVASTATIN,HIGH CHOLESTEROL,Northeast,Middle Atlantic,3,0.196737116,0.055682325,0.051351496,0.397794846,0.380494519,0.032239827,0.03357722,0.016655754,0.015396323,0.000145289,0.000134967,0.000709945,0.000693367,0.007784451,0.007401289,0.511012438,0.489049181
RI,AMLODIPINE BESYLATE,HIGH BLOOD PRESSURE,Northeast,New England ,2,0.187326224,0.028478999,0.028414601,0.385954262,0.358355999,0.070696519,0.070801639,0.017382682,0.015663828,0.000314413,0.00031536,0.002195209,0.002082513,0.009963672,0.009457013,0.514985757,0.485090952
RI,ATORVASTATIN CALCIUM,HIGH CHOLESTEROL,Northeast,New England ,3,0.202599722,0.028478999,0.028414601,0.385954262,0.358355999,0.070696519,0.070801639,0.017382682,0.015663828,0.000314413,0.00031536,0.002195209,0.002082513,0.009963672,0.009457013,0.514985757,0.485090952
RI,LEVOTHYROXINE SODIUM,HYPOTHYROIDISM,Northeast,New England ,1,0.181996219,0.028478999,0.028414601,0.385954262,0.358355999,0.070696519,0.070801639,0.017382682,0.015663828,0.000314413,0.00031536,0.002195209,0.002082513,0.009963672,0.009457013,0.514985757,0.485090952
RI,LISINOPRIL,HIGH BLOOD PRESSURE,Northeast,New England ,5,0.222237077,0.028478999,0.028414601,0.385954262,0.358355999,0.070696519,0.070801639,0.017382682,0.015663828,0.000314413,0.00031536,0.002195209,0.002082513,0.009963672,0.009457013,0.514985757,0.485090952
RI,OMEPRAZOLE,GASTROESOPHAGEAL REFLUX DISEASE,Northeast,New England ,4,0.205840758,0.028478999,0.028414601,0.385954262,0.358355999,0.070696519,0.070801639,0.017382682,0.015663828,0.000314413,0.00031536,0.002195209,0.002082513,0.009963672,0.009457013,0.514985757,0.485090952
SC,AMLODIPINE BESYLATE,HIGH BLOOD PRESSURE,South,South Atlantic,4,0.217334184,0.145243704,0.127884531,0.326539192,0.312715748,0.024674223,0.028679516,0.007877698,0.006890887,0.000254995,0.00029708,0.001835345,0.001827052,0.007864845,0.00745167,0.514290003,0.485746484
SC,ATORVASTATIN CALCIUM,HIGH CHOLESTEROL,South,South Atlantic,1,0.171796542,0.145243704,0.127884531,0.326539192,0.312715748,0.024674223,0.028679516,0.007877698,0.006890887,0.000254995,0.00029708,0.001835345,0.001827052,0.007864845,0.00745167,0.514290003,0.485746484
SC,HYDROCODONE/ACETAMINOPHEN,SEVERE PAIN RELIEF,South,South Atlantic,5,0.221877598,0.145243704,0.127884531,0.326539192,0.312715748,0.024674223,0.028679516,0.007877698,0.006890887,0.000254995,0.00029708,0.001835345,0.001827052,0.007864845,0.00745167,0.514290003,0.485746484
SC,LEVOTHYROXINE SODIUM,HYPOTHYROIDISM,South,South Atlantic,3,0.213744,0.145243704,0.127884531,0.326539192,0.312715748,0.024674223,0.028679516,0.007877698,0.006890887,0.000254995,0.00029708,0.001835345,0.001827052,0.007864845,0.00745167,0.514290003,0.485746484
SC,LISINOPRIL,HIGH BLOOD PRESSURE,South,South Atlantic,2,0.175247675,0.145243704,0.127884531,0.326539192,0.312715748,0.024674223,0.028679516,0.007877698,0.006890887,0.000254995,0.00029708,0.001835345,0.001827052,0.007864845,0.00745167,0.514290003,0.485746484
SD,FUROSEMIDE,HIGH BLOOD PRESSURE,Midwest,West North Central ,1,0.168171636,0.006771645,0.01030821,0.414430552,0.416469111,0.016195419,0.019319797,0.006260533,0.005984956,0.000214337,0.000239069,0.042902786,0.041418913,0.009799453,0.009636934,0.496574725,0.50337699
SD,LEVOTHYROXINE SODIUM,HYPOTHYROIDISM,Midwest,West North Central ,5,0.260903445,0.006771645,0.01030821,0.414430552,0.416469111,0.016195419,0.019319797,0.006260533,0.005984956,0.000214337,0.000239069,0.042902786,0.041418913,0.009799453,0.009636934,0.496574725,0.50337699
SD,LISINOPRIL,HIGH BLOOD PRESSURE,Midwest,West North Central ,3,0.188133849,0.006771645,0.01030821,0.414430552,0.416469111,0.016195419,0.019319797,0.006260533,0.005984956,0.000214337,0.000239069,0.042902786,0.041418913,0.009799453,0.009636934,0.496574725,0.50337699
SD,OMEPRAZOLE,GASTROESOPHAGEAL REFLUX DISEASE,Midwest,West North Central ,4,0.206741093,0.006771645,0.01030821,0.414430552,0.416469111,0.016195419,0.019319797,0.006260533,0.005984956,0.000214337,0.000239069,0.042902786,0.041418913,0.009799453,0.009636934,0.496574725,0.50337699
SD,SIMVASTATIN,HIGH CHOLESTEROL,Midwest,West North Central ,2,0.176049977,0.006771645,0.01030821,0.414430552,0.416469111,0.016195419,0.019319797,0.006260533,0.005984956,0.000214337,0.000239069,0.042902786,0.041418913,0.009799453,0.009636934,0.496574725,0.50337699
TN,AMLODIPINE BESYLATE,HIGH BLOOD PRESSURE,South,East South Central ,1,0.172866586,0.088474892,0.079289607,0.38187874,0.364573414,0.023555228,0.026738731,0.008732923,0.007761393,0.000245214,0.000249036,0.001313974,0.001358767,0.008053998,0.007713389,0.512254971,0.487684337
TN,HYDROCODONE/ACETAMINOPHEN,SEVERE PAIN RELIEF,South,East South Central ,5,0.256557028,0.088474892,0.079289607,0.38187874,0.364573414,0.023555228,0.026738731,0.008732923,0.007761393,0.000245214,0.000249036,0.001313974,0.001358767,0.008053998,0.007713389,0.512254971,0.487684337
TN,LEVOTHYROXINE SODIUM,HYPOTHYROIDISM,South,East South Central ,4,0.206009147,0.088474892,0.079289607,0.38187874,0.364573414,0.023555228,0.026738731,0.008732923,0.007761393,0.000245214,0.000249036,0.001313974,0.001358767,0.008053998,0.007713389,0.512254971,0.487684337
TN,LISINOPRIL,HIGH BLOOD PRESSURE,South,East South Central ,3,0.190690789,0.088474892,0.079289607,0.38187874,0.364573414,0.023555228,0.026738731,0.008732923,0.007761393,0.000245214,0.000249036,0.001313974,0.001358767,0.008053998,0.007713389,0.512254971,0.487684337
TN,OMEPRAZOLE,GASTROESOPHAGEAL REFLUX DISEASE,South,East South Central ,2,0.173876449,0.088474892,0.079289607,0.38187874,0.364573414,0.023555228,0.026738731,0.008732923,0.007761393,0.000245214,0.000249036,0.001313974,0.001358767,0.008053998,0.007713389,0.512254971,0.487684337
TX,AMLODIPINE BESYLATE,HIGH BLOOD PRESSURE,South,West South Central ,2,0.183362298,0.060444143,0.0565566,0.219500071,0.215426838,0.192438322,0.194761799,0.022533915,0.021376127,0.000398341,0.000391591,0.001628188,0.001614985,0.006814113,0.006590002,0.503757093,0.496717942
TX,ATORVASTATIN CALCIUM,HIGH CHOLESTEROL,South,West South Central ,1,0.155963871,0.060444143,0.0565566,0.219500071,0.215426838,0.192438322,0.194761799,0.022533915,0.021376127,0.000398341,0.000391591,0.001628188,0.001614985,0.006814113,0.006590002,0.503757093,0.496717942
TX,HYDROCODONE/ACETAMINOPHEN,SEVERE PAIN RELIEF,South,West South Central ,5,0.234785013,0.060444143,0.0565566,0.219500071,0.215426838,0.192438322,0.194761799,0.022533915,0.021376127,0.000398341,0.000391591,0.001628188,0.001614985,0.006814113,0.006590002,0.503757093,0.496717942
TX,LEVOTHYROXINE SODIUM,HYPOTHYROIDISM,South,West South Central ,4,0.230996366,0.060444143,0.0565566,0.219500071,0.215426838,0.192438322,0.194761799,0.022533915,0.021376127,0.000398341,0.000391591,0.001628188,0.001614985,0.006814113,0.006590002,0.503757093,0.496717942
TX,LISINOPRIL,HIGH BLOOD PRESSURE,South,West South Central ,3,0.194892452,0.060444143,0.0565566,0.219500071,0.215426838,0.192438322,0.194761799,0.022533915,0.021376127,0.000398341,0.000391591,0.001628188,0.001614985,0.006814113,0.006590002,0.503757093,0.496717942
UT,HYDROCODONE/ACETAMINOPHEN,SEVERE PAIN RELIEF,West,Mountain,3,0.203660682,0.004349175,0.00588584,0.396793331,0.39863372,0.065600932,0.069132232,0.01180573,0.010434206,0.004372669,0.004751983,0.004932106,0.004705335,0.009308181,0.009471619,0.497162123,0.503014935
UT,LEVOTHYROXINE SODIUM,HYPOTHYROIDISM,West,Mountain,5,0.24270087,0.004349175,0.00588584,0.396793331,0.39863372,0.065600932,0.069132232,0.01180573,0.010434206,0.004372669,0.004751983,0.004932106,0.004705335,0.009308181,0.009471619,0.497162123,0.503014935
UT,LISINOPRIL,HIGH BLOOD PRESSURE,West,Mountain,1,0.169408632,0.004349175,0.00588584,0.396793331,0.39863372,0.065600932,0.069132232,0.01180573,0.010434206,0.004372669,0.004751983,0.004932106,0.004705335,0.009308181,0.009471619,0.497162123,0.503014935
UT,OMEPRAZOLE,GASTROESOPHAGEAL REFLUX DISEASE,West,Mountain,4,0.212640836,0.004349175,0.00588584,0.396793331,0.39863372,0.065600932,0.069132232,0.01180573,0.010434206,0.004372669,0.004751983,0.004932106,0.004705335,0.009308181,0.009471619,0.497162123,0.503014935
UT,SIMVASTATIN,HIGH CHOLESTEROL,West,Mountain,2,0.171588979,0.004349175,0.00588584,0.396793331,0.39863372,0.065600932,0.069132232,0.01180573,0.010434206,0.004372669,0.004751983,0.004932106,0.004705335,0.009308181,0.009471619,0.497162123,0.503014935
VA,AMLODIPINE BESYLATE,HIGH BLOOD PRESSURE,South,South Atlantic,3,0.208856914,0.099203068,0.091151202,0.320305528,0.312914353,0.042281951,0.045224199,0.03246375,0.029010011,0.000363013,0.000340032,0.001306462,0.001322225,0.012371687,0.011872829,0.508295459,0.491834851
VA,ATORVASTATIN CALCIUM,HIGH CHOLESTEROL,South,South Atlantic,1,0.18148535,0.099203068,0.091151202,0.320305528,0.312914353,0.042281951,0.045224199,0.03246375,0.029010011,0.000363013,0.000340032,0.001306462,0.001322225,0.012371687,0.011872829,0.508295459,0.491834851
VA,LEVOTHYROXINE SODIUM,HYPOTHYROIDISM,South,South Atlantic,5,0.216422939,0.099203068,0.091151202,0.320305528,0.312914353,0.042281951,0.045224199,0.03246375,0.029010011,0.000363013,0.000340032,0.001306462,0.001322225,0.012371687,0.011872829,0.508295459,0.491834851
VA,LISINOPRIL,HIGH BLOOD PRESSURE,South,South Atlantic,4,0.211716626,0.099203068,0.091151202,0.320305528,0.312914353,0.042281951,0.045224199,0.03246375,0.029010011,0.000363013,0.000340032,0.001306462,0.001322225,0.012371687,0.011872829,0.508295459,0.491834851
VA,SIMVASTATIN,HIGH CHOLESTEROL,South,South Atlantic,2,0.181518172,0.099203068,0.091151202,0.320305528,0.312914353,0.042281951,0.045224199,0.03246375,0.029010011,0.000363013,0.000340032,0.001306462,0.001322225,0.012371687,0.011872829,0.508295459,0.491834851
VT,ATORVASTATIN CALCIUM,HIGH CHOLESTEROL,Northeast,New England ,1,0.139500592,0.004881529,0.006261856,0.474512727,0.461680321,0.008529879,0.008888157,0.008347542,0.00662973,0.000123158,0.000137553,0.001533875,0.001653834,0.00861625,0.008209989,0.506544959,0.493461439
VT,LEVOTHYROXINE SODIUM,HYPOTHYROIDISM,Northeast,New England ,3,0.211773913,0.004881529,0.006261856,0.474512727,0.461680321,0.008529879,0.008888157,0.008347542,0.00662973,0.000123158,0.000137553,0.001533875,0.001653834,0.00861625,0.008209989,0.506544959,0.493461439
VT,LISINOPRIL,HIGH BLOOD PRESSURE,Northeast,New England ,5,0.225854505,0.004881529,0.006261856,0.474512727,0.461680321,0.008529879,0.008888157,0.008347542,0.00662973,0.000123158,0.000137553,0.001533875,0.001653834,0.00861625,0.008209989,0.506544959,0.493461439
VT,OMEPRAZOLE,GASTROESOPHAGEAL REFLUX DISEASE,Northeast,New England ,4,0.21226341,0.004881529,0.006261856,0.474512727,0.461680321,0.008529879,0.008888157,0.008347542,0.00662973,0.000123158,0.000137553,0.001533875,0.001653834,0.00861625,0.008209989,0.506544959,0.493461439
VT,SIMVASTATIN,HIGH CHOLESTEROL,Northeast,New England ,2,0.210607581,0.004881529,0.006261856,0.474512727,0.461680321,0.008529879,0.008888157,0.008347542,0.00662973,0.000123158,0.000137553,0.001533875,0.001653834,0.00861625,0.008209989,0.506544959,0.493461439
WA,HYDROCODONE/ACETAMINOPHEN,SEVERE PAIN RELIEF,West,Pacific ,2,0.183229075,0.016987365,0.0199104,0.353621828,0.350686887,0.058243812,0.062567057,0.042845043,0.037260504,0.003195337,0.003203984,0.006558932,0.00651995,0.019229289,0.018855493,0.500681607,0.499004274
WA,LEVOTHYROXINE SODIUM,HYPOTHYROIDISM,West,Pacific ,4,0.221881346,0.016987365,0.0199104,0.353621828,0.350686887,0.058243812,0.062567057,0.042845043,0.037260504,0.003195337,0.003203984,0.006558932,0.00651995,0.019229289,0.018855493,0.500681607,0.499004274
WA,LISINOPRIL,HIGH BLOOD PRESSURE,West,Pacific ,5,0.239954574,0.016987365,0.0199104,0.353621828,0.350686887,0.058243812,0.062567057,0.042845043,0.037260504,0.003195337,0.003203984,0.006558932,0.00651995,0.019229289,0.018855493,0.500681607,0.499004274
WA,OMEPRAZOLE,GASTROESOPHAGEAL REFLUX DISEASE,West,Pacific ,3,0.188720656,0.016987365,0.0199104,0.353621828,0.350686887,0.058243812,0.062567057,0.042845043,0.037260504,0.003195337,0.003203984,0.006558932,0.00651995,0.019229289,0.018855493,0.500681607,0.499004274
WA,SIMVASTATIN,HIGH CHOLESTEROL,West,Pacific ,1,0.166214349,0.016987365,0.0199104,0.353621828,0.350686887,0.058243812,0.062567057,0.042845043,0.037260504,0.003195337,0.003203984,0.006558932,0.00651995,0.019229289,0.018855493,0.500681607,0.499004274
WI,FUROSEMIDE,HIGH BLOOD PRESSURE,Midwest,East North Central ,1,0.181406111,0.032183464,0.030968135,0.41423466,0.407743685,0.030902413,0.033189285,0.013611868,0.012850331,0.000158045,0.00017491,0.00438249,0.004361278,0.007772721,0.007544782,0.503245661,0.496832405
WI,LEVOTHYROXINE SODIUM,HYPOTHYROIDISM,Midwest,East North Central ,5,0.219584419,0.032183464,0.030968135,0.41423466,0.407743685,0.030902413,0.033189285,0.013611868,0.012850331,0.000158045,0.00017491,0.00438249,0.004361278,0.007772721,0.007544782,0.503245661,0.496832405
WI,LISINOPRIL,HIGH BLOOD PRESSURE,Midwest,East North Central ,4,0.205851267,0.032183464,0.030968135,0.41423466,0.407743685,0.030902413,0.033189285,0.013611868,0.012850331,0.000158045,0.00017491,0.00438249,0.004361278,0.007772721,0.007544782,0.503245661,0.496832405
WI,OMEPRAZOLE,GASTROESOPHAGEAL REFLUX DISEASE,Midwest,East North Central ,3,0.200040411,0.032183464,0.030968135,0.41423466,0.407743685,0.030902413,0.033189285,0.013611868,0.012850331,0.000158045,0.00017491,0.00438249,0.004361278,0.007772721,0.007544782,0.503245661,0.496832405
WI,SIMVASTATIN,HIGH CHOLESTEROL,Midwest,East North Central ,2,0.193117793,0.032183464,0.030968135,0.41423466,0.407743685,0.030902413,0.033189285,0.013611868,0.012850331,0.000158045,0.00017491,0.00438249,0.004361278,0.007772721,0.007544782,0.503245661,0.496832405
WV,FUROSEMIDE,HIGH BLOOD PRESSURE,South,South Atlantic,1,0.155575712,0.015898445,0.018625145,0.470527805,0.455131661,0.00670077,0.00785298,0.004205486,0.003671284,0.000103272,0.000114626,0.000983515,0.001061374,0.007527485,0.007584257,0.505946778,0.494041327
WV,HYDROCODONE/ACETAMINOPHEN,SEVERE PAIN RELIEF,South,South Atlantic,5,0.234165908,0.015898445,0.018625145,0.470527805,0.455131661,0.00670077,0.00785298,0.004205486,0.003671284,0.000103272,0.000114626,0.000983515,0.001061374,0.007527485,0.007584257,0.505946778,0.494041327
WV,LEVOTHYROXINE SODIUM,HYPOTHYROIDISM,South,South Atlantic,4,0.232700993,0.015898445,0.018625145,0.470527805,0.455131661,0.00670077,0.00785298,0.004205486,0.003671284,0.000103272,0.000114626,0.000983515,0.001061374,0.007527485,0.007584257,0.505946778,0.494041327
WV,LISINOPRIL,HIGH BLOOD PRESSURE,South,South Atlantic,3,0.200724914,0.015898445,0.018625145,0.470527805,0.455131661,0.00670077,0.00785298,0.004205486,0.003671284,0.000103272,0.000114626,0.000983515,0.001061374,0.007527485,0.007584257,0.505946778,0.494041327
WV,OMEPRAZOLE,GASTROESOPHAGEAL REFLUX DISEASE,South,South Atlantic,2,0.176832474,0.015898445,0.018625145,0.470527805,0.455131661,0.00670077,0.00785298,0.004205486,0.003671284,0.000103272,0.000114626,0.000983515,0.001061374,0.007527485,0.007584257,0.505946778,0.494041327
WY,HYDROCODONE/ACETAMINOPHEN,SEVERE PAIN RELIEF,West,Mountain,1,0.162391074,0.004828928,0.007161851,0.415486901,0.429678421,0.045595857,0.050817896,0.004743095,0.003855589,0.000334746,0.000351913,0.010675827,0.010562528,0.007850226,0.008085407,0.489515579,0.510513604
WY,LEVOTHYROXINE SODIUM,HYPOTHYROIDISM,West,Mountain,5,0.305112484,0.004828928,0.007161851,0.415486901,0.429678421,0.045595857,0.050817896,0.004743095,0.003855589,0.000334746,0.000351913,0.010675827,0.010562528,0.007850226,0.008085407,0.489515579,0.510513604
WY,LISINOPRIL,HIGH BLOOD PRESSURE,West,Mountain,4,0.198658957,0.004828928,0.007161851,0.415486901,0.429678421,0.045595857,0.050817896,0.004743095,0.003855589,0.000334746,0.000351913,0.010675827,0.010562528,0.007850226,0.008085407,0.489515579,0.510513604
WY,OMEPRAZOLE,GASTROESOPHAGEAL REFLUX DISEASE,West,Mountain,2,0.162747858,0.004828928,0.007161851,0.415486901,0.429678421,0.045595857,0.050817896,0.004743095,0.003855589,0.000334746,0.000351913,0.010675827,0.010562528,0.007850226,0.008085407,0.489515579,0.510513604
WY,SIMVASTATIN,HIGH CHOLESTEROL,West,Mountain,3,0.171089627,0.004828928,0.007161851,0.415486901,0.429678421,0.045595857,0.050817896,0.004743095,0.003855589,0.000334746,0.000351913,0.010675827,0.010562528,0.007850226,0.008085407,0.489515579,0.510513604