drug_name,state,treatment_for,total_claims_count_mil,row_rank,REGION_name,DIVISION_name,POPESTIMATE2014_mil,NPOPCHG_2014_mil,BIRTHS2014_mil,DEATHS2014_mil,black_female_mil,black_male_mil,white_female_mil,white_male_mil,asian_female_mil,asian_male_mil,pac_islander_female_mil,pac_islander_male_mil,nat_amer_female_mil,nat_amer_male_mil,mult_rac_female_mil,mult_rac_male_mil,black_female_percent,black_male_percent,white_female_percent,white_male_percent,asian_female_percent,asian_male_percent,pac_islander_female_percent,pac_islander_male_percent,nat_amer_female_percent,nat_amer_male_percent,mult_rac_female_percent,mult_rac_male_percent,female_total_percent,male_total_percent
AMLODIPINE BESYLATE,HI,HIGH BLOOD PRESSURE,0.136054,2,West,Pacific ,1.414538,0.006295,0.018956,0.01074,0.011133,0.017466,0.168246,0.199152,0.286856,0.249736,0.071088,0.073997,0.002578,0.003,0.164103,0.167507,0.007870414,0.012347494,0.118940601,0.140789431,0.2027913,0.176549517,0.050255278,0.05231178,0.001822503,0.002120834,0.11601173,0.118418169,0.497691826,0.502537224
ATORVASTATIN CALCIUM,HI,HIGH CHOLESTEROL,0.158062,1,West,Pacific ,1.414538,0.006295,0.018956,0.01074,0.011133,0.017466,0.168246,0.199152,0.286856,0.249736,0.071088,0.073997,0.002578,0.003,0.164103,0.167507,0.007870414,0.012347494,0.118940601,0.140789431,0.2027913,0.176549517,0.050255278,0.05231178,0.001822503,0.002120834,0.11601173,0.118418169,0.497691826,0.502537224
LISINOPRIL,HI,HIGH BLOOD PRESSURE,0.123853,4,West,Pacific ,1.414538,0.006295,0.018956,0.01074,0.011133,0.017466,0.168246,0.199152,0.286856,0.249736,0.071088,0.073997,0.002578,0.003,0.164103,0.167507,0.007870414,0.012347494,0.118940601,0.140789431,0.2027913,0.176549517,0.050255278,0.05231178,0.001822503,0.002120834,0.11601173,0.118418169,0.497691826,0.502537224
LOSARTAN POTASSIUM,HI,HIGH BLOOD PRESSURE,0.129384,3,West,Pacific ,1.414538,0.006295,0.018956,0.01074,0.011133,0.017466,0.168246,0.199152,0.286856,0.249736,0.071088,0.073997,0.002578,0.003,0.164103,0.167507,0.007870414,0.012347494,0.118940601,0.140789431,0.2027913,0.176549517,0.050255278,0.05231178,0.001822503,0.002120834,0.11601173,0.118418169,0.497691826,0.502537224
SIMVASTATIN,HI,HIGH CHOLESTEROL,0.121808,5,West,Pacific ,1.414538,0.006295,0.018956,0.01074,0.011133,0.017466,0.168246,0.199152,0.286856,0.249736,0.071088,0.073997,0.002578,0.003,0.164103,0.167507,0.007870414,0.012347494,0.118940601,0.140789431,0.2027913,0.176549517,0.050255278,0.05231178,0.001822503,0.002120834,0.11601173,0.118418169,0.497691826,0.502537224
AMLODIPINE BESYLATE,CA,HIGH BLOOD PRESSURE,3.7282,3,West,Pacific ,38.596972,0.336185,0.498914,0.244055,1.276564,1.247043,14.117654,14.178608,2.915631,2.630713,0.09679,0.095538,0.312331,0.323193,0.72272,0.708354,0.033074201,0.032309348,0.365771025,0.367350268,0.075540408,0.068158533,0.00250771,0.002475272,0.008092111,0.008373533,0.018724785,0.01835258,0.503710239,0.497019533
ATORVASTATIN CALCIUM,CA,HIGH CHOLESTEROL,3.678833,4,West,Pacific ,38.596972,0.336185,0.498914,0.244055,1.276564,1.247043,14.117654,14.178608,2.915631,2.630713,0.09679,0.095538,0.312331,0.323193,0.72272,0.708354,0.033074201,0.032309348,0.365771025,0.367350268,0.075540408,0.068158533,0.00250771,0.002475272,0.008092111,0.008373533,0.018724785,0.01835258,0.503710239,0.497019533
HYDROCODONE/ACETAMINOPHEN,CA,SEVERE PAIN RELIEF,3.740106,2,West,Pacific ,38.596972,0.336185,0.498914,0.244055,1.276564,1.247043,14.117654,14.178608,2.915631,2.630713,0.09679,0.095538,0.312331,0.323193,0.72272,0.708354,0.033074201,0.032309348,0.365771025,0.367350268,0.075540408,0.068158533,0.00250771,0.002475272,0.008092111,0.008373533,0.018724785,0.01835258,0.503710239,0.497019533
LEVOTHYROXINE SODIUM,CA,HYPOTHYROIDISM,3.844722,1,West,Pacific ,38.596972,0.336185,0.498914,0.244055,1.276564,1.247043,14.117654,14.178608,2.915631,2.630713,0.09679,0.095538,0.312331,0.323193,0.72272,0.708354,0.033074201,0.032309348,0.365771025,0.367350268,0.075540408,0.068158533,0.00250771,0.002475272,0.008092111,0.008373533,0.018724785,0.01835258,0.503710239,0.497019533
SIMVASTATIN,CA,HIGH CHOLESTEROL,3.392175,5,West,Pacific ,38.596972,0.336185,0.498914,0.244055,1.276564,1.247043,14.117654,14.178608,2.915631,2.630713,0.09679,0.095538,0.312331,0.323193,0.72272,0.708354,0.033074201,0.032309348,0.365771025,0.367350268,0.075540408,0.068158533,0.00250771,0.002475272,0.008092111,0.008373533,0.018724785,0.01835258,0.503710239,0.497019533
AMLODIPINE BESYLATE,NJ,HIGH BLOOD PRESSURE,0.939373,3,Northeast,Middle Atlantic,8.864525,0.007553,0.10332,0.070501,0.692721,0.621676,3.308733,3.186052,0.417964,0.396968,0.004418,0.004308,0.024985,0.026882,0.092716,0.089357,0.078145304,0.070130774,0.373255533,0.359415987,0.047150186,0.044781644,0.000498391,0.000485982,0.002818538,0.003032537,0.010459218,0.010080292,0.512327169,0.487927216
ATORVASTATIN CALCIUM,NJ,HIGH CHOLESTEROL,0.951157,2,Northeast,Middle Atlantic,8.864525,0.007553,0.10332,0.070501,0.692721,0.621676,3.308733,3.186052,0.417964,0.396968,0.004418,0.004308,0.024985,0.026882,0.092716,0.089357,0.078145304,0.070130774,0.373255533,0.359415987,0.047150186,0.044781644,0.000498391,0.000485982,0.002818538,0.003032537,0.010459218,0.010080292,0.512327169,0.487927216
LEVOTHYROXINE SODIUM,NJ,HYPOTHYROIDISM,0.959251,1,Northeast,Middle Atlantic,8.864525,0.007553,0.10332,0.070501,0.692721,0.621676,3.308733,3.186052,0.417964,0.396968,0.004418,0.004308,0.024985,0.026882,0.092716,0.089357,0.078145304,0.070130774,0.373255533,0.359415987,0.047150186,0.044781644,0.000498391,0.000485982,0.002818538,0.003032537,0.010459218,0.010080292,0.512327169,0.487927216
METOPROLOL SUCCINATE,NJ,HIGH BLOOD PRESSURE,0.607636,5,Northeast,Middle Atlantic,8.864525,0.007553,0.10332,0.070501,0.692721,0.621676,3.308733,3.186052,0.417964,0.396968,0.004418,0.004308,0.024985,0.026882,0.092716,0.089357,0.078145304,0.070130774,0.373255533,0.359415987,0.047150186,0.044781644,0.000498391,0.000485982,0.002818538,0.003032537,0.010459218,0.010080292,0.512327169,0.487927216
SIMVASTATIN,NJ,HIGH CHOLESTEROL,0.75842,4,Northeast,Middle Atlantic,8.864525,0.007553,0.10332,0.070501,0.692721,0.621676,3.308733,3.186052,0.417964,0.396968,0.004418,0.004308,0.024985,0.026882,0.092716,0.089357,0.078145304,0.070130774,0.373255533,0.359415987,0.047150186,0.044781644,0.000498391,0.000485982,0.002818538,0.003032537,0.010459218,0.010080292,0.512327169,0.487927216
AMLODIPINE BESYLATE,NY,HIGH BLOOD PRESSURE,2.60979,1,Northeast,Middle Atlantic,19.651049,0.026602,0.237017,0.148838,1.847182,1.606867,7.075511,6.809126,0.853509,0.784037,0.013071,0.012839,0.093744,0.094939,0.240785,0.22472,0.093999155,0.081770037,0.360057674,0.346501909,0.043433254,0.039897972,0.000665155,0.000653349,0.004770432,0.004831243,0.012253035,0.011435522,0.515178706,0.485090033
ATORVASTATIN CALCIUM,NY,HIGH CHOLESTEROL,2.352946,4,Northeast,Middle Atlantic,19.651049,0.026602,0.237017,0.148838,1.847182,1.606867,7.075511,6.809126,0.853509,0.784037,0.013071,0.012839,0.093744,0.094939,0.240785,0.22472,0.093999155,0.081770037,0.360057674,0.346501909,0.043433254,0.039897972,0.000665155,0.000653349,0.004770432,0.004831243,0.012253035,0.011435522,0.515178706,0.485090033
LEVOTHYROXINE SODIUM,NY,HYPOTHYROIDISM,2.548186,2,Northeast,Middle Atlantic,19.651049,0.026602,0.237017,0.148838,1.847182,1.606867,7.075511,6.809126,0.853509,0.784037,0.013071,0.012839,0.093744,0.094939,0.240785,0.22472,0.093999155,0.081770037,0.360057674,0.346501909,0.043433254,0.039897972,0.000665155,0.000653349,0.004770432,0.004831243,0.012253035,0.011435522,0.515178706,0.485090033
OMEPRAZOLE,NY,GASTROESOPHAGEAL REFLUX DISEASE,2.159111,5,Northeast,Middle Atlantic,19.651049,0.026602,0.237017,0.148838,1.847182,1.606867,7.075511,6.809126,0.853509,0.784037,0.013071,0.012839,0.093744,0.094939,0.240785,0.22472,0.093999155,0.081770037,0.360057674,0.346501909,0.043433254,0.039897972,0.000665155,0.000653349,0.004770432,0.004831243,0.012253035,0.011435522,0.515178706,0.485090033
SIMVASTATIN,NY,HIGH CHOLESTEROL,2.484445,3,Northeast,Middle Atlantic,19.651049,0.026602,0.237017,0.148838,1.847182,1.606867,7.075511,6.809126,0.853509,0.784037,0.013071,0.012839,0.093744,0.094939,0.240785,0.22472,0.093999155,0.081770037,0.360057674,0.346501909,0.043433254,0.039897972,0.000665155,0.000653349,0.004770432,0.004831243,0.012253035,0.011435522,0.515178706,0.485090033
HYDROCODONE/ACETAMINOPHEN,WA,SEVERE PAIN RELIEF,0.589067,4,West,Pacific ,7.054655,0.09067,0.087387,0.051278,0.131355,0.152844,2.842059,2.848957,0.309132,0.269837,0.024904,0.025129,0.06669,0.06812,0.157996,0.155416,0.018619621,0.021665694,0.402862932,0.403840726,0.043819577,0.038249496,0.003530151,0.003562045,0.009453333,0.009656036,0.022395992,0.022030276,0.500681607,0.499004274
LEVOTHYROXINE SODIUM,WA,HYPOTHYROIDISM,0.713331,2,West,Pacific ,7.054655,0.09067,0.087387,0.051278,0.131355,0.152844,2.842059,2.848957,0.309132,0.269837,0.024904,0.025129,0.06669,0.06812,0.157996,0.155416,0.018619621,0.021665694,0.402862932,0.403840726,0.043819577,0.038249496,0.003530151,0.003562045,0.009453333,0.009656036,0.022395992,0.022030276,0.500681607,0.499004274
LISINOPRIL,WA,HIGH BLOOD PRESSURE,0.771435,1,West,Pacific ,7.054655,0.09067,0.087387,0.051278,0.131355,0.152844,2.842059,2.848957,0.309132,0.269837,0.024904,0.025129,0.06669,0.06812,0.157996,0.155416,0.018619621,0.021665694,0.402862932,0.403840726,0.043819577,0.038249496,0.003530151,0.003562045,0.009453333,0.009656036,0.022395992,0.022030276,0.500681607,0.499004274
OMEPRAZOLE,WA,GASTROESOPHAGEAL REFLUX DISEASE,0.606722,3,West,Pacific ,7.054655,0.09067,0.087387,0.051278,0.131355,0.152844,2.842059,2.848957,0.309132,0.269837,0.024904,0.025129,0.06669,0.06812,0.157996,0.155416,0.018619621,0.021665694,0.402862932,0.403840726,0.043819577,0.038249496,0.003530151,0.003562045,0.009453333,0.009656036,0.022395992,0.022030276,0.500681607,0.499004274
SIMVASTATIN,WA,HIGH CHOLESTEROL,0.534366,5,West,Pacific ,7.054655,0.09067,0.087387,0.051278,0.131355,0.152844,2.842059,2.848957,0.309132,0.269837,0.024904,0.025129,0.06669,0.06812,0.157996,0.155416,0.018619621,0.021665694,0.402862932,0.403840726,0.043819577,0.038249496,0.003530151,0.003562045,0.009453333,0.009656036,0.022395992,0.022030276,0.500681607,0.499004274
AMLODIPINE BESYLATE,NV,HIGH BLOOD PRESSURE,0.230787,4,West,Mountain,2.817628,0.041658,0.035223,0.021248,0.128411,0.129303,1.056292,1.09572,0.12605,0.10362,0.010519,0.010388,0.023053,0.023011,0.056959,0.055686,0.04557415,0.045890728,0.374886962,0.388880292,0.044736211,0.036775614,0.003733282,0.003686789,0.008181705,0.008166798,0.020215231,0.019763432,0.497327539,0.503163654
HYDROCODONE/ACETAMINOPHEN,NV,SEVERE PAIN RELIEF,0.294635,1,West,Mountain,2.817628,0.041658,0.035223,0.021248,0.128411,0.129303,1.056292,1.09572,0.12605,0.10362,0.010519,0.010388,0.023053,0.023011,0.056959,0.055686,0.04557415,0.045890728,0.374886962,0.388880292,0.044736211,0.036775614,0.003733282,0.003686789,0.008181705,0.008166798,0.020215231,0.019763432,0.497327539,0.503163654
LEVOTHYROXINE SODIUM,NV,HYPOTHYROIDISM,0.282911,3,West,Mountain,2.817628,0.041658,0.035223,0.021248,0.128411,0.129303,1.056292,1.09572,0.12605,0.10362,0.010519,0.010388,0.023053,0.023011,0.056959,0.055686,0.04557415,0.045890728,0.374886962,0.388880292,0.044736211,0.036775614,0.003733282,0.003686789,0.008181705,0.008166798,0.020215231,0.019763432,0.497327539,0.503163654
LISINOPRIL,NV,HIGH BLOOD PRESSURE,0.290676,2,West,Mountain,2.817628,0.041658,0.035223,0.021248,0.128411,0.129303,1.056292,1.09572,0.12605,0.10362,0.010519,0.010388,0.023053,0.023011,0.056959,0.055686,0.04557415,0.045890728,0.374886962,0.388880292,0.044736211,0.036775614,0.003733282,0.003686789,0.008181705,0.008166798,0.020215231,0.019763432,0.497327539,0.503163654
SIMVASTATIN,NV,HIGH CHOLESTEROL,0.220769,5,West,Mountain,2.817628,0.041658,0.035223,0.021248,0.128411,0.129303,1.056292,1.09572,0.12605,0.10362,0.010519,0.010388,0.023053,0.023011,0.056959,0.055686,0.04557415,0.045890728,0.374886962,0.388880292,0.044736211,0.036775614,0.003733282,0.003686789,0.008181705,0.008166798,0.020215231,0.019763432,0.497327539,0.503163654
ATORVASTATIN CALCIUM,MA,HIGH CHOLESTEROL,0.763128,5,Northeast,New England ,6.762596,0.049281,0.07195,0.054721,0.291359,0.27358,2.874748,2.708715,0.222963,0.204199,0.003385,0.003327,0.015668,0.016212,0.076114,0.073382,0.043083899,0.040454879,0.425095333,0.400543667,0.032970031,0.030195357,0.000500547,0.000491971,0.002316862,0.002397304,0.011255145,0.010851158,0.515221817,0.484934336
LEVOTHYROXINE SODIUM,MA,HYPOTHYROIDISM,0.836577,4,Northeast,New England ,6.762596,0.049281,0.07195,0.054721,0.291359,0.27358,2.874748,2.708715,0.222963,0.204199,0.003385,0.003327,0.015668,0.016212,0.076114,0.073382,0.043083899,0.040454879,0.425095333,0.400543667,0.032970031,0.030195357,0.000500547,0.000491971,0.002316862,0.002397304,0.011255145,0.010851158,0.515221817,0.484934336
LISINOPRIL,MA,HIGH BLOOD PRESSURE,1.126759,1,Northeast,New England ,6.762596,0.049281,0.07195,0.054721,0.291359,0.27358,2.874748,2.708715,0.222963,0.204199,0.003385,0.003327,0.015668,0.016212,0.076114,0.073382,0.043083899,0.040454879,0.425095333,0.400543667,0.032970031,0.030195357,0.000500547,0.000491971,0.002316862,0.002397304,0.011255145,0.010851158,0.515221817,0.484934336
OMEPRAZOLE,MA,GASTROESOPHAGEAL REFLUX DISEASE,0.883294,3,Northeast,New England ,6.762596,0.049281,0.07195,0.054721,0.291359,0.27358,2.874748,2.708715,0.222963,0.204199,0.003385,0.003327,0.015668,0.016212,0.076114,0.073382,0.043083899,0.040454879,0.425095333,0.400543667,0.032970031,0.030195357,0.000500547,0.000491971,0.002316862,0.002397304,0.011255145,0.010851158,0.515221817,0.484934336
SIMVASTATIN,MA,HIGH CHOLESTEROL,0.896292,2,Northeast,New England ,6.762596,0.049281,0.07195,0.054721,0.291359,0.27358,2.874748,2.708715,0.222963,0.204199,0.003385,0.003327,0.015668,0.016212,0.076114,0.073382,0.043083899,0.040454879,0.425095333,0.400543667,0.032970031,0.030195357,0.000500547,0.000491971,0.002316862,0.002397304,0.011255145,0.010851158,0.515221817,0.484934336
AMLODIPINE BESYLATE,MD,HIGH BLOOD PRESSURE,0.457877,2,South,South Atlantic,5.957283,0.034095,0.072753,0.044767,0.964981,0.84561,1.810918,1.767834,0.195049,0.176284,0.002988,0.00321,0.015867,0.01714,0.081666,0.076618,0.161983408,0.141945582,0.30398388,0.296751724,0.032741268,0.029591342,0.000501571,0.000538836,0.002663463,0.002877151,0.013708598,0.012861232,0.515582187,0.484565867
ATORVASTATIN CALCIUM,MD,HIGH CHOLESTEROL,0.414932,4,South,South Atlantic,5.957283,0.034095,0.072753,0.044767,0.964981,0.84561,1.810918,1.767834,0.195049,0.176284,0.002988,0.00321,0.015867,0.01714,0.081666,0.076618,0.161983408,0.141945582,0.30398388,0.296751724,0.032741268,0.029591342,0.000501571,0.000538836,0.002663463,0.002877151,0.013708598,0.012861232,0.515582187,0.484565867
FUROSEMIDE,MD,HIGH BLOOD PRESSURE,0.304566,5,South,South Atlantic,5.957283,0.034095,0.072753,0.044767,0.964981,0.84561,1.810918,1.767834,0.195049,0.176284,0.002988,0.00321,0.015867,0.01714,0.081666,0.076618,0.161983408,0.141945582,0.30398388,0.296751724,0.032741268,0.029591342,0.000501571,0.000538836,0.002663463,0.002877151,0.013708598,0.012861232,0.515582187,0.484565867
LEVOTHYROXINE SODIUM,MD,HYPOTHYROIDISM,0.421255,3,South,South Atlantic,5.957283,0.034095,0.072753,0.044767,0.964981,0.84561,1.810918,1.767834,0.195049,0.176284,0.002988,0.00321,0.015867,0.01714,0.081666,0.076618,0.161983408,0.141945582,0.30398388,0.296751724,0.032741268,0.029591342,0.000501571,0.000538836,0.002663463,0.002877151,0.013708598,0.012861232,0.515582187,0.484565867
LISINOPRIL,MD,HIGH BLOOD PRESSURE,0.463341,1,South,South Atlantic,5.957283,0.034095,0.072753,0.044767,0.964981,0.84561,1.810918,1.767834,0.195049,0.176284,0.002988,0.00321,0.015867,0.01714,0.081666,0.076618,0.161983408,0.141945582,0.30398388,0.296751724,0.032741268,0.029591342,0.000501571,0.000538836,0.002663463,0.002877151,0.013708598,0.012861232,0.515582187,0.484565867
AMLODIPINE BESYLATE,VA,HIGH BLOOD PRESSURE,0.808124,3,South,South Atlantic,8.310993,0.058566,0.10258,0.062609,0.852456,0.785281,2.955028,2.915784,0.274403,0.245684,0.004398,0.004694,0.02077,0.022757,0.117385,0.113436,0.102569693,0.094487025,0.35555655,0.350834611,0.033016873,0.029561329,0.000529179,0.000564794,0.0024991,0.002738181,0.014124064,0.013648911,0.508295459,0.491834851
ATORVASTATIN CALCIUM,VA,HIGH CHOLESTEROL,0.702216,5,South,South Atlantic,8.310993,0.058566,0.10258,0.062609,0.852456,0.785281,2.955028,2.915784,0.274403,0.245684,0.004398,0.004694,0.02077,0.022757,0.117385,0.113436,0.102569693,0.094487025,0.35555655,0.350834611,0.033016873,0.029561329,0.000529179,0.000564794,0.0024991,0.002738181,0.014124064,0.013648911,0.508295459,0.491834851
LEVOTHYROXINE SODIUM,VA,HYPOTHYROIDISM,0.837399,1,South,South Atlantic,8.310993,0.058566,0.10258,0.062609,0.852456,0.785281,2.955028,2.915784,0.274403,0.245684,0.004398,0.004694,0.02077,0.022757,0.117385,0.113436,0.102569693,0.094487025,0.35555655,0.350834611,0.033016873,0.029561329,0.000529179,0.000564794,0.0024991,0.002738181,0.014124064,0.013648911,0.508295459,0.491834851
LISINOPRIL,VA,HIGH BLOOD PRESSURE,0.819189,2,South,South Atlantic,8.310993,0.058566,0.10258,0.062609,0.852456,0.785281,2.955028,2.915784,0.274403,0.245684,0.004398,0.004694,0.02077,0.022757,0.117385,0.113436,0.102569693,0.094487025,0.35555655,0.350834611,0.033016873,0.029561329,0.000529179,0.000564794,0.0024991,0.002738181,0.014124064,0.013648911,0.508295459,0.491834851
SIMVASTATIN,VA,HIGH CHOLESTEROL,0.702343,4,South,South Atlantic,8.310993,0.058566,0.10258,0.062609,0.852456,0.785281,2.955028,2.915784,0.274403,0.245684,0.004398,0.004694,0.02077,0.022757,0.117385,0.113436,0.102569693,0.094487025,0.35555655,0.350834611,0.033016873,0.029561329,0.000529179,0.000564794,0.0024991,0.002738181,0.014124064,0.013648911,0.508295459,0.491834851
HYDROCODONE/ACETAMINOPHEN,AK,SEVERE PAIN RELIEF,0.028442,4,West,Pacific ,0.736283,-0.000785,0.011443,0.004024,0.011688,0.015308,0.230568,0.261562,0.023207,0.021202,0.004528,0.004661,0.054854,0.056531,0.025871,0.026327,0.015874331,0.020790919,0.313151329,0.355246556,0.031519131,0.028795993,0.006149809,0.006330446,0.074501245,0.076778902,0.035137305,0.035756632,0.476333149,0.523699447
LEVOTHYROXINE SODIUM,AK,HYPOTHYROIDISM,0.034082,2,West,Pacific ,0.736283,-0.000785,0.011443,0.004024,0.011688,0.015308,0.230568,0.261562,0.023207,0.021202,0.004528,0.004661,0.054854,0.056531,0.025871,0.026327,0.015874331,0.020790919,0.313151329,0.355246556,0.031519131,0.028795993,0.006149809,0.006330446,0.074501245,0.076778902,0.035137305,0.035756632,0.476333149,0.523699447
LISINOPRIL,AK,HIGH BLOOD PRESSURE,0.047684,1,West,Pacific ,0.736283,-0.000785,0.011443,0.004024,0.011688,0.015308,0.230568,0.261562,0.023207,0.021202,0.004528,0.004661,0.054854,0.056531,0.025871,0.026327,0.015874331,0.020790919,0.313151329,0.355246556,0.031519131,0.028795993,0.006149809,0.006330446,0.074501245,0.076778902,0.035137305,0.035756632,0.476333149,0.523699447
OMEPRAZOLE,AK,GASTROESOPHAGEAL REFLUX DISEASE,0.033574,3,West,Pacific ,0.736283,-0.000785,0.011443,0.004024,0.011688,0.015308,0.230568,0.261562,0.023207,0.021202,0.004528,0.004661,0.054854,0.056531,0.025871,0.026327,0.015874331,0.020790919,0.313151329,0.355246556,0.031519131,0.028795993,0.006149809,0.006330446,0.074501245,0.076778902,0.035137305,0.035756632,0.476333149,0.523699447
SIMVASTATIN,AK,HIGH CHOLESTEROL,0.028115,5,West,Pacific ,0.736283,-0.000785,0.011443,0.004024,0.011688,0.015308,0.230568,0.261562,0.023207,0.021202,0.004528,0.004661,0.054854,0.056531,0.025871,0.026327,0.015874331,0.020790919,0.313151329,0.355246556,0.031519131,0.028795993,0.006149809,0.006330446,0.074501245,0.076778902,0.035137305,0.035756632,0.476333149,0.523699447
AMLODIPINE BESYLATE,IL,HIGH BLOOD PRESSURE,1.216618,4,Midwest,East North Central ,12.884493,-0.010636,0.157512,0.102688,1.005986,0.890371,5.041089,4.945008,0.356436,0.331637,0.003918,0.004188,0.035662,0.038657,0.118991,0.117019,0.078077267,0.069104077,0.391252415,0.383795311,0.027663952,0.025739236,0.000304086,0.000325042,0.002767823,0.003000273,0.00923521,0.009082158,0.509300754,0.491046097
ATORVASTATIN CALCIUM,IL,HIGH CHOLESTEROL,1.206323,5,Midwest,East North Central ,12.884493,-0.010636,0.157512,0.102688,1.005986,0.890371,5.041089,4.945008,0.356436,0.331637,0.003918,0.004188,0.035662,0.038657,0.118991,0.117019,0.078077267,0.069104077,0.391252415,0.383795311,0.027663952,0.025739236,0.000304086,0.000325042,0.002767823,0.003000273,0.00923521,0.009082158,0.509300754,0.491046097
HYDROCODONE/ACETAMINOPHEN,IL,SEVERE PAIN RELIEF,1.221042,3,Midwest,East North Central ,12.884493,-0.010636,0.157512,0.102688,1.005986,0.890371,5.041089,4.945008,0.356436,0.331637,0.003918,0.004188,0.035662,0.038657,0.118991,0.117019,0.078077267,0.069104077,0.391252415,0.383795311,0.027663952,0.025739236,0.000304086,0.000325042,0.002767823,0.003000273,0.00923521,0.009082158,0.509300754,0.491046097
LEVOTHYROXINE SODIUM,IL,HYPOTHYROIDISM,1.457499,1,Midwest,East North Central ,12.884493,-0.010636,0.157512,0.102688,1.005986,0.890371,5.041089,4.945008,0.356436,0.331637,0.003918,0.004188,0.035662,0.038657,0.118991,0.117019,0.078077267,0.069104077,0.391252415,0.383795311,0.027663952,0.025739236,0.000304086,0.000325042,0.002767823,0.003000273,0.00923521,0.009082158,0.509300754,0.491046097
LISINOPRIL,IL,HIGH BLOOD PRESSURE,1.334446,2,Midwest,East North Central ,12.884493,-0.010636,0.157512,0.102688,1.005986,0.890371,5.041089,4.945008,0.356436,0.331637,0.003918,0.004188,0.035662,0.038657,0.118991,0.117019,0.078077267,0.069104077,0.391252415,0.383795311,0.027663952,0.025739236,0.000304086,0.000325042,0.002767823,0.003000273,0.00923521,0.009082158,0.509300754,0.491046097
AMLODIPINE BESYLATE,MN,HIGH BLOOD PRESSURE,0.458658,5,Midwest,West North Central ,5.451079,0.0376,0.069903,0.040795,0.158599,0.165313,2.350406,2.319757,0.130476,0.124113,0.001695,0.001719,0.036352,0.036422,0.06401,0.06266,0.029094974,0.030326656,0.43118179,0.425559233,0.023935812,0.02276852,0.000310948,0.00031535,0.006668771,0.006681613,0.011742629,0.011494972,0.502934924,0.497146345
LEVOTHYROXINE SODIUM,MN,HYPOTHYROIDISM,0.624325,3,Midwest,West North Central ,5.451079,0.0376,0.069903,0.040795,0.158599,0.165313,2.350406,2.319757,0.130476,0.124113,0.001695,0.001719,0.036352,0.036422,0.06401,0.06266,0.029094974,0.030326656,0.43118179,0.425559233,0.023935812,0.02276852,0.000310948,0.00031535,0.006668771,0.006681613,0.011742629,0.011494972,0.502934924,0.497146345
LISINOPRIL,MN,HIGH BLOOD PRESSURE,0.692905,1,Midwest,West North Central ,5.451079,0.0376,0.069903,0.040795,0.158599,0.165313,2.350406,2.319757,0.130476,0.124113,0.001695,0.001719,0.036352,0.036422,0.06401,0.06266,0.029094974,0.030326656,0.43118179,0.425559233,0.023935812,0.02276852,0.000310948,0.00031535,0.006668771,0.006681613,0.011742629,0.011494972,0.502934924,0.497146345
OMEPRAZOLE,MN,GASTROESOPHAGEAL REFLUX DISEASE,0.592275,4,Midwest,West North Central ,5.451079,0.0376,0.069903,0.040795,0.158599,0.165313,2.350406,2.319757,0.130476,0.124113,0.001695,0.001719,0.036352,0.036422,0.06401,0.06266,0.029094974,0.030326656,0.43118179,0.425559233,0.023935812,0.02276852,0.000310948,0.00031535,0.006668771,0.006681613,0.011742629,0.011494972,0.502934924,0.497146345
SIMVASTATIN,MN,HIGH CHOLESTEROL,0.658916,2,Midwest,West North Central ,5.451079,0.0376,0.069903,0.040795,0.158599,0.165313,2.350406,2.319757,0.130476,0.124113,0.001695,0.001719,0.036352,0.036422,0.06401,0.06266,0.029094974,0.030326656,0.43118179,0.425559233,0.023935812,0.02276852,0.000310948,0.00031535,0.006668771,0.006681613,0.011742629,0.011494972,0.502934924,0.497146345
AMLODIPINE BESYLATE,TX,HIGH BLOOD PRESSURE,2.213136,4,South,West South Central ,26.964333,0.484067,0.394346,0.180737,1.731555,1.623727,10.822797,10.769029,0.630661,0.599257,0.017927,0.018243,0.131473,0.138913,0.249061,0.244499,0.064216497,0.060217584,0.401374549,0.399380508,0.023388711,0.022224062,0.000664841,0.00067656,0.004875811,0.005151731,0.009236683,0.009067497,0.503757093,0.496717942
ATORVASTATIN CALCIUM,TX,HIGH CHOLESTEROL,1.882444,5,South,West South Central ,26.964333,0.484067,0.394346,0.180737,1.731555,1.623727,10.822797,10.769029,0.630661,0.599257,0.017927,0.018243,0.131473,0.138913,0.249061,0.244499,0.064216497,0.060217584,0.401374549,0.399380508,0.023388711,0.022224062,0.000664841,0.00067656,0.004875811,0.005151731,0.009236683,0.009067497,0.503757093,0.496717942
HYDROCODONE/ACETAMINOPHEN,TX,SEVERE PAIN RELIEF,2.833795,1,South,West South Central ,26.964333,0.484067,0.394346,0.180737,1.731555,1.623727,10.822797,10.769029,0.630661,0.599257,0.017927,0.018243,0.131473,0.138913,0.249061,0.244499,0.064216497,0.060217584,0.401374549,0.399380508,0.023388711,0.022224062,0.000664841,0.00067656,0.004875811,0.005151731,0.009236683,0.009067497,0.503757093,0.496717942
LEVOTHYROXINE SODIUM,TX,HYPOTHYROIDISM,2.788067,2,South,West South Central ,26.964333,0.484067,0.394346,0.180737,1.731555,1.623727,10.822797,10.769029,0.630661,0.599257,0.017927,0.018243,0.131473,0.138913,0.249061,0.244499,0.064216497,0.060217584,0.401374549,0.399380508,0.023388711,0.022224062,0.000664841,0.00067656,0.004875811,0.005151731,0.009236683,0.009067497,0.503757093,0.496717942
LISINOPRIL,TX,HIGH BLOOD PRESSURE,2.352302,3,South,West South Central ,26.964333,0.484067,0.394346,0.180737,1.731555,1.623727,10.822797,10.769029,0.630661,0.599257,0.017927,0.018243,0.131473,0.138913,0.249061,0.244499,0.064216497,0.060217584,0.401374549,0.399380508,0.023388711,0.022224062,0.000664841,0.00067656,0.004875811,0.005151731,0.009236683,0.009067497,0.503757093,0.496717942
AMLODIPINE BESYLATE,CT,HIGH BLOOD PRESSURE,0.395752,3,Northeast,New England ,3.594524,-0.000317,0.036162,0.029669,0.214861,0.196531,1.493235,1.429154,0.082697,0.077042,0.001698,0.002006,0.009036,0.009555,0.040266,0.038702,0.059774535,0.054675111,0.415419399,0.397592004,0.023006384,0.021433158,0.000472385,0.000558071,0.002513824,0.00265821,0.01120204,0.010766933,0.512388567,0.487683487
ATORVASTATIN CALCIUM,CT,HIGH CHOLESTEROL,0.462215,1,Northeast,New England ,3.594524,-0.000317,0.036162,0.029669,0.214861,0.196531,1.493235,1.429154,0.082697,0.077042,0.001698,0.002006,0.009036,0.009555,0.040266,0.038702,0.059774535,0.054675111,0.415419399,0.397592004,0.023006384,0.021433158,0.000472385,0.000558071,0.002513824,0.00265821,0.01120204,0.010766933,0.512388567,0.487683487
FUROSEMIDE,CT,HIGH BLOOD PRESSURE,0.325792,5,Northeast,New England ,3.594524,-0.000317,0.036162,0.029669,0.214861,0.196531,1.493235,1.429154,0.082697,0.077042,0.001698,0.002006,0.009036,0.009555,0.040266,0.038702,0.059774535,0.054675111,0.415419399,0.397592004,0.023006384,0.021433158,0.000472385,0.000558071,0.002513824,0.00265821,0.01120204,0.010766933,0.512388567,0.487683487
LEVOTHYROXINE SODIUM,CT,HYPOTHYROIDISM,0.453932,2,Northeast,New England ,3.594524,-0.000317,0.036162,0.029669,0.214861,0.196531,1.493235,1.429154,0.082697,0.077042,0.001698,0.002006,0.009036,0.009555,0.040266,0.038702,0.059774535,0.054675111,0.415419399,0.397592004,0.023006384,0.021433158,0.000472385,0.000558071,0.002513824,0.00265821,0.01120204,0.010766933,0.512388567,0.487683487
LISINOPRIL,CT,HIGH BLOOD PRESSURE,0.391621,4,Northeast,New England ,3.594524,-0.000317,0.036162,0.029669,0.214861,0.196531,1.493235,1.429154,0.082697,0.077042,0.001698,0.002006,0.009036,0.009555,0.040266,0.038702,0.059774535,0.054675111,0.415419399,0.397592004,0.023006384,0.021433158,0.000472385,0.000558071,0.002513824,0.00265821,0.01120204,0.010766933,0.512388567,0.487683487
ATORVASTATIN CALCIUM,OR,HIGH CHOLESTEROL,0.372918,5,West,Pacific ,3.963244,0.040776,0.045452,0.033804,0.037776,0.043761,1.757786,1.725418,0.091667,0.078476,0.008118,0.008481,0.034618,0.036177,0.071741,0.070087,0.009531586,0.011041712,0.443522024,0.435354977,0.023129285,0.019800951,0.002048322,0.002139914,0.008734764,0.009128128,0.018101585,0.017684251,0.505067566,0.495149933
HYDROCODONE/ACETAMINOPHEN,OR,SEVERE PAIN RELIEF,0.474492,3,West,Pacific ,3.963244,0.040776,0.045452,0.033804,0.037776,0.043761,1.757786,1.725418,0.091667,0.078476,0.008118,0.008481,0.034618,0.036177,0.071741,0.070087,0.009531586,0.011041712,0.443522024,0.435354977,0.023129285,0.019800951,0.002048322,0.002139914,0.008734764,0.009128128,0.018101585,0.017684251,0.505067566,0.495149933
LEVOTHYROXINE SODIUM,OR,HYPOTHYROIDISM,0.571237,1,West,Pacific ,3.963244,0.040776,0.045452,0.033804,0.037776,0.043761,1.757786,1.725418,0.091667,0.078476,0.008118,0.008481,0.034618,0.036177,0.071741,0.070087,0.009531586,0.011041712,0.443522024,0.435354977,0.023129285,0.019800951,0.002048322,0.002139914,0.008734764,0.009128128,0.018101585,0.017684251,0.505067566,0.495149933
LISINOPRIL,OR,HIGH BLOOD PRESSURE,0.541077,2,West,Pacific ,3.963244,0.040776,0.045452,0.033804,0.037776,0.043761,1.757786,1.725418,0.091667,0.078476,0.008118,0.008481,0.034618,0.036177,0.071741,0.070087,0.009531586,0.011041712,0.443522024,0.435354977,0.023129285,0.019800951,0.002048322,0.002139914,0.008734764,0.009128128,0.018101585,0.017684251,0.505067566,0.495149933
OMEPRAZOLE,OR,GASTROESOPHAGEAL REFLUX DISEASE,0.439819,4,West,Pacific ,3.963244,0.040776,0.045452,0.033804,0.037776,0.043761,1.757786,1.725418,0.091667,0.078476,0.008118,0.008481,0.034618,0.036177,0.071741,0.070087,0.009531586,0.011041712,0.443522024,0.435354977,0.023129285,0.019800951,0.002048322,0.002139914,0.008734764,0.009128128,0.018101585,0.017684251,0.505067566,0.495149933
AMLODIPINE BESYLATE,GA,HIGH BLOOD PRESSURE,1.282226,1,South,South Atlantic,10.067278,0.094799,0.129551,0.074837,1.693599,1.495357,3.138631,3.099177,0.197568,0.185936,0.005421,0.006044,0.023734,0.026746,0.101852,0.094936,0.168228095,0.148536377,0.311765603,0.30784657,0.019624768,0.018469342,0.000538477,0.000600361,0.002357539,0.002656726,0.010117134,0.009430156,0.512631617,0.487539532
HYDROCODONE/ACETAMINOPHEN,GA,SEVERE PAIN RELIEF,1.239477,2,South,South Atlantic,10.067278,0.094799,0.129551,0.074837,1.693599,1.495357,3.138631,3.099177,0.197568,0.185936,0.005421,0.006044,0.023734,0.026746,0.101852,0.094936,0.168228095,0.148536377,0.311765603,0.30784657,0.019624768,0.018469342,0.000538477,0.000600361,0.002357539,0.002656726,0.010117134,0.009430156,0.512631617,0.487539532
LEVOTHYROXINE SODIUM,GA,HYPOTHYROIDISM,1.201249,3,South,South Atlantic,10.067278,0.094799,0.129551,0.074837,1.693599,1.495357,3.138631,3.099177,0.197568,0.185936,0.005421,0.006044,0.023734,0.026746,0.101852,0.094936,0.168228095,0.148536377,0.311765603,0.30784657,0.019624768,0.018469342,0.000538477,0.000600361,0.002357539,0.002656726,0.010117134,0.009430156,0.512631617,0.487539532
LISINOPRIL,GA,HIGH BLOOD PRESSURE,1.169587,4,South,South Atlantic,10.067278,0.094799,0.129551,0.074837,1.693599,1.495357,3.138631,3.099177,0.197568,0.185936,0.005421,0.006044,0.023734,0.026746,0.101852,0.094936,0.168228095,0.148536377,0.311765603,0.30784657,0.019624768,0.018469342,0.000538477,0.000600361,0.002357539,0.002656726,0.010117134,0.009430156,0.512631617,0.487539532
SIMVASTATIN,GA,HIGH CHOLESTEROL,0.948344,5,South,South Atlantic,10.067278,0.094799,0.129551,0.074837,1.693599,1.495357,3.138631,3.099177,0.197568,0.185936,0.005421,0.006044,0.023734,0.026746,0.101852,0.094936,0.168228095,0.148536377,0.311765603,0.30784657,0.019624768,0.018469342,0.000538477,0.000600361,0.002357539,0.002656726,0.010117134,0.009430156,0.512631617,0.487539532
AMLODIPINE BESYLATE,DE,HIGH BLOOD PRESSURE,0.079754,4,South,South Atlantic,0.932487,0.008911,0.010981,0.008072,0.1102,0.098132,0.337701,0.321734,0.017851,0.017093,0.000376,0.00044,0.002951,0.003023,0.012058,0.011037,0.118178591,0.105236856,0.362150893,0.345027866,0.01914343,0.01833055,0.000403223,0.000471856,0.003164655,0.003241868,0.012931011,0.01183609,0.515971804,0.484145087
ATORVASTATIN CALCIUM,DE,HIGH CHOLESTEROL,0.097339,2,South,South Atlantic,0.932487,0.008911,0.010981,0.008072,0.1102,0.098132,0.337701,0.321734,0.017851,0.017093,0.000376,0.00044,0.002951,0.003023,0.012058,0.011037,0.118178591,0.105236856,0.362150893,0.345027866,0.01914343,0.01833055,0.000403223,0.000471856,0.003164655,0.003241868,0.012931011,0.01183609,0.515971804,0.484145087
LEVOTHYROXINE SODIUM,DE,HYPOTHYROIDISM,0.100751,1,South,South Atlantic,0.932487,0.008911,0.010981,0.008072,0.1102,0.098132,0.337701,0.321734,0.017851,0.017093,0.000376,0.00044,0.002951,0.003023,0.012058,0.011037,0.118178591,0.105236856,0.362150893,0.345027866,0.01914343,0.01833055,0.000403223,0.000471856,0.003164655,0.003241868,0.012931011,0.01183609,0.515971804,0.484145087
LISINOPRIL,DE,HIGH BLOOD PRESSURE,0.097049,3,South,South Atlantic,0.932487,0.008911,0.010981,0.008072,0.1102,0.098132,0.337701,0.321734,0.017851,0.017093,0.000376,0.00044,0.002951,0.003023,0.012058,0.011037,0.118178591,0.105236856,0.362150893,0.345027866,0.01914343,0.01833055,0.000403223,0.000471856,0.003164655,0.003241868,0.012931011,0.01183609,0.515971804,0.484145087
OMEPRAZOLE,DE,GASTROESOPHAGEAL REFLUX DISEASE,0.072716,5,South,South Atlantic,0.932487,0.008911,0.010981,0.008072,0.1102,0.098132,0.337701,0.321734,0.017851,0.017093,0.000376,0.00044,0.002951,0.003023,0.012058,0.011037,0.118178591,0.105236856,0.362150893,0.345027866,0.01914343,0.01833055,0.000403223,0.000471856,0.003164655,0.003241868,0.012931011,0.01183609,0.515971804,0.484145087
AMLODIPINE BESYLATE,RI,HIGH BLOOD PRESSURE,0.179348,4,Northeast,New England ,1.055936,0.000855,0.010731,0.009697,0.041337,0.040652,0.463277,0.435033,0.019047,0.017261,0.000907,0.000938,0.005199,0.005053,0.014025,0.013288,0.039147259,0.038498545,0.43873587,0.411988037,0.018038025,0.016346635,0.000858954,0.000888311,0.004923594,0.004785328,0.013282055,0.012584096,0.514985757,0.485090952
ATORVASTATIN CALCIUM,RI,HIGH CHOLESTEROL,0.193971,3,Northeast,New England ,1.055936,0.000855,0.010731,0.009697,0.041337,0.040652,0.463277,0.435033,0.019047,0.017261,0.000907,0.000938,0.005199,0.005053,0.014025,0.013288,0.039147259,0.038498545,0.43873587,0.411988037,0.018038025,0.016346635,0.000858954,0.000888311,0.004923594,0.004785328,0.013282055,0.012584096,0.514985757,0.485090952
LEVOTHYROXINE SODIUM,RI,HYPOTHYROIDISM,0.174245,5,Northeast,New England ,1.055936,0.000855,0.010731,0.009697,0.041337,0.040652,0.463277,0.435033,0.019047,0.017261,0.000907,0.000938,0.005199,0.005053,0.014025,0.013288,0.039147259,0.038498545,0.43873587,0.411988037,0.018038025,0.016346635,0.000858954,0.000888311,0.004923594,0.004785328,0.013282055,0.012584096,0.514985757,0.485090952
LISINOPRIL,RI,HIGH BLOOD PRESSURE,0.212772,1,Northeast,New England ,1.055936,0.000855,0.010731,0.009697,0.041337,0.040652,0.463277,0.435033,0.019047,0.017261,0.000907,0.000938,0.005199,0.005053,0.014025,0.013288,0.039147259,0.038498545,0.43873587,0.411988037,0.018038025,0.016346635,0.000858954,0.000888311,0.004923594,0.004785328,0.013282055,0.012584096,0.514985757,0.485090952
OMEPRAZOLE,RI,GASTROESOPHAGEAL REFLUX DISEASE,0.197074,2,Northeast,New England ,1.055936,0.000855,0.010731,0.009697,0.041337,0.040652,0.463277,0.435033,0.019047,0.017261,0.000907,0.000938,0.005199,0.005053,0.014025,0.013288,0.039147259,0.038498545,0.43873587,0.411988037,0.018038025,0.016346635,0.000858954,0.000888311,0.004923594,0.004785328,0.013282055,0.012584096,0.514985757,0.485090952
AMLODIPINE BESYLATE,AZ,HIGH BLOOD PRESSURE,0.547849,4,West,Mountain,6.730413,0.097649,0.086129,0.050236,0.15204,0.164835,2.833647,2.800242,0.12039,0.107258,0.008152,0.009448,0.181827,0.177439,0.089704,0.088858,0.022589996,0.024491068,0.421021266,0.416057974,0.017887461,0.015936318,0.001211218,0.001403777,0.027015727,0.026363761,0.013328157,0.013202459,0.503053824,0.497455357
LEVOTHYROXINE SODIUM,AZ,HYPOTHYROIDISM,0.86624,1,West,Mountain,6.730413,0.097649,0.086129,0.050236,0.15204,0.164835,2.833647,2.800242,0.12039,0.107258,0.008152,0.009448,0.181827,0.177439,0.089704,0.088858,0.022589996,0.024491068,0.421021266,0.416057974,0.017887461,0.015936318,0.001211218,0.001403777,0.027015727,0.026363761,0.013328157,0.013202459,0.503053824,0.497455357
LISINOPRIL,AZ,HIGH BLOOD PRESSURE,0.828921,2,West,Mountain,6.730413,0.097649,0.086129,0.050236,0.15204,0.164835,2.833647,2.800242,0.12039,0.107258,0.008152,0.009448,0.181827,0.177439,0.089704,0.088858,0.022589996,0.024491068,0.421021266,0.416057974,0.017887461,0.015936318,0.001211218,0.001403777,0.027015727,0.026363761,0.013328157,0.013202459,0.503053824,0.497455357
OMEPRAZOLE,AZ,GASTROESOPHAGEAL REFLUX DISEASE,0.469252,5,West,Mountain,6.730413,0.097649,0.086129,0.050236,0.15204,0.164835,2.833647,2.800242,0.12039,0.107258,0.008152,0.009448,0.181827,0.177439,0.089704,0.088858,0.022589996,0.024491068,0.421021266,0.416057974,0.017887461,0.015936318,0.001211218,0.001403777,0.027015727,0.026363761,0.013328157,0.013202459,0.503053824,0.497455357
SIMVASTATIN,AZ,HIGH CHOLESTEROL,0.561456,3,West,Mountain,6.730413,0.097649,0.086129,0.050236,0.15204,0.164835,2.833647,2.800242,0.12039,0.107258,0.008152,0.009448,0.181827,0.177439,0.089704,0.088858,0.022589996,0.024491068,0.421021266,0.416057974,0.017887461,0.015936318,0.001211218,0.001403777,0.027015727,0.026363761,0.013328157,0.013202459,0.503053824,0.497455357
AMLODIPINE BESYLATE,PA,HIGH BLOOD PRESSURE,1.762418,4,Northeast,Middle Atlantic,12.788313,0.012004,0.142216,0.126737,0.773102,0.717058,5.398083,5.193973,0.217353,0.201293,0.0044,0.004227,0.021903,0.022765,0.120146,0.114798,0.060453791,0.056071352,0.422110641,0.406149975,0.016996221,0.015740387,0.000344064,0.000330536,0.001712736,0.001780141,0.009394984,0.00897679,0.511012438,0.489049181
ATORVASTATIN CALCIUM,PA,HIGH CHOLESTEROL,1.746999,5,Northeast,Middle Atlantic,12.788313,0.012004,0.142216,0.126737,0.773102,0.717058,5.398083,5.193973,0.217353,0.201293,0.0044,0.004227,0.021903,0.022765,0.120146,0.114798,0.060453791,0.056071352,0.422110641,0.406149975,0.016996221,0.015740387,0.000344064,0.000330536,0.001712736,0.001780141,0.009394984,0.00897679,0.511012438,0.489049181
LEVOTHYROXINE SODIUM,PA,HYPOTHYROIDISM,2.353753,1,Northeast,Middle Atlantic,12.788313,0.012004,0.142216,0.126737,0.773102,0.717058,5.398083,5.193973,0.217353,0.201293,0.0044,0.004227,0.021903,0.022765,0.120146,0.114798,0.060453791,0.056071352,0.422110641,0.406149975,0.016996221,0.015740387,0.000344064,0.000330536,0.001712736,0.001780141,0.009394984,0.00897679,0.511012438,0.489049181
LISINOPRIL,PA,HIGH BLOOD PRESSURE,2.034787,2,Northeast,Middle Atlantic,12.788313,0.012004,0.142216,0.126737,0.773102,0.717058,5.398083,5.193973,0.217353,0.201293,0.0044,0.004227,0.021903,0.022765,0.120146,0.114798,0.060453791,0.056071352,0.422110641,0.406149975,0.016996221,0.015740387,0.000344064,0.000330536,0.001712736,0.001780141,0.009394984,0.00897679,0.511012438,0.489049181
SIMVASTATIN,PA,HIGH CHOLESTEROL,1.934387,3,Northeast,Middle Atlantic,12.788313,0.012004,0.142216,0.126737,0.773102,0.717058,5.398083,5.193973,0.217353,0.201293,0.0044,0.004227,0.021903,0.022765,0.120146,0.114798,0.060453791,0.056071352,0.422110641,0.406149975,0.016996221,0.015740387,0.000344064,0.000330536,0.001712736,0.001780141,0.009394984,0.00897679,0.511012438,0.489049181
ATORVASTATIN CALCIUM,CO,HIGH CHOLESTEROL,0.351804,4,West,Mountain,5.350101,0.081066,0.065702,0.033935,0.112077,0.125737,2.337845,2.359371,0.09194,0.077626,0.004746,0.005,0.041153,0.042614,0.077098,0.076011,0.020948576,0.023501799,0.436972124,0.4409956,0.017184722,0.014509259,0.000887086,0.000934562,0.007692004,0.007965083,0.014410569,0.014207395,0.498095083,0.502113698
LEVOTHYROXINE SODIUM,CO,HYPOTHYROIDISM,0.644433,1,West,Mountain,5.350101,0.081066,0.065702,0.033935,0.112077,0.125737,2.337845,2.359371,0.09194,0.077626,0.004746,0.005,0.041153,0.042614,0.077098,0.076011,0.020948576,0.023501799,0.436972124,0.4409956,0.017184722,0.014509259,0.000887086,0.000934562,0.007692004,0.007965083,0.014410569,0.014207395,0.498095083,0.502113698
LISINOPRIL,CO,HIGH BLOOD PRESSURE,0.511517,2,West,Mountain,5.350101,0.081066,0.065702,0.033935,0.112077,0.125737,2.337845,2.359371,0.09194,0.077626,0.004746,0.005,0.041153,0.042614,0.077098,0.076011,0.020948576,0.023501799,0.436972124,0.4409956,0.017184722,0.014509259,0.000887086,0.000934562,0.007692004,0.007965083,0.014410569,0.014207395,0.498095083,0.502113698
OMEPRAZOLE,CO,GASTROESOPHAGEAL REFLUX DISEASE,0.351481,5,West,Mountain,5.350101,0.081066,0.065702,0.033935,0.112077,0.125737,2.337845,2.359371,0.09194,0.077626,0.004746,0.005,0.041153,0.042614,0.077098,0.076011,0.020948576,0.023501799,0.436972124,0.4409956,0.017184722,0.014509259,0.000887086,0.000934562,0.007692004,0.007965083,0.014410569,0.014207395,0.498095083,0.502113698
SIMVASTATIN,CO,HIGH CHOLESTEROL,0.41601,3,West,Mountain,5.350101,0.081066,0.065702,0.033935,0.112077,0.125737,2.337845,2.359371,0.09194,0.077626,0.004746,0.005,0.041153,0.042614,0.077098,0.076011,0.020948576,0.023501799,0.436972124,0.4409956,0.017184722,0.014509259,0.000887086,0.000934562,0.007692004,0.007965083,0.014410569,0.014207395,0.498095083,0.502113698
HYDROCODONE/ACETAMINOPHEN,MI,SEVERE PAIN RELIEF,1.792522,1,Midwest,East North Central ,9.929848,0.016783,0.114518,0.09184,0.740979,0.670552,4.008126,3.921026,0.149203,0.141201,0.001883,0.001893,0.035501,0.035512,0.114442,0.110271,0.074621384,0.067528929,0.403644245,0.394872711,0.015025708,0.014219855,0.00018963,0.000190637,0.003575181,0.003576288,0.011525051,0.011105004,0.508581199,0.491493425
LEVOTHYROXINE SODIUM,MI,HYPOTHYROIDISM,1.31787,2,Midwest,East North Central ,9.929848,0.016783,0.114518,0.09184,0.740979,0.670552,4.008126,3.921026,0.149203,0.141201,0.001883,0.001893,0.035501,0.035512,0.114442,0.110271,0.074621384,0.067528929,0.403644245,0.394872711,0.015025708,0.014219855,0.00018963,0.000190637,0.003575181,0.003576288,0.011525051,0.011105004,0.508581199,0.491493425
LISINOPRIL,MI,HIGH BLOOD PRESSURE,1.31608,3,Midwest,East North Central ,9.929848,0.016783,0.114518,0.09184,0.740979,0.670552,4.008126,3.921026,0.149203,0.141201,0.001883,0.001893,0.035501,0.035512,0.114442,0.110271,0.074621384,0.067528929,0.403644245,0.394872711,0.015025708,0.014219855,0.00018963,0.000190637,0.003575181,0.003576288,0.011525051,0.011105004,0.508581199,0.491493425
OMEPRAZOLE,MI,GASTROESOPHAGEAL REFLUX DISEASE,1.10101,5,Midwest,East North Central ,9.929848,0.016783,0.114518,0.09184,0.740979,0.670552,4.008126,3.921026,0.149203,0.141201,0.001883,0.001893,0.035501,0.035512,0.114442,0.110271,0.074621384,0.067528929,0.403644245,0.394872711,0.015025708,0.014219855,0.00018963,0.000190637,0.003575181,0.003576288,0.011525051,0.011105004,0.508581199,0.491493425
SIMVASTATIN,MI,HIGH CHOLESTEROL,1.207133,4,Midwest,East North Central ,9.929848,0.016783,0.114518,0.09184,0.740979,0.670552,4.008126,3.921026,0.149203,0.141201,0.001883,0.001893,0.035501,0.035512,0.114442,0.110271,0.074621384,0.067528929,0.403644245,0.394872711,0.015025708,0.014219855,0.00018963,0.000190637,0.003575181,0.003576288,0.011525051,0.011105004,0.508581199,0.491493425
AMLODIPINE BESYLATE,KS,HIGH BLOOD PRESSURE,0.325069,5,Midwest,West North Central ,2.900475,0.007263,0.039292,0.025475,0.087068,0.092323,1.268187,1.253437,0.042238,0.039668,0.001443,0.001669,0.016816,0.01732,0.040551,0.040176,0.030018531,0.031830304,0.437234246,0.432148872,0.014562442,0.013676381,0.000497505,0.000575423,0.005797671,0.005971436,0.013980813,0.013851524,0.502091209,0.498053939
HYDROCODONE/ACETAMINOPHEN,KS,SEVERE PAIN RELIEF,0.391969,2,Midwest,West North Central ,2.900475,0.007263,0.039292,0.025475,0.087068,0.092323,1.268187,1.253437,0.042238,0.039668,0.001443,0.001669,0.016816,0.01732,0.040551,0.040176,0.030018531,0.031830304,0.437234246,0.432148872,0.014562442,0.013676381,0.000497505,0.000575423,0.005797671,0.005971436,0.013980813,0.013851524,0.502091209,0.498053939
LEVOTHYROXINE SODIUM,KS,HYPOTHYROIDISM,0.503645,1,Midwest,West North Central ,2.900475,0.007263,0.039292,0.025475,0.087068,0.092323,1.268187,1.253437,0.042238,0.039668,0.001443,0.001669,0.016816,0.01732,0.040551,0.040176,0.030018531,0.031830304,0.437234246,0.432148872,0.014562442,0.013676381,0.000497505,0.000575423,0.005797671,0.005971436,0.013980813,0.013851524,0.502091209,0.498053939
LISINOPRIL,KS,HIGH BLOOD PRESSURE,0.375427,3,Midwest,West North Central ,2.900475,0.007263,0.039292,0.025475,0.087068,0.092323,1.268187,1.253437,0.042238,0.039668,0.001443,0.001669,0.016816,0.01732,0.040551,0.040176,0.030018531,0.031830304,0.437234246,0.432148872,0.014562442,0.013676381,0.000497505,0.000575423,0.005797671,0.005971436,0.013980813,0.013851524,0.502091209,0.498053939
SIMVASTATIN,KS,HIGH CHOLESTEROL,0.352737,4,Midwest,West North Central ,2.900475,0.007263,0.039292,0.025475,0.087068,0.092323,1.268187,1.253437,0.042238,0.039668,0.001443,0.001669,0.016816,0.01732,0.040551,0.040176,0.030018531,0.031830304,0.437234246,0.432148872,0.014562442,0.013676381,0.000497505,0.000575423,0.005797671,0.005971436,0.013980813,0.013851524,0.502091209,0.498053939
AMLODIPINE BESYLATE,NC,HIGH BLOOD PRESSURE,1.389942,2,South,South Atlantic,9.932887,0.089551,0.120207,0.083523,1.170026,1.03229,3.598689,3.490525,0.140052,0.13015,0.005669,0.00615,0.078159,0.07711,0.105142,0.099982,0.117793145,0.103926482,0.362300407,0.351410924,0.014099828,0.013102938,0.00057073,0.000619155,0.007868709,0.0077631,0.010585241,0.010065754,0.51321806,0.486888354
ATORVASTATIN CALCIUM,NC,HIGH CHOLESTEROL,1.120744,5,South,South Atlantic,9.932887,0.089551,0.120207,0.083523,1.170026,1.03229,3.598689,3.490525,0.140052,0.13015,0.005669,0.00615,0.078159,0.07711,0.105142,0.099982,0.117793145,0.103926482,0.362300407,0.351410924,0.014099828,0.013102938,0.00057073,0.000619155,0.007868709,0.0077631,0.010585241,0.010065754,0.51321806,0.486888354
LEVOTHYROXINE SODIUM,NC,HYPOTHYROIDISM,1.513777,1,South,South Atlantic,9.932887,0.089551,0.120207,0.083523,1.170026,1.03229,3.598689,3.490525,0.140052,0.13015,0.005669,0.00615,0.078159,0.07711,0.105142,0.099982,0.117793145,0.103926482,0.362300407,0.351410924,0.014099828,0.013102938,0.00057073,0.000619155,0.007868709,0.0077631,0.010585241,0.010065754,0.51321806,0.486888354
LISINOPRIL,NC,HIGH BLOOD PRESSURE,1.281045,4,South,South Atlantic,9.932887,0.089551,0.120207,0.083523,1.170026,1.03229,3.598689,3.490525,0.140052,0.13015,0.005669,0.00615,0.078159,0.07711,0.105142,0.099982,0.117793145,0.103926482,0.362300407,0.351410924,0.014099828,0.013102938,0.00057073,0.000619155,0.007868709,0.0077631,0.010585241,0.010065754,0.51321806,0.486888354
OMEPRAZOLE,NC,GASTROESOPHAGEAL REFLUX DISEASE,1.367545,3,South,South Atlantic,9.932887,0.089551,0.120207,0.083523,1.170026,1.03229,3.598689,3.490525,0.140052,0.13015,0.005669,0.00615,0.078159,0.07711,0.105142,0.099982,0.117793145,0.103926482,0.362300407,0.351410924,0.014099828,0.013102938,0.00057073,0.000619155,0.007868709,0.0077631,0.010585241,0.010065754,0.51321806,0.486888354
FUROSEMIDE,WI,HIGH BLOOD PRESSURE,0.598833,5,Midwest,East North Central ,5.751525,0.014771,0.067061,0.049334,0.193245,0.186357,2.536944,2.511813,0.079649,0.075314,0.001364,0.001554,0.031875,0.032296,0.051353,0.05021,0.033598915,0.03240132,0.441090667,0.436721217,0.013848327,0.013094614,0.000237154,0.000270189,0.005542008,0.005615206,0.008928589,0.008729859,0.503245661,0.496832405
LEVOTHYROXINE SODIUM,WI,HYPOTHYROIDISM,0.724862,1,Midwest,East North Central ,5.751525,0.014771,0.067061,0.049334,0.193245,0.186357,2.536944,2.511813,0.079649,0.075314,0.001364,0.001554,0.031875,0.032296,0.051353,0.05021,0.033598915,0.03240132,0.441090667,0.436721217,0.013848327,0.013094614,0.000237154,0.000270189,0.005542008,0.005615206,0.008928589,0.008729859,0.503245661,0.496832405
LISINOPRIL,WI,HIGH BLOOD PRESSURE,0.679528,2,Midwest,East North Central ,5.751525,0.014771,0.067061,0.049334,0.193245,0.186357,2.536944,2.511813,0.079649,0.075314,0.001364,0.001554,0.031875,0.032296,0.051353,0.05021,0.033598915,0.03240132,0.441090667,0.436721217,0.013848327,0.013094614,0.000237154,0.000270189,0.005542008,0.005615206,0.008928589,0.008729859,0.503245661,0.496832405
OMEPRAZOLE,WI,GASTROESOPHAGEAL REFLUX DISEASE,0.660346,3,Midwest,East North Central ,5.751525,0.014771,0.067061,0.049334,0.193245,0.186357,2.536944,2.511813,0.079649,0.075314,0.001364,0.001554,0.031875,0.032296,0.051353,0.05021,0.033598915,0.03240132,0.441090667,0.436721217,0.013848327,0.013094614,0.000237154,0.000270189,0.005542008,0.005615206,0.008928589,0.008729859,0.503245661,0.496832405
SIMVASTATIN,WI,HIGH CHOLESTEROL,0.637494,4,Midwest,East North Central ,5.751525,0.014771,0.067061,0.049334,0.193245,0.186357,2.536944,2.511813,0.079649,0.075314,0.001364,0.001554,0.031875,0.032296,0.051353,0.05021,0.033598915,0.03240132,0.441090667,0.436721217,0.013848327,0.013094614,0.000237154,0.000270189,0.005542008,0.005615206,0.008928589,0.008729859,0.503245661,0.496832405
ATORVASTATIN CALCIUM,NH,HIGH CHOLESTEROL,0.120283,3,Northeast,New England ,1.333341,0.006719,0.012215,0.011154,0.008504,0.010849,0.634134,0.618478,0.018871,0.016962,0.000285,0.000275,0.00178,0.002002,0.010478,0.010605,0.006377963,0.008136703,0.475597765,0.463855833,0.014153169,0.012721427,0.000213749,0.000206249,0.001334992,0.001501491,0.007858455,0.007953704,0.505536093,0.494375407
LEVOTHYROXINE SODIUM,NH,HYPOTHYROIDISM,0.150455,1,Northeast,New England ,1.333341,0.006719,0.012215,0.011154,0.008504,0.010849,0.634134,0.618478,0.018871,0.016962,0.000285,0.000275,0.00178,0.002002,0.010478,0.010605,0.006377963,0.008136703,0.475597765,0.463855833,0.014153169,0.012721427,0.000213749,0.000206249,0.001334992,0.001501491,0.007858455,0.007953704,0.505536093,0.494375407
LISINOPRIL,NH,HIGH BLOOD PRESSURE,0.149314,2,Northeast,New England ,1.333341,0.006719,0.012215,0.011154,0.008504,0.010849,0.634134,0.618478,0.018871,0.016962,0.000285,0.000275,0.00178,0.002002,0.010478,0.010605,0.006377963,0.008136703,0.475597765,0.463855833,0.014153169,0.012721427,0.000213749,0.000206249,0.001334992,0.001501491,0.007858455,0.007953704,0.505536093,0.494375407
OMEPRAZOLE,NH,GASTROESOPHAGEAL REFLUX DISEASE,0.104657,5,Northeast,New England ,1.333341,0.006719,0.012215,0.011154,0.008504,0.010849,0.634134,0.618478,0.018871,0.016962,0.000285,0.000275,0.00178,0.002002,0.010478,0.010605,0.006377963,0.008136703,0.475597765,0.463855833,0.014153169,0.012721427,0.000213749,0.000206249,0.001334992,0.001501491,0.007858455,0.007953704,0.505536093,0.494375407
SIMVASTATIN,NH,HIGH CHOLESTEROL,0.109167,4,Northeast,New England ,1.333341,0.006719,0.012215,0.011154,0.008504,0.010849,0.634134,0.618478,0.018871,0.016962,0.000285,0.000275,0.00178,0.002002,0.010478,0.010605,0.006377963,0.008136703,0.475597765,0.463855833,0.014153169,0.012721427,0.000213749,0.000206249,0.001334992,0.001501491,0.007858455,0.007953704,0.505536093,0.494375407
AMLODIPINE BESYLATE,FL,HIGH BLOOD PRESSURE,2.690538,3,South,South Atlantic,19.845911,0.30029,0.218333,0.181024,1.732745,1.608383,7.867334,7.597326,0.291155,0.250381,0.010528,0.010932,0.045881,0.050698,0.201811,0.193156,0.087309925,0.081043546,0.396420905,0.382815684,0.01467078,0.012616251,0.000530487,0.000550844,0.002311862,0.002554582,0.010168896,0.009732786,0.511412855,0.489313693
LEVOTHYROXINE SODIUM,FL,HYPOTHYROIDISM,2.982449,1,South,South Atlantic,19.845911,0.30029,0.218333,0.181024,1.732745,1.608383,7.867334,7.597326,0.291155,0.250381,0.010528,0.010932,0.045881,0.050698,0.201811,0.193156,0.087309925,0.081043546,0.396420905,0.382815684,0.01467078,0.012616251,0.000530487,0.000550844,0.002311862,0.002554582,0.010168896,0.009732786,0.511412855,0.489313693
LISINOPRIL,FL,HIGH BLOOD PRESSURE,2.871362,2,South,South Atlantic,19.845911,0.30029,0.218333,0.181024,1.732745,1.608383,7.867334,7.597326,0.291155,0.250381,0.010528,0.010932,0.045881,0.050698,0.201811,0.193156,0.087309925,0.081043546,0.396420905,0.382815684,0.01467078,0.012616251,0.000530487,0.000550844,0.002311862,0.002554582,0.010168896,0.009732786,0.511412855,0.489313693
OMEPRAZOLE,FL,GASTROESOPHAGEAL REFLUX DISEASE,2.591185,4,South,South Atlantic,19.845911,0.30029,0.218333,0.181024,1.732745,1.608383,7.867334,7.597326,0.291155,0.250381,0.010528,0.010932,0.045881,0.050698,0.201811,0.193156,0.087309925,0.081043546,0.396420905,0.382815684,0.01467078,0.012616251,0.000530487,0.000550844,0.002311862,0.002554582,0.010168896,0.009732786,0.511412855,0.489313693
SIMVASTATIN,FL,HIGH CHOLESTEROL,2.530577,5,South,South Atlantic,19.845911,0.30029,0.218333,0.181024,1.732745,1.608383,7.867334,7.597326,0.291155,0.250381,0.010528,0.010932,0.045881,0.050698,0.201811,0.193156,0.087309925,0.081043546,0.396420905,0.382815684,0.01467078,0.012616251,0.000530487,0.000550844,0.002311862,0.002554582,0.010168896,0.009732786,0.511412855,0.489313693
FUROSEMIDE,IA,HIGH BLOOD PRESSURE,0.415937,5,Midwest,West North Central ,3.10935,0.016353,0.039463,0.028884,0.050325,0.056876,1.443442,1.414337,0.036051,0.036767,0.001477,0.001642,0.007631,0.007816,0.026418,0.026722,0.016185055,0.018291926,0.464226285,0.454865808,0.011594385,0.011824658,0.000475019,0.000528085,0.002454211,0.002513709,0.00849631,0.008594079,0.503431264,0.496618264
LEVOTHYROXINE SODIUM,IA,HYPOTHYROIDISM,0.573383,1,Midwest,West North Central ,3.10935,0.016353,0.039463,0.028884,0.050325,0.056876,1.443442,1.414337,0.036051,0.036767,0.001477,0.001642,0.007631,0.007816,0.026418,0.026722,0.016185055,0.018291926,0.464226285,0.454865808,0.011594385,0.011824658,0.000475019,0.000528085,0.002454211,0.002513709,0.00849631,0.008594079,0.503431264,0.496618264
LISINOPRIL,IA,HIGH BLOOD PRESSURE,0.45297,4,Midwest,West North Central ,3.10935,0.016353,0.039463,0.028884,0.050325,0.056876,1.443442,1.414337,0.036051,0.036767,0.001477,0.001642,0.007631,0.007816,0.026418,0.026722,0.016185055,0.018291926,0.464226285,0.454865808,0.011594385,0.011824658,0.000475019,0.000528085,0.002454211,0.002513709,0.00849631,0.008594079,0.503431264,0.496618264
OMEPRAZOLE,IA,GASTROESOPHAGEAL REFLUX DISEASE,0.50679,2,Midwest,West North Central ,3.10935,0.016353,0.039463,0.028884,0.050325,0.056876,1.443442,1.414337,0.036051,0.036767,0.001477,0.001642,0.007631,0.007816,0.026418,0.026722,0.016185055,0.018291926,0.464226285,0.454865808,0.011594385,0.011824658,0.000475019,0.000528085,0.002454211,0.002513709,0.00849631,0.008594079,0.503431264,0.496618264
SIMVASTATIN,IA,HIGH CHOLESTEROL,0.494283,3,Midwest,West North Central ,3.10935,0.016353,0.039463,0.028884,0.050325,0.056876,1.443442,1.414337,0.036051,0.036767,0.001477,0.001642,0.007631,0.007816,0.026418,0.026722,0.016185055,0.018291926,0.464226285,0.454865808,0.011594385,0.011824658,0.000475019,0.000528085,0.002454211,0.002513709,0.00849631,0.008594079,0.503431264,0.496618264
HYDROCODONE/ACETAMINOPHEN,UT,SEVERE PAIN RELIEF,0.212502,3,West,Mountain,2.936879,0.039239,0.050825,0.016284,0.016713,0.021668,1.336991,1.350931,0.036344,0.032443,0.013955,0.015111,0.022318,0.02245,0.033784,0.034691,0.005690735,0.0073779,0.455242112,0.459988648,0.012375042,0.011046761,0.004751643,0.005145258,0.007599224,0.007644169,0.011503368,0.011812199,0.497162123,0.503014935
LEVOTHYROXINE SODIUM,UT,HYPOTHYROIDISM,0.253237,1,West,Mountain,2.936879,0.039239,0.050825,0.016284,0.016713,0.021668,1.336991,1.350931,0.036344,0.032443,0.013955,0.015111,0.022318,0.02245,0.033784,0.034691,0.005690735,0.0073779,0.455242112,0.459988648,0.012375042,0.011046761,0.004751643,0.005145258,0.007599224,0.007644169,0.011503368,0.011812199,0.497162123,0.503014935
LISINOPRIL,UT,HIGH BLOOD PRESSURE,0.176763,5,West,Mountain,2.936879,0.039239,0.050825,0.016284,0.016713,0.021668,1.336991,1.350931,0.036344,0.032443,0.013955,0.015111,0.022318,0.02245,0.033784,0.034691,0.005690735,0.0073779,0.455242112,0.459988648,0.012375042,0.011046761,0.004751643,0.005145258,0.007599224,0.007644169,0.011503368,0.011812199,0.497162123,0.503014935
OMEPRAZOLE,UT,GASTROESOPHAGEAL REFLUX DISEASE,0.221872,2,West,Mountain,2.936879,0.039239,0.050825,0.016284,0.016713,0.021668,1.336991,1.350931,0.036344,0.032443,0.013955,0.015111,0.022318,0.02245,0.033784,0.034691,0.005690735,0.0073779,0.455242112,0.459988648,0.012375042,0.011046761,0.004751643,0.005145258,0.007599224,0.007644169,0.011503368,0.011812199,0.497162123,0.503014935
SIMVASTATIN,UT,HIGH CHOLESTEROL,0.179038,4,West,Mountain,2.936879,0.039239,0.050825,0.016284,0.016713,0.021668,1.336991,1.350931,0.036344,0.032443,0.013955,0.015111,0.022318,0.02245,0.033784,0.034691,0.005690735,0.0073779,0.455242112,0.459988648,0.012375042,0.011046761,0.004751643,0.005145258,0.007599224,0.007644169,0.011503368,0.011812199,0.497162123,0.503014935
AMLODIPINE BESYLATE,NE,HIGH BLOOD PRESSURE,0.229775,4,Midwest,West North Central ,1.879321,0.014042,0.026467,0.015683,0.045063,0.047478,0.843624,0.835092,0.021608,0.020331,0.001028,0.001172,0.01312,0.01326,0.019057,0.018689,0.023978341,0.02526338,0.448898299,0.444358361,0.01149777,0.010818269,0.000547006,0.000623629,0.006981245,0.00705574,0.010140365,0.009944549,0.502043025,0.498063928
LEVOTHYROXINE SODIUM,NE,HYPOTHYROIDISM,0.336322,1,Midwest,West North Central ,1.879321,0.014042,0.026467,0.015683,0.045063,0.047478,0.843624,0.835092,0.021608,0.020331,0.001028,0.001172,0.01312,0.01326,0.019057,0.018689,0.023978341,0.02526338,0.448898299,0.444358361,0.01149777,0.010818269,0.000547006,0.000623629,0.006981245,0.00705574,0.010140365,0.009944549,0.502043025,0.498063928
LISINOPRIL,NE,HIGH BLOOD PRESSURE,0.21705,5,Midwest,West North Central ,1.879321,0.014042,0.026467,0.015683,0.045063,0.047478,0.843624,0.835092,0.021608,0.020331,0.001028,0.001172,0.01312,0.01326,0.019057,0.018689,0.023978341,0.02526338,0.448898299,0.444358361,0.01149777,0.010818269,0.000547006,0.000623629,0.006981245,0.00705574,0.010140365,0.009944549,0.502043025,0.498063928
OMEPRAZOLE,NE,GASTROESOPHAGEAL REFLUX DISEASE,0.259508,2,Midwest,West North Central ,1.879321,0.014042,0.026467,0.015683,0.045063,0.047478,0.843624,0.835092,0.021608,0.020331,0.001028,0.001172,0.01312,0.01326,0.019057,0.018689,0.023978341,0.02526338,0.448898299,0.444358361,0.01149777,0.010818269,0.000547006,0.000623629,0.006981245,0.00705574,0.010140365,0.009944549,0.502043025,0.498063928
SIMVASTATIN,NE,HIGH CHOLESTEROL,0.231995,3,Midwest,West North Central ,1.879321,0.014042,0.026467,0.015683,0.045063,0.047478,0.843624,0.835092,0.021608,0.020331,0.001028,0.001172,0.01312,0.01326,0.019057,0.018689,0.023978341,0.02526338,0.448898299,0.444358361,0.01149777,0.010818269,0.000547006,0.000623629,0.006981245,0.00705574,0.010140365,0.009944549,0.502043025,0.498063928
AMLODIPINE BESYLATE,OK,HIGH BLOOD PRESSURE,0.362665,5,South,West South Central ,3.878187,0.024973,0.053074,0.038607,0.149087,0.149486,1.466606,1.443052,0.043077,0.039338,0.003292,0.003488,0.179415,0.176033,0.115131,0.110362,0.038442447,0.038545331,0.378167943,0.372094486,0.01110751,0.010143399,0.00084885,0.000899389,0.046262596,0.045390539,0.02968681,0.028457112,0.504516157,0.495530257
HYDROCODONE/ACETAMINOPHEN,OK,SEVERE PAIN RELIEF,0.638873,1,South,West South Central ,3.878187,0.024973,0.053074,0.038607,0.149087,0.149486,1.466606,1.443052,0.043077,0.039338,0.003292,0.003488,0.179415,0.176033,0.115131,0.110362,0.038442447,0.038545331,0.378167943,0.372094486,0.01110751,0.010143399,0.00084885,0.000899389,0.046262596,0.045390539,0.02968681,0.028457112,0.504516157,0.495530257
LEVOTHYROXINE SODIUM,OK,HYPOTHYROIDISM,0.511119,2,South,West South Central ,3.878187,0.024973,0.053074,0.038607,0.149087,0.149486,1.466606,1.443052,0.043077,0.039338,0.003292,0.003488,0.179415,0.176033,0.115131,0.110362,0.038442447,0.038545331,0.378167943,0.372094486,0.01110751,0.010143399,0.00084885,0.000899389,0.046262596,0.045390539,0.02968681,0.028457112,0.504516157,0.495530257
LISINOPRIL,OK,HIGH BLOOD PRESSURE,0.483921,3,South,West South Central ,3.878187,0.024973,0.053074,0.038607,0.149087,0.149486,1.466606,1.443052,0.043077,0.039338,0.003292,0.003488,0.179415,0.176033,0.115131,0.110362,0.038442447,0.038545331,0.378167943,0.372094486,0.01110751,0.010143399,0.00084885,0.000899389,0.046262596,0.045390539,0.02968681,0.028457112,0.504516157,0.495530257
OMEPRAZOLE,OK,GASTROESOPHAGEAL REFLUX DISEASE,0.411505,4,South,West South Central ,3.878187,0.024973,0.053074,0.038607,0.149087,0.149486,1.466606,1.443052,0.043077,0.039338,0.003292,0.003488,0.179415,0.176033,0.115131,0.110362,0.038442447,0.038545331,0.378167943,0.372094486,0.01110751,0.010143399,0.00084885,0.000899389,0.046262596,0.045390539,0.02968681,0.028457112,0.504516157,0.495530257
AMLODIPINE BESYLATE,IN,HIGH BLOOD PRESSURE,0.75364,4,Midwest,East North Central ,6.593644,0.024931,0.083554,0.059833,0.326716,0.303412,2.872098,2.80155,0.068737,0.066752,0.001962,0.002002,0.012538,0.013381,0.06313,0.061255,0.049550143,0.04601583,0.435585846,0.424886451,0.010424736,0.010123689,0.000297559,0.000303626,0.001901528,0.002029379,0.009574372,0.009290007,0.507334184,0.492648981
HYDROCODONE/ACETAMINOPHEN,IN,SEVERE PAIN RELIEF,1.037564,1,Midwest,East North Central ,6.593644,0.024931,0.083554,0.059833,0.326716,0.303412,2.872098,2.80155,0.068737,0.066752,0.001962,0.002002,0.012538,0.013381,0.06313,0.061255,0.049550143,0.04601583,0.435585846,0.424886451,0.010424736,0.010123689,0.000297559,0.000303626,0.001901528,0.002029379,0.009574372,0.009290007,0.507334184,0.492648981
LEVOTHYROXINE SODIUM,IN,HYPOTHYROIDISM,0.987654,2,Midwest,East North Central ,6.593644,0.024931,0.083554,0.059833,0.326716,0.303412,2.872098,2.80155,0.068737,0.066752,0.001962,0.002002,0.012538,0.013381,0.06313,0.061255,0.049550143,0.04601583,0.435585846,0.424886451,0.010424736,0.010123689,0.000297559,0.000303626,0.001901528,0.002029379,0.009574372,0.009290007,0.507334184,0.492648981
LISINOPRIL,IN,HIGH BLOOD PRESSURE,0.826217,3,Midwest,East North Central ,6.593644,0.024931,0.083554,0.059833,0.326716,0.303412,2.872098,2.80155,0.068737,0.066752,0.001962,0.002002,0.012538,0.013381,0.06313,0.061255,0.049550143,0.04601583,0.435585846,0.424886451,0.010424736,0.010123689,0.000297559,0.000303626,0.001901528,0.002029379,0.009574372,0.009290007,0.507334184,0.492648981
OMEPRAZOLE,IN,GASTROESOPHAGEAL REFLUX DISEASE,0.697796,5,Midwest,East North Central ,6.593644,0.024931,0.083554,0.059833,0.326716,0.303412,2.872098,2.80155,0.068737,0.066752,0.001962,0.002002,0.012538,0.013381,0.06313,0.061255,0.049550143,0.04601583,0.435585846,0.424886451,0.010424736,0.010123689,0.000297559,0.000303626,0.001901528,0.002029379,0.009574372,0.009290007,0.507334184,0.492648981
AMLODIPINE BESYLATE,OH,HIGH BLOOD PRESSURE,1.469481,4,Midwest,East North Central ,11.6027,0.026016,0.139559,0.111902,0.767136,0.702146,4.891621,4.724336,0.124048,0.114082,0.00291,0.003068,0.015375,0.016248,0.12279,0.119213,0.066117024,0.060515742,0.421593336,0.407175571,0.010691305,0.009832367,0.000250804,0.000264421,0.001325123,0.001400364,0.010582882,0.010274591,0.510560473,0.489463056
ATORVASTATIN CALCIUM,OH,HIGH CHOLESTEROL,1.547748,3,Midwest,East North Central ,11.6027,0.026016,0.139559,0.111902,0.767136,0.702146,4.891621,4.724336,0.124048,0.114082,0.00291,0.003068,0.015375,0.016248,0.12279,0.119213,0.066117024,0.060515742,0.421593336,0.407175571,0.010691305,0.009832367,0.000250804,0.000264421,0.001325123,0.001400364,0.010582882,0.010274591,0.510560473,0.489463056
LEVOTHYROXINE SODIUM,OH,HYPOTHYROIDISM,1.81381,1,Midwest,East North Central ,11.6027,0.026016,0.139559,0.111902,0.767136,0.702146,4.891621,4.724336,0.124048,0.114082,0.00291,0.003068,0.015375,0.016248,0.12279,0.119213,0.066117024,0.060515742,0.421593336,0.407175571,0.010691305,0.009832367,0.000250804,0.000264421,0.001325123,0.001400364,0.010582882,0.010274591,0.510560473,0.489463056
LISINOPRIL,OH,HIGH BLOOD PRESSURE,1.778568,2,Midwest,East North Central ,11.6027,0.026016,0.139559,0.111902,0.767136,0.702146,4.891621,4.724336,0.124048,0.114082,0.00291,0.003068,0.015375,0.016248,0.12279,0.119213,0.066117024,0.060515742,0.421593336,0.407175571,0.010691305,0.009832367,0.000250804,0.000264421,0.001325123,0.001400364,0.010582882,0.010274591,0.510560473,0.489463056
OMEPRAZOLE,OH,GASTROESOPHAGEAL REFLUX DISEASE,1.406753,5,Midwest,East North Central ,11.6027,0.026016,0.139559,0.111902,0.767136,0.702146,4.891621,4.724336,0.124048,0.114082,0.00291,0.003068,0.015375,0.016248,0.12279,0.119213,0.066117024,0.060515742,0.421593336,0.407175571,0.010691305,0.009832367,0.000250804,0.000264421,0.001325123,0.001400364,0.010582882,0.010274591,0.510560473,0.489463056
AMLODIPINE BESYLATE,MO,HIGH BLOOD PRESSURE,0.849608,4,Midwest,West North Central ,6.056202,0.015487,0.075796,0.057101,0.374612,0.339944,2.565916,2.492256,0.060319,0.054425,0.00404,0.004219,0.016116,0.016742,0.064311,0.063393,0.061855929,0.056131549,0.423684018,0.41152128,0.009959873,0.008986655,0.000667085,0.000696641,0.002661074,0.002764439,0.010619032,0.010467451,0.50944701,0.490568016
HYDROCODONE/ACETAMINOPHEN,MO,SEVERE PAIN RELIEF,0.896785,3,Midwest,West North Central ,6.056202,0.015487,0.075796,0.057101,0.374612,0.339944,2.565916,2.492256,0.060319,0.054425,0.00404,0.004219,0.016116,0.016742,0.064311,0.063393,0.061855929,0.056131549,0.423684018,0.41152128,0.009959873,0.008986655,0.000667085,0.000696641,0.002661074,0.002764439,0.010619032,0.010467451,0.50944701,0.490568016
LEVOTHYROXINE SODIUM,MO,HYPOTHYROIDISM,1.054591,2,Midwest,West North Central ,6.056202,0.015487,0.075796,0.057101,0.374612,0.339944,2.565916,2.492256,0.060319,0.054425,0.00404,0.004219,0.016116,0.016742,0.064311,0.063393,0.061855929,0.056131549,0.423684018,0.41152128,0.009959873,0.008986655,0.000667085,0.000696641,0.002661074,0.002764439,0.010619032,0.010467451,0.50944701,0.490568016
LISINOPRIL,MO,HIGH BLOOD PRESSURE,1.064933,1,Midwest,West North Central ,6.056202,0.015487,0.075796,0.057101,0.374612,0.339944,2.565916,2.492256,0.060319,0.054425,0.00404,0.004219,0.016116,0.016742,0.064311,0.063393,0.061855929,0.056131549,0.423684018,0.41152128,0.009959873,0.008986655,0.000667085,0.000696641,0.002661074,0.002764439,0.010619032,0.010467451,0.50944701,0.490568016
OMEPRAZOLE,MO,GASTROESOPHAGEAL REFLUX DISEASE,0.747908,5,Midwest,West North Central ,6.056202,0.015487,0.075796,0.057101,0.374612,0.339944,2.565916,2.492256,0.060319,0.054425,0.00404,0.004219,0.016116,0.016742,0.064311,0.063393,0.061855929,0.056131549,0.423684018,0.41152128,0.009959873,0.008986655,0.000667085,0.000696641,0.002661074,0.002764439,0.010619032,0.010467451,0.50944701,0.490568016
AMLODIPINE BESYLATE,LA,HIGH BLOOD PRESSURE,0.729226,2,South,West South Central ,4.644013,0.019486,0.064226,0.043592,0.792526,0.718546,1.483359,1.460474,0.040067,0.039181,0.00134,0.001489,0.017535,0.017877,0.036503,0.035307,0.170655422,0.154725234,0.319413189,0.314485338,0.008627667,0.008436884,0.000288544,0.000320628,0.003775829,0.003849472,0.007860228,0.007602692,0.510620879,0.489420249
ATORVASTATIN CALCIUM,LA,HIGH CHOLESTEROL,0.534791,5,South,West South Central ,4.644013,0.019486,0.064226,0.043592,0.792526,0.718546,1.483359,1.460474,0.040067,0.039181,0.00134,0.001489,0.017535,0.017877,0.036503,0.035307,0.170655422,0.154725234,0.319413189,0.314485338,0.008627667,0.008436884,0.000288544,0.000320628,0.003775829,0.003849472,0.007860228,0.007602692,0.510620879,0.489420249
HYDROCODONE/ACETAMINOPHEN,LA,SEVERE PAIN RELIEF,0.795932,1,South,West South Central ,4.644013,0.019486,0.064226,0.043592,0.792526,0.718546,1.483359,1.460474,0.040067,0.039181,0.00134,0.001489,0.017535,0.017877,0.036503,0.035307,0.170655422,0.154725234,0.319413189,0.314485338,0.008627667,0.008436884,0.000288544,0.000320628,0.003775829,0.003849472,0.007860228,0.007602692,0.510620879,0.489420249
LEVOTHYROXINE SODIUM,LA,HYPOTHYROIDISM,0.692907,3,South,West South Central ,4.644013,0.019486,0.064226,0.043592,0.792526,0.718546,1.483359,1.460474,0.040067,0.039181,0.00134,0.001489,0.017535,0.017877,0.036503,0.035307,0.170655422,0.154725234,0.319413189,0.314485338,0.008627667,0.008436884,0.000288544,0.000320628,0.003775829,0.003849472,0.007860228,0.007602692,0.510620879,0.489420249
LISINOPRIL,LA,HIGH BLOOD PRESSURE,0.567226,4,South,West South Central ,4.644013,0.019486,0.064226,0.043592,0.792526,0.718546,1.483359,1.460474,0.040067,0.039181,0.00134,0.001489,0.017535,0.017877,0.036503,0.035307,0.170655422,0.154725234,0.319413189,0.314485338,0.008627667,0.008436884,0.000288544,0.000320628,0.003775829,0.003849472,0.007860228,0.007602692,0.510620879,0.489420249
AMLODIPINE BESYLATE,TN,HIGH BLOOD PRESSURE,0.928129,5,South,East South Central ,6.541223,0.046883,0.080458,0.063582,0.588457,0.528856,2.628833,2.533959,0.058841,0.052477,0.002838,0.003175,0.013507,0.015236,0.058298,0.056349,0.089961312,0.080849713,0.401887078,0.387383063,0.008995413,0.008022506,0.000433864,0.000485383,0.002064904,0.002329228,0.008912401,0.008614444,0.512254971,0.487684337
HYDROCODONE/ACETAMINOPHEN,TN,SEVERE PAIN RELIEF,1.377467,1,South,East South Central ,6.541223,0.046883,0.080458,0.063582,0.588457,0.528856,2.628833,2.533959,0.058841,0.052477,0.002838,0.003175,0.013507,0.015236,0.058298,0.056349,0.089961312,0.080849713,0.401887078,0.387383063,0.008995413,0.008022506,0.000433864,0.000485383,0.002064904,0.002329228,0.008912401,0.008614444,0.512254971,0.487684337
LEVOTHYROXINE SODIUM,TN,HYPOTHYROIDISM,1.106073,2,South,East South Central ,6.541223,0.046883,0.080458,0.063582,0.588457,0.528856,2.628833,2.533959,0.058841,0.052477,0.002838,0.003175,0.013507,0.015236,0.058298,0.056349,0.089961312,0.080849713,0.401887078,0.387383063,0.008995413,0.008022506,0.000433864,0.000485383,0.002064904,0.002329228,0.008912401,0.008614444,0.512254971,0.487684337
LISINOPRIL,TN,HIGH BLOOD PRESSURE,1.023828,3,South,East South Central ,6.541223,0.046883,0.080458,0.063582,0.588457,0.528856,2.628833,2.533959,0.058841,0.052477,0.002838,0.003175,0.013507,0.015236,0.058298,0.056349,0.089961312,0.080849713,0.401887078,0.387383063,0.008995413,0.008022506,0.000433864,0.000485383,0.002064904,0.002329228,0.008912401,0.008614444,0.512254971,0.487684337
OMEPRAZOLE,TN,GASTROESOPHAGEAL REFLUX DISEASE,0.933551,4,South,East South Central ,6.541223,0.046883,0.080458,0.063582,0.588457,0.528856,2.628833,2.533959,0.058841,0.052477,0.002838,0.003175,0.013507,0.015236,0.058298,0.056349,0.089961312,0.080849713,0.401887078,0.387383063,0.008995413,0.008022506,0.000433864,0.000485383,0.002064904,0.002329228,0.008912401,0.008614444,0.512254971,0.487684337
HYDROCODONE/ACETAMINOPHEN,NM,SEVERE PAIN RELIEF,0.163685,5,West,Mountain,2.089568,-0.002705,0.026364,0.017139,0.0234,0.02794,0.871973,0.856692,0.019196,0.015861,0.001588,0.00166,0.113747,0.107885,0.025278,0.025122,0.011198487,0.013371185,0.417298217,0.409985222,0.009186588,0.007590564,0.000759966,0.000794423,0.054435654,0.051630289,0.012097237,0.012022581,0.504976148,0.495394263
LEVOTHYROXINE SODIUM,NM,HYPOTHYROIDISM,0.290021,1,West,Mountain,2.089568,-0.002705,0.026364,0.017139,0.0234,0.02794,0.871973,0.856692,0.019196,0.015861,0.001588,0.00166,0.113747,0.107885,0.025278,0.025122,0.011198487,0.013371185,0.417298217,0.409985222,0.009186588,0.007590564,0.000759966,0.000794423,0.054435654,0.051630289,0.012097237,0.012022581,0.504976148,0.495394263
LISINOPRIL,NM,HIGH BLOOD PRESSURE,0.261362,2,West,Mountain,2.089568,-0.002705,0.026364,0.017139,0.0234,0.02794,0.871973,0.856692,0.019196,0.015861,0.001588,0.00166,0.113747,0.107885,0.025278,0.025122,0.011198487,0.013371185,0.417298217,0.409985222,0.009186588,0.007590564,0.000759966,0.000794423,0.054435654,0.051630289,0.012097237,0.012022581,0.504976148,0.495394263
OMEPRAZOLE,NM,GASTROESOPHAGEAL REFLUX DISEASE,0.16498,4,West,Mountain,2.089568,-0.002705,0.026364,0.017139,0.0234,0.02794,0.871973,0.856692,0.019196,0.015861,0.001588,0.00166,0.113747,0.107885,0.025278,0.025122,0.011198487,0.013371185,0.417298217,0.409985222,0.009186588,0.007590564,0.000759966,0.000794423,0.054435654,0.051630289,0.012097237,0.012022581,0.504976148,0.495394263
SIMVASTATIN,NM,HIGH CHOLESTEROL,0.171642,3,West,Mountain,2.089568,-0.002705,0.026364,0.017139,0.0234,0.02794,0.871973,0.856692,0.019196,0.015861,0.001588,0.00166,0.113747,0.107885,0.025278,0.025122,0.011198487,0.013371185,0.417298217,0.409985222,0.009186588,0.007590564,0.000759966,0.000794423,0.054435654,0.051630289,0.012097237,0.012022581,0.504976148,0.495394263
AMLODIPINE BESYLATE,AR,HIGH BLOOD PRESSURE,0.452471,4,South,West South Central ,2.967392,0.007992,0.038225,0.029967,0.242782,0.220829,1.197204,1.16863,0.023362,0.021531,0.004092,0.004396,0.014008,0.013939,0.028791,0.028162,0.081816626,0.074418547,0.403453268,0.393823937,0.007872907,0.007255866,0.001378989,0.001481436,0.004720644,0.004697391,0.009702459,0.009490489,0.508944892,0.491167665
HYDROCODONE/ACETAMINOPHEN,AR,SEVERE PAIN RELIEF,0.587738,1,South,West South Central ,2.967392,0.007992,0.038225,0.029967,0.242782,0.220829,1.197204,1.16863,0.023362,0.021531,0.004092,0.004396,0.014008,0.013939,0.028791,0.028162,0.081816626,0.074418547,0.403453268,0.393823937,0.007872907,0.007255866,0.001378989,0.001481436,0.004720644,0.004697391,0.009702459,0.009490489,0.508944892,0.491167665
LEVOTHYROXINE SODIUM,AR,HYPOTHYROIDISM,0.504114,2,South,West South Central ,2.967392,0.007992,0.038225,0.029967,0.242782,0.220829,1.197204,1.16863,0.023362,0.021531,0.004092,0.004396,0.014008,0.013939,0.028791,0.028162,0.081816626,0.074418547,0.403453268,0.393823937,0.007872907,0.007255866,0.001378989,0.001481436,0.004720644,0.004697391,0.009702459,0.009490489,0.508944892,0.491167665
LISINOPRIL,AR,HIGH BLOOD PRESSURE,0.499301,3,South,West South Central ,2.967392,0.007992,0.038225,0.029967,0.242782,0.220829,1.197204,1.16863,0.023362,0.021531,0.004092,0.004396,0.014008,0.013939,0.028791,0.028162,0.081816626,0.074418547,0.403453268,0.393823937,0.007872907,0.007255866,0.001378989,0.001481436,0.004720644,0.004697391,0.009702459,0.009490489,0.508944892,0.491167665
OMEPRAZOLE,AR,GASTROESOPHAGEAL REFLUX DISEASE,0.421869,5,South,West South Central ,2.967392,0.007992,0.038225,0.029967,0.242782,0.220829,1.197204,1.16863,0.023362,0.021531,0.004092,0.004396,0.014008,0.013939,0.028791,0.028162,0.081816626,0.074418547,0.403453268,0.393823937,0.007872907,0.007255866,0.001378989,0.001481436,0.004720644,0.004697391,0.009702459,0.009490489,0.508944892,0.491167665
AMLODIPINE BESYLATE,SC,HIGH BLOOD PRESSURE,0.690833,2,South,South Atlantic,4.823617,0.059537,0.057287,0.044538,0.712006,0.628821,1.672997,1.623389,0.039177,0.03447,0.002048,0.002445,0.01229,0.01354,0.04222,0.04039,0.14760832,0.130362962,0.346834543,0.336550145,0.008121913,0.00714609,0.000424578,0.000506881,0.002547881,0.002807022,0.008752768,0.008373385,0.514290003,0.485746484
ATORVASTATIN CALCIUM,SC,HIGH CHOLESTEROL,0.546084,5,South,South Atlantic,4.823617,0.059537,0.057287,0.044538,0.712006,0.628821,1.672997,1.623389,0.039177,0.03447,0.002048,0.002445,0.01229,0.01354,0.04222,0.04039,0.14760832,0.130362962,0.346834543,0.336550145,0.008121913,0.00714609,0.000424578,0.000506881,0.002547881,0.002807022,0.008752768,0.008373385,0.514290003,0.485746484
HYDROCODONE/ACETAMINOPHEN,SC,SEVERE PAIN RELIEF,0.705275,1,South,South Atlantic,4.823617,0.059537,0.057287,0.044538,0.712006,0.628821,1.672997,1.623389,0.039177,0.03447,0.002048,0.002445,0.01229,0.01354,0.04222,0.04039,0.14760832,0.130362962,0.346834543,0.336550145,0.008121913,0.00714609,0.000424578,0.000506881,0.002547881,0.002807022,0.008752768,0.008373385,0.514290003,0.485746484
LEVOTHYROXINE SODIUM,SC,HYPOTHYROIDISM,0.679421,3,South,South Atlantic,4.823617,0.059537,0.057287,0.044538,0.712006,0.628821,1.672997,1.623389,0.039177,0.03447,0.002048,0.002445,0.01229,0.01354,0.04222,0.04039,0.14760832,0.130362962,0.346834543,0.336550145,0.008121913,0.00714609,0.000424578,0.000506881,0.002547881,0.002807022,0.008752768,0.008373385,0.514290003,0.485746484
LISINOPRIL,SC,HIGH BLOOD PRESSURE,0.557054,4,South,South Atlantic,4.823617,0.059537,0.057287,0.044538,0.712006,0.628821,1.672997,1.623389,0.039177,0.03447,0.002048,0.002445,0.01229,0.01354,0.04222,0.04039,0.14760832,0.130362962,0.346834543,0.336550145,0.008121913,0.00714609,0.000424578,0.000506881,0.002547881,0.002807022,0.008752768,0.008373385,0.514290003,0.485746484
ATORVASTATIN CALCIUM,VT,HIGH CHOLESTEROL,0.046168,5,Northeast,New England ,0.625214,-0.000996,0.006118,0.005601,0.00328,0.004191,0.301126,0.293299,0.005301,0.004211,0.000094,0.000105,0.001118,0.001212,0.00578,0.005501,0.005246204,0.006703305,0.481636688,0.469117774,0.008478697,0.006735294,0.000150349,0.000167942,0.001788188,0.001938536,0.009244835,0.008798587,0.506544959,0.493461439
LEVOTHYROXINE SODIUM,VT,HYPOTHYROIDISM,0.070087,3,Northeast,New England ,0.625214,-0.000996,0.006118,0.005601,0.00328,0.004191,0.301126,0.293299,0.005301,0.004211,0.000094,0.000105,0.001118,0.001212,0.00578,0.005501,0.005246204,0.006703305,0.481636688,0.469117774,0.008478697,0.006735294,0.000150349,0.000167942,0.001788188,0.001938536,0.009244835,0.008798587,0.506544959,0.493461439
LISINOPRIL,VT,HIGH BLOOD PRESSURE,0.074747,1,Northeast,New England ,0.625214,-0.000996,0.006118,0.005601,0.00328,0.004191,0.301126,0.293299,0.005301,0.004211,0.000094,0.000105,0.001118,0.001212,0.00578,0.005501,0.005246204,0.006703305,0.481636688,0.469117774,0.008478697,0.006735294,0.000150349,0.000167942,0.001788188,0.001938536,0.009244835,0.008798587,0.506544959,0.493461439
OMEPRAZOLE,VT,GASTROESOPHAGEAL REFLUX DISEASE,0.070249,2,Northeast,New England ,0.625214,-0.000996,0.006118,0.005601,0.00328,0.004191,0.301126,0.293299,0.005301,0.004211,0.000094,0.000105,0.001118,0.001212,0.00578,0.005501,0.005246204,0.006703305,0.481636688,0.469117774,0.008478697,0.006735294,0.000150349,0.000167942,0.001788188,0.001938536,0.009244835,0.008798587,0.506544959,0.493461439
SIMVASTATIN,VT,HIGH CHOLESTEROL,0.069701,4,Northeast,New England ,0.625214,-0.000996,0.006118,0.005601,0.00328,0.004191,0.301126,0.293299,0.005301,0.004211,0.000094,0.000105,0.001118,0.001212,0.00578,0.005501,0.005246204,0.006703305,0.481636688,0.469117774,0.008478697,0.006735294,0.000150349,0.000167942,0.001788188,0.001938536,0.009244835,0.008798587,0.506544959,0.493461439
FUROSEMIDE,ND,HIGH BLOOD PRESSURE,0.101269,3,Midwest,West North Central ,0.737401,0.015365,0.010974,0.006204,0.006288,0.009273,0.320822,0.335991,0.004716,0.00493,0.0002,0.000235,0.020558,0.020136,0.007071,0.007162,0.008527246,0.012575247,0.435071284,0.455642181,0.006395435,0.006685643,0.000271223,0.000318687,0.027878997,0.027306716,0.009589084,0.00971249,0.487733269,0.512240965
LEVOTHYROXINE SODIUM,ND,HYPOTHYROIDISM,0.12081,1,Midwest,West North Central ,0.737401,0.015365,0.010974,0.006204,0.006288,0.009273,0.320822,0.335991,0.004716,0.00493,0.0002,0.000235,0.020558,0.020136,0.007071,0.007162,0.008527246,0.012575247,0.435071284,0.455642181,0.006395435,0.006685643,0.000271223,0.000318687,0.027878997,0.027306716,0.009589084,0.00971249,0.487733269,0.512240965
LISINOPRIL,ND,HIGH BLOOD PRESSURE,0.099981,4,Midwest,West North Central ,0.737401,0.015365,0.010974,0.006204,0.006288,0.009273,0.320822,0.335991,0.004716,0.00493,0.0002,0.000235,0.020558,0.020136,0.007071,0.007162,0.008527246,0.012575247,0.435071284,0.455642181,0.006395435,0.006685643,0.000271223,0.000318687,0.027878997,0.027306716,0.009589084,0.00971249,0.487733269,0.512240965
OMEPRAZOLE,ND,GASTROESOPHAGEAL REFLUX DISEASE,0.094011,5,Midwest,West North Central ,0.737401,0.015365,0.010974,0.006204,0.006288,0.009273,0.320822,0.335991,0.004716,0.00493,0.0002,0.000235,0.020558,0.020136,0.007071,0.007162,0.008527246,0.012575247,0.435071284,0.455642181,0.006395435,0.006685643,0.000271223,0.000318687,0.027878997,0.027306716,0.009589084,0.00971249,0.487733269,0.512240965
SIMVASTATIN,ND,HIGH CHOLESTEROL,0.106321,2,Midwest,West North Central ,0.737401,0.015365,0.010974,0.006204,0.006288,0.009273,0.320822,0.335991,0.004716,0.00493,0.0002,0.000235,0.020558,0.020136,0.007071,0.007162,0.008527246,0.012575247,0.435071284,0.455642181,0.006395435,0.006685643,0.000271223,0.000318687,0.027878997,0.027306716,0.009589084,0.00971249,0.487733269,0.512240965
AMLODIPINE BESYLATE,KY,HIGH BLOOD PRESSURE,0.672849,5,South,East South Central ,4.414349,0.00969,0.055758,0.043645,0.181712,0.179411,1.979329,1.918608,0.032004,0.029084,0.001661,0.001927,0.006132,0.006695,0.039308,0.038612,0.041163941,0.040642686,0.448385255,0.434629885,0.007249993,0.006588514,0.000376273,0.000436531,0.001389106,0.001516645,0.008904597,0.00874693,0.507469165,0.492561191
HYDROCODONE/ACETAMINOPHEN,KY,SEVERE PAIN RELIEF,0.983844,1,South,East South Central ,4.414349,0.00969,0.055758,0.043645,0.181712,0.179411,1.979329,1.918608,0.032004,0.029084,0.001661,0.001927,0.006132,0.006695,0.039308,0.038612,0.041163941,0.040642686,0.448385255,0.434629885,0.007249993,0.006588514,0.000376273,0.000436531,0.001389106,0.001516645,0.008904597,0.00874693,0.507469165,0.492561191
LEVOTHYROXINE SODIUM,KY,HYPOTHYROIDISM,0.873862,3,South,East South Central ,4.414349,0.00969,0.055758,0.043645,0.181712,0.179411,1.979329,1.918608,0.032004,0.029084,0.001661,0.001927,0.006132,0.006695,0.039308,0.038612,0.041163941,0.040642686,0.448385255,0.434629885,0.007249993,0.006588514,0.000376273,0.000436531,0.001389106,0.001516645,0.008904597,0.00874693,0.507469165,0.492561191
LISINOPRIL,KY,HIGH BLOOD PRESSURE,0.874805,2,South,East South Central ,4.414349,0.00969,0.055758,0.043645,0.181712,0.179411,1.979329,1.918608,0.032004,0.029084,0.001661,0.001927,0.006132,0.006695,0.039308,0.038612,0.041163941,0.040642686,0.448385255,0.434629885,0.007249993,0.006588514,0.000376273,0.000436531,0.001389106,0.001516645,0.008904597,0.00874693,0.507469165,0.492561191
OMEPRAZOLE,KY,GASTROESOPHAGEAL REFLUX DISEASE,0.713061,4,South,East South Central ,4.414349,0.00969,0.055758,0.043645,0.181712,0.179411,1.979329,1.918608,0.032004,0.029084,0.001661,0.001927,0.006132,0.006695,0.039308,0.038612,0.041163941,0.040642686,0.448385255,0.434629885,0.007249993,0.006588514,0.000376273,0.000436531,0.001389106,0.001516645,0.008904597,0.00874693,0.507469165,0.492561191
AMLODIPINE BESYLATE,AL,HIGH BLOOD PRESSURE,0.708626,4,South,East South Central ,4.841799,0.011718,0.058903,0.049712,0.688744,0.602366,1.714795,1.658503,0.034625,0.030432,0.002255,0.002668,0.016355,0.016729,0.038232,0.036777,0.142249606,0.124409543,0.354164847,0.342538589,0.007151268,0.006285267,0.000465736,0.000551035,0.003377877,0.003455121,0.007896239,0.00759573,0.515305571,0.484835285
HYDROCODONE/ACETAMINOPHEN,AL,SEVERE PAIN RELIEF,1.214392,1,South,East South Central ,4.841799,0.011718,0.058903,0.049712,0.688744,0.602366,1.714795,1.658503,0.034625,0.030432,0.002255,0.002668,0.016355,0.016729,0.038232,0.036777,0.142249606,0.124409543,0.354164847,0.342538589,0.007151268,0.006285267,0.000465736,0.000551035,0.003377877,0.003455121,0.007896239,0.00759573,0.515305571,0.484835285
LEVOTHYROXINE SODIUM,AL,HYPOTHYROIDISM,0.733869,3,South,East South Central ,4.841799,0.011718,0.058903,0.049712,0.688744,0.602366,1.714795,1.658503,0.034625,0.030432,0.002255,0.002668,0.016355,0.016729,0.038232,0.036777,0.142249606,0.124409543,0.354164847,0.342538589,0.007151268,0.006285267,0.000465736,0.000551035,0.003377877,0.003455121,0.007896239,0.00759573,0.515305571,0.484835285
LISINOPRIL,AL,HIGH BLOOD PRESSURE,0.608947,5,South,East South Central ,4.841799,0.011718,0.058903,0.049712,0.688744,0.602366,1.714795,1.658503,0.034625,0.030432,0.002255,0.002668,0.016355,0.016729,0.038232,0.036777,0.142249606,0.124409543,0.354164847,0.342538589,0.007151268,0.006285267,0.000465736,0.000551035,0.003377877,0.003455121,0.007896239,0.00759573,0.515305571,0.484835285
OMEPRAZOLE,AL,GASTROESOPHAGEAL REFLUX DISEASE,0.762739,2,South,East South Central ,4.841799,0.011718,0.058903,0.049712,0.688744,0.602366,1.714795,1.658503,0.034625,0.030432,0.002255,0.002668,0.016355,0.016729,0.038232,0.036777,0.142249606,0.124409543,0.354164847,0.342538589,0.007151268,0.006285267,0.000465736,0.000551035,0.003377877,0.003455121,0.007896239,0.00759573,0.515305571,0.484835285
HYDROCODONE/ACETAMINOPHEN,ID,SEVERE PAIN RELIEF,0.211529,2,West,Mountain,1.631112,0.019906,0.022422,0.012533,0.00554,0.007527,0.762268,0.765388,0.012443,0.010245,0.001526,0.00172,0.013957,0.014188,0.018328,0.018349,0.003396456,0.004614643,0.467330263,0.469243069,0.007628538,0.006280991,0.000935558,0.001054495,0.008556739,0.00869836,0.011236506,0.011249381,0.49908406,0.501140939
LEVOTHYROXINE SODIUM,ID,HYPOTHYROIDISM,0.221413,1,West,Mountain,1.631112,0.019906,0.022422,0.012533,0.00554,0.007527,0.762268,0.765388,0.012443,0.010245,0.001526,0.00172,0.013957,0.014188,0.018328,0.018349,0.003396456,0.004614643,0.467330263,0.469243069,0.007628538,0.006280991,0.000935558,0.001054495,0.008556739,0.00869836,0.011236506,0.011249381,0.49908406,0.501140939
LISINOPRIL,ID,HIGH BLOOD PRESSURE,0.162318,4,West,Mountain,1.631112,0.019906,0.022422,0.012533,0.00554,0.007527,0.762268,0.765388,0.012443,0.010245,0.001526,0.00172,0.013957,0.014188,0.018328,0.018349,0.003396456,0.004614643,0.467330263,0.469243069,0.007628538,0.006280991,0.000935558,0.001054495,0.008556739,0.00869836,0.011236506,0.011249381,0.49908406,0.501140939
OMEPRAZOLE,ID,GASTROESOPHAGEAL REFLUX DISEASE,0.172212,3,West,Mountain,1.631112,0.019906,0.022422,0.012533,0.00554,0.007527,0.762268,0.765388,0.012443,0.010245,0.001526,0.00172,0.013957,0.014188,0.018328,0.018349,0.003396456,0.004614643,0.467330263,0.469243069,0.007628538,0.006280991,0.000935558,0.001054495,0.008556739,0.00869836,0.011236506,0.011249381,0.49908406,0.501140939
SIMVASTATIN,ID,HIGH CHOLESTEROL,0.128065,5,West,Mountain,1.631112,0.019906,0.022422,0.012533,0.00554,0.007527,0.762268,0.765388,0.012443,0.010245,0.001526,0.00172,0.013957,0.014188,0.018328,0.018349,0.003396456,0.004614643,0.467330263,0.469243069,0.007628538,0.006280991,0.000935558,0.001054495,0.008556739,0.00869836,0.011236506,0.011249381,0.49908406,0.501140939
FUROSEMIDE,SD,HIGH BLOOD PRESSURE,0.10165,5,Midwest,West North Central ,0.849129,0.006813,0.012439,0.007159,0.006019,0.009129,0.361764,0.365597,0.005418,0.005189,0.00026,0.000323,0.039037,0.038079,0.009158,0.009115,0.00708844,0.010751017,0.426041273,0.43055531,0.006380656,0.006110968,0.000306196,0.00038039,0.045972991,0.044844776,0.010785169,0.010734529,0.496574725,0.50337699
LEVOTHYROXINE SODIUM,SD,HYPOTHYROIDISM,0.157701,1,Midwest,West North Central ,0.849129,0.006813,0.012439,0.007159,0.006019,0.009129,0.361764,0.365597,0.005418,0.005189,0.00026,0.000323,0.039037,0.038079,0.009158,0.009115,0.00708844,0.010751017,0.426041273,0.43055531,0.006380656,0.006110968,0.000306196,0.00038039,0.045972991,0.044844776,0.010785169,0.010734529,0.496574725,0.50337699
LISINOPRIL,SD,HIGH BLOOD PRESSURE,0.113716,3,Midwest,West North Central ,0.849129,0.006813,0.012439,0.007159,0.006019,0.009129,0.361764,0.365597,0.005418,0.005189,0.00026,0.000323,0.039037,0.038079,0.009158,0.009115,0.00708844,0.010751017,0.426041273,0.43055531,0.006380656,0.006110968,0.000306196,0.00038039,0.045972991,0.044844776,0.010785169,0.010734529,0.496574725,0.50337699
OMEPRAZOLE,SD,GASTROESOPHAGEAL REFLUX DISEASE,0.124963,2,Midwest,West North Central ,0.849129,0.006813,0.012439,0.007159,0.006019,0.009129,0.361764,0.365597,0.005418,0.005189,0.00026,0.000323,0.039037,0.038079,0.009158,0.009115,0.00708844,0.010751017,0.426041273,0.43055531,0.006380656,0.006110968,0.000306196,0.00038039,0.045972991,0.044844776,0.010785169,0.010734529,0.496574725,0.50337699
SIMVASTATIN,SD,HIGH CHOLESTEROL,0.106412,4,Midwest,West North Central ,0.849129,0.006813,0.012439,0.007159,0.006019,0.009129,0.361764,0.365597,0.005418,0.005189,0.00026,0.000323,0.039037,0.038079,0.009158,0.009115,0.00708844,0.010751017,0.426041273,0.43055531,0.006380656,0.006110968,0.000306196,0.00038039,0.045972991,0.044844776,0.010785169,0.010734529,0.496574725,0.50337699
ATORVASTATIN CALCIUM,ME,HIGH CHOLESTEROL,0.167375,3,Northeast,New England ,1.330513,0.002504,0.012704,0.01335,0.008628,0.010747,0.645847,0.618633,0.008744,0.006877,0.000212,0.000225,0.004643,0.004482,0.010935,0.010787,0.006484717,0.008077336,0.485412018,0.464958253,0.006571901,0.005168683,0.000159337,0.000169108,0.003489631,0.003368625,0.008218634,0.008107399,0.510336239,0.489849404
LEVOTHYROXINE SODIUM,ME,HYPOTHYROIDISM,0.208146,2,Northeast,New England ,1.330513,0.002504,0.012704,0.01335,0.008628,0.010747,0.645847,0.618633,0.008744,0.006877,0.000212,0.000225,0.004643,0.004482,0.010935,0.010787,0.006484717,0.008077336,0.485412018,0.464958253,0.006571901,0.005168683,0.000159337,0.000169108,0.003489631,0.003368625,0.008218634,0.008107399,0.510336239,0.489849404
LISINOPRIL,ME,HIGH BLOOD PRESSURE,0.208297,1,Northeast,New England ,1.330513,0.002504,0.012704,0.01335,0.008628,0.010747,0.645847,0.618633,0.008744,0.006877,0.000212,0.000225,0.004643,0.004482,0.010935,0.010787,0.006484717,0.008077336,0.485412018,0.464958253,0.006571901,0.005168683,0.000159337,0.000169108,0.003489631,0.003368625,0.008218634,0.008107399,0.510336239,0.489849404
OMEPRAZOLE,ME,GASTROESOPHAGEAL REFLUX DISEASE,0.165299,4,Northeast,New England ,1.330513,0.002504,0.012704,0.01335,0.008628,0.010747,0.645847,0.618633,0.008744,0.006877,0.000212,0.000225,0.004643,0.004482,0.010935,0.010787,0.006484717,0.008077336,0.485412018,0.464958253,0.006571901,0.005168683,0.000159337,0.000169108,0.003489631,0.003368625,0.008218634,0.008107399,0.510336239,0.489849404
SIMVASTATIN,ME,HIGH CHOLESTEROL,0.155823,5,Northeast,New England ,1.330513,0.002504,0.012704,0.01335,0.008628,0.010747,0.645847,0.618633,0.008744,0.006877,0.000212,0.000225,0.004643,0.004482,0.010935,0.010787,0.006484717,0.008077336,0.485412018,0.464958253,0.006571901,0.005168683,0.000159337,0.000169108,0.003489631,0.003368625,0.008218634,0.008107399,0.510336239,0.489849404
AMLODIPINE BESYLATE,MS,HIGH BLOOD PRESSURE,0.536543,2,South,East South Central ,2.990468,0.001757,0.038723,0.030592,0.593748,0.528956,0.901017,0.882191,0.015981,0.014274,0.000745,0.000958,0.008822,0.008809,0.017906,0.017216,0.19854685,0.176880676,0.301296319,0.295000983,0.00534398,0.004773166,0.000249125,0.000320351,0.00295004,0.002945693,0.005987692,0.005756958,0.514374004,0.485677827
HYDROCODONE/ACETAMINOPHEN,MS,SEVERE PAIN RELIEF,0.623289,1,South,East South Central ,2.990468,0.001757,0.038723,0.030592,0.593748,0.528956,0.901017,0.882191,0.015981,0.014274,0.000745,0.000958,0.008822,0.008809,0.017906,0.017216,0.19854685,0.176880676,0.301296319,0.295000983,0.00534398,0.004773166,0.000249125,0.000320351,0.00295004,0.002945693,0.005987692,0.005756958,0.514374004,0.485677827
LEVOTHYROXINE SODIUM,MS,HYPOTHYROIDISM,0.41967,4,South,East South Central ,2.990468,0.001757,0.038723,0.030592,0.593748,0.528956,0.901017,0.882191,0.015981,0.014274,0.000745,0.000958,0.008822,0.008809,0.017906,0.017216,0.19854685,0.176880676,0.301296319,0.295000983,0.00534398,0.004773166,0.000249125,0.000320351,0.00295004,0.002945693,0.005987692,0.005756958,0.514374004,0.485677827
LISINOPRIL,MS,HIGH BLOOD PRESSURE,0.406364,5,South,East South Central ,2.990468,0.001757,0.038723,0.030592,0.593748,0.528956,0.901017,0.882191,0.015981,0.014274,0.000745,0.000958,0.008822,0.008809,0.017906,0.017216,0.19854685,0.176880676,0.301296319,0.295000983,0.00534398,0.004773166,0.000249125,0.000320351,0.00295004,0.002945693,0.005987692,0.005756958,0.514374004,0.485677827
OMEPRAZOLE,MS,GASTROESOPHAGEAL REFLUX DISEASE,0.455311,3,South,East South Central ,2.990468,0.001757,0.038723,0.030592,0.593748,0.528956,0.901017,0.882191,0.015981,0.014274,0.000745,0.000958,0.008822,0.008809,0.017906,0.017216,0.19854685,0.176880676,0.301296319,0.295000983,0.00534398,0.004773166,0.000249125,0.000320351,0.00295004,0.002945693,0.005987692,0.005756958,0.514374004,0.485677827
HYDROCODONE/ACETAMINOPHEN,WY,SEVERE PAIN RELIEF,0.041874,5,West,Mountain,0.582531,0.000409,0.007714,0.004527,0.003211,0.004648,0.265385,0.276343,0.002967,0.002445,0.000266,0.000301,0.007747,0.00796,0.005582,0.005693,0.005512153,0.007978975,0.455572321,0.474383338,0.005093291,0.004197202,0.000456628,0.000516711,0.013298863,0.013664509,0.009582323,0.00977287,0.489515579,0.510513604
LEVOTHYROXINE SODIUM,WY,HYPOTHYROIDISM,0.078676,1,West,Mountain,0.582531,0.000409,0.007714,0.004527,0.003211,0.004648,0.265385,0.276343,0.002967,0.002445,0.000266,0.000301,0.007747,0.00796,0.005582,0.005693,0.005512153,0.007978975,0.455572321,0.474383338,0.005093291,0.004197202,0.000456628,0.000516711,0.013298863,0.013664509,0.009582323,0.00977287,0.489515579,0.510513604
LISINOPRIL,WY,HIGH BLOOD PRESSURE,0.051226,2,West,Mountain,0.582531,0.000409,0.007714,0.004527,0.003211,0.004648,0.265385,0.276343,0.002967,0.002445,0.000266,0.000301,0.007747,0.00796,0.005582,0.005693,0.005512153,0.007978975,0.455572321,0.474383338,0.005093291,0.004197202,0.000456628,0.000516711,0.013298863,0.013664509,0.009582323,0.00977287,0.489515579,0.510513604
OMEPRAZOLE,WY,GASTROESOPHAGEAL REFLUX DISEASE,0.041966,4,West,Mountain,0.582531,0.000409,0.007714,0.004527,0.003211,0.004648,0.265385,0.276343,0.002967,0.002445,0.000266,0.000301,0.007747,0.00796,0.005582,0.005693,0.005512153,0.007978975,0.455572321,0.474383338,0.005093291,0.004197202,0.000456628,0.000516711,0.013298863,0.013664509,0.009582323,0.00977287,0.489515579,0.510513604
SIMVASTATIN,WY,HIGH CHOLESTEROL,0.044117,3,West,Mountain,0.582531,0.000409,0.007714,0.004527,0.003211,0.004648,0.265385,0.276343,0.002967,0.002445,0.000266,0.000301,0.007747,0.00796,0.005582,0.005693,0.005512153,0.007978975,0.455572321,0.474383338,0.005093291,0.004197202,0.000456628,0.000516711,0.013298863,0.013664509,0.009582323,0.00977287,0.489515579,0.510513604
FUROSEMIDE,WV,HIGH BLOOD PRESSURE,0.266034,5,South,South Atlantic,1.849489,-0.004425,0.020574,0.021655,0.030114,0.035385,0.88086,0.854097,0.007899,0.00691,0.00024,0.00027,0.002048,0.002302,0.014582,0.01476,0.016282335,0.019132312,0.476272095,0.461801611,0.004270909,0.003736167,0.000129766,0.000145986,0.001107333,0.001244668,0.00788434,0.007980583,0.505946778,0.494041327
HYDROCODONE/ACETAMINOPHEN,WV,SEVERE PAIN RELIEF,0.400423,1,South,South Atlantic,1.849489,-0.004425,0.020574,0.021655,0.030114,0.035385,0.88086,0.854097,0.007899,0.00691,0.00024,0.00027,0.002048,0.002302,0.014582,0.01476,0.016282335,0.019132312,0.476272095,0.461801611,0.004270909,0.003736167,0.000129766,0.000145986,0.001107333,0.001244668,0.00788434,0.007980583,0.505946778,0.494041327
LEVOTHYROXINE SODIUM,WV,HYPOTHYROIDISM,0.397918,2,South,South Atlantic,1.849489,-0.004425,0.020574,0.021655,0.030114,0.035385,0.88086,0.854097,0.007899,0.00691,0.00024,0.00027,0.002048,0.002302,0.014582,0.01476,0.016282335,0.019132312,0.476272095,0.461801611,0.004270909,0.003736167,0.000129766,0.000145986,0.001107333,0.001244668,0.00788434,0.007980583,0.505946778,0.494041327
LISINOPRIL,WV,HIGH BLOOD PRESSURE,0.343239,3,South,South Atlantic,1.849489,-0.004425,0.020574,0.021655,0.030114,0.035385,0.88086,0.854097,0.007899,0.00691,0.00024,0.00027,0.002048,0.002302,0.014582,0.01476,0.016282335,0.019132312,0.476272095,0.461801611,0.004270909,0.003736167,0.000129766,0.000145986,0.001107333,0.001244668,0.00788434,0.007980583,0.505946778,0.494041327
OMEPRAZOLE,WV,GASTROESOPHAGEAL REFLUX DISEASE,0.302383,4,South,South Atlantic,1.849489,-0.004425,0.020574,0.021655,0.030114,0.035385,0.88086,0.854097,0.007899,0.00691,0.00024,0.00027,0.002048,0.002302,0.014582,0.01476,0.016282335,0.019132312,0.476272095,0.461801611,0.004270909,0.003736167,0.000129766,0.000145986,0.001107333,0.001244668,0.00788434,0.007980583,0.505946778,0.494041327
HYDROCODONE/ACETAMINOPHEN,MT,SEVERE PAIN RELIEF,0.115081,3,West,Mountain,1.021869,0.0083,0.01238,0.00937,0.002159,0.003384,0.45341,0.459676,0.004832,0.003474,0.000356,0.000478,0.034217,0.033764,0.013012,0.013129,0.002112795,0.003311579,0.443706581,0.449838482,0.00472859,0.003399653,0.000348381,0.00046777,0.033484723,0.033041417,0.01273353,0.012848027,0.497114601,0.502906928
LEVOTHYROXINE SODIUM,MT,HYPOTHYROIDISM,0.155249,1,West,Mountain,1.021869,0.0083,0.01238,0.00937,0.002159,0.003384,0.45341,0.459676,0.004832,0.003474,0.000356,0.000478,0.034217,0.033764,0.013012,0.013129,0.002112795,0.003311579,0.443706581,0.449838482,0.00472859,0.003399653,0.000348381,0.00046777,0.033484723,0.033041417,0.01273353,0.012848027,0.497114601,0.502906928
LISINOPRIL,MT,HIGH BLOOD PRESSURE,0.116479,2,West,Mountain,1.021869,0.0083,0.01238,0.00937,0.002159,0.003384,0.45341,0.459676,0.004832,0.003474,0.000356,0.000478,0.034217,0.033764,0.013012,0.013129,0.002112795,0.003311579,0.443706581,0.449838482,0.00472859,0.003399653,0.000348381,0.00046777,0.033484723,0.033041417,0.01273353,0.012848027,0.497114601,0.502906928
OMEPRAZOLE,MT,GASTROESOPHAGEAL REFLUX DISEASE,0.102002,5,West,Mountain,1.021869,0.0083,0.01238,0.00937,0.002159,0.003384,0.45341,0.459676,0.004832,0.003474,0.000356,0.000478,0.034217,0.033764,0.013012,0.013129,0.002112795,0.003311579,0.443706581,0.449838482,0.00472859,0.003399653,0.000348381,0.00046777,0.033484723,0.033041417,0.01273353,0.012848027,0.497114601,0.502906928
SIMVASTATIN,MT,HIGH CHOLESTEROL,0.112215,4,West,Mountain,1.021869,0.0083,0.01238,0.00937,0.002159,0.003384,0.45341,0.459676,0.004832,0.003474,0.000356,0.000478,0.034217,0.033764,0.013012,0.013129,0.002112795,0.003311579,0.443706581,0.449838482,0.00472859,0.003399653,0.000348381,0.00046777,0.033484723,0.033041417,0.01273353,0.012848027,0.497114601,0.502906928