,state,drug_name,treatment_for,REGION_name,DIVISION_name,row_rank,total_claims_count_percent,black_female_percent,black_male_percent,white_female_percent,white_male_percent,hispanic_female_percent,hispanic_male_percent,asian_female_percent,asian_male_percent,pac_islander_female_percent,pac_islander_male_percent,nat_amer_female_percent,nat_amer_male_percent,mult_rac_female_percent,mult_rac_male_percent,female_total_percent,male_total_percent,change_row_rank
0,HI,AMLODIPINE BESYLATE,HIGH BLOOD PRESSURE,West,Pacific ,2,0.203320277,0.0069174530000000005,0.01117538,0.102866095,0.12219396,0.049064783,0.051600593,0.19665360699999998,0.170767417,0.046687328,0.048507004000000006,0.000996085,0.001158682,0.094506475,0.09713418800000001,0.497691826,0.502537224,4
1,HI,ATORVASTATIN CALCIUM,HIGH CHOLESTEROL,West,Pacific ,1,0.236209223,0.0069174530000000005,0.01117538,0.102866095,0.12219396,0.049064783,0.051600593,0.19665360699999998,0.170767417,0.046687328,0.048507004000000006,0.000996085,0.001158682,0.094506475,0.09713418800000001,0.497691826,0.502537224,5
2,HI,LISINOPRIL,HIGH BLOOD PRESSURE,West,Pacific ,4,0.185086997,0.0069174530000000005,0.01117538,0.102866095,0.12219396,0.049064783,0.051600593,0.19665360699999998,0.170767417,0.046687328,0.048507004000000006,0.000996085,0.001158682,0.094506475,0.09713418800000001,0.497691826,0.502537224,2
3,HI,LOSARTAN POTASSIUM,HIGH BLOOD PRESSURE,West,Pacific ,3,0.19335257100000003,0.0069174530000000005,0.01117538,0.102866095,0.12219396,0.049064783,0.051600593,0.19665360699999998,0.170767417,0.046687328,0.048507004000000006,0.000996085,0.001158682,0.094506475,0.09713418800000001,0.497691826,0.502537224,3
4,HI,SIMVASTATIN,HIGH CHOLESTEROL,West,Pacific ,5,0.182030931,0.0069174530000000005,0.01117538,0.102866095,0.12219396,0.049064783,0.051600593,0.19665360699999998,0.170767417,0.046687328,0.048507004000000006,0.000996085,0.001158682,0.094506475,0.09713418800000001,0.497691826,0.502537224,1
5,CA,AMLODIPINE BESYLATE,HIGH BLOOD PRESSURE,West,Pacific ,3,0.20279551199999998,0.028905273,0.028324605,0.193612597,0.192821395,0.19141895399999997,0.19384948100000002,0.072504625,0.065177341,0.0018453,0.001805789,0.002161284,0.00211641,0.013262206,0.012924511000000001,0.503710239,0.49701953299999996,3
6,CA,ATORVASTATIN CALCIUM,HIGH CHOLESTEROL,West,Pacific ,4,0.20011019300000002,0.028905273,0.028324605,0.193612597,0.192821395,0.19141895399999997,0.19384948100000002,0.072504625,0.065177341,0.0018453,0.001805789,0.002161284,0.00211641,0.013262206,0.012924511000000001,0.503710239,0.49701953299999996,2
7,CA,HYDROCODONE/ACETAMINOPHEN,SEVERE PAIN RELIEF,West,Pacific ,2,0.203443139,0.028905273,0.028324605,0.193612597,0.192821395,0.19141895399999997,0.19384948100000002,0.072504625,0.065177341,0.0018453,0.001805789,0.002161284,0.00211641,0.013262206,0.012924511000000001,0.503710239,0.49701953299999996,4
8,CA,LEVOTHYROXINE SODIUM,HYPOTHYROIDISM,West,Pacific ,1,0.209133729,0.028905273,0.028324605,0.193612597,0.192821395,0.19141895399999997,0.19384948100000002,0.072504625,0.065177341,0.0018453,0.001805789,0.002161284,0.00211641,0.013262206,0.012924511000000001,0.503710239,0.49701953299999996,5
9,CA,SIMVASTATIN,HIGH CHOLESTEROL,West,Pacific ,5,0.184517426,0.028905273,0.028324605,0.193612597,0.192821395,0.19141895399999997,0.19384948100000002,0.072504625,0.065177341,0.0018453,0.001805789,0.002161284,0.00211641,0.013262206,0.012924511000000001,0.503710239,0.49701953299999996,1
10,NJ,AMLODIPINE BESYLATE,HIGH BLOOD PRESSURE,Northeast,Middle Atlantic,3,0.222820047,0.06853396,0.060774943,0.293592155,0.278839419,0.09560388199999999,0.09648819300000001,0.046344727999999995,0.043980020999999994,0.00017135700000000002,0.00015421,0.00073969,0.0006990789999999999,0.0073413969999999995,0.00699135,0.512327169,0.487927216,3
11,NJ,ATORVASTATIN CALCIUM,HIGH CHOLESTEROL,Northeast,Middle Atlantic,2,0.225615222,0.06853396,0.060774943,0.293592155,0.278839419,0.09560388199999999,0.09648819300000001,0.046344727999999995,0.043980020999999994,0.00017135700000000002,0.00015421,0.00073969,0.0006990789999999999,0.0073413969999999995,0.00699135,0.512327169,0.487927216,4
12,NJ,LEVOTHYROXINE SODIUM,HYPOTHYROIDISM,Northeast,Middle Atlantic,1,0.227535125,0.06853396,0.060774943,0.293592155,0.278839419,0.09560388199999999,0.09648819300000001,0.046344727999999995,0.043980020999999994,0.00017135700000000002,0.00015421,0.00073969,0.0006990789999999999,0.0073413969999999995,0.00699135,0.512327169,0.487927216,5
13,NJ,METOPROLOL SUCCINATE,HIGH BLOOD PRESSURE,Northeast,Middle Atlantic,5,0.144131758,0.06853396,0.060774943,0.293592155,0.278839419,0.09560388199999999,0.09648819300000001,0.046344727999999995,0.043980020999999994,0.00017135700000000002,0.00015421,0.00073969,0.0006990789999999999,0.0073413969999999995,0.00699135,0.512327169,0.487927216,1
14,NJ,SIMVASTATIN,HIGH CHOLESTEROL,Northeast,Middle Atlantic,4,0.179897847,0.06853396,0.060774943,0.293592155,0.278839419,0.09560388199999999,0.09648819300000001,0.046344727999999995,0.043980020999999994,0.00017135700000000002,0.00015421,0.00073969,0.0006990789999999999,0.0073413969999999995,0.00699135,0.512327169,0.487927216,2
15,NY,AMLODIPINE BESYLATE,HIGH BLOOD PRESSURE,Northeast,Middle Atlantic,1,0.21471839399999998,0.078054052,0.067547488,0.290497622,0.277714284,0.09405106099999999,0.09144275199999999,0.042462770999999996,0.038951661,0.000224059,0.00020584099999999998,0.001505416,0.0014058279999999998,0.008383725,0.007822178,0.515178706,0.485090033,5
16,NY,ATORVASTATIN CALCIUM,HIGH CHOLESTEROL,Northeast,Middle Atlantic,4,0.193586759,0.078054052,0.067547488,0.290497622,0.277714284,0.09405106099999999,0.09144275199999999,0.042462770999999996,0.038951661,0.000224059,0.00020584099999999998,0.001505416,0.0014058279999999998,0.008383725,0.007822178,0.515178706,0.485090033,2
17,NY,LEVOTHYROXINE SODIUM,HYPOTHYROIDISM,Northeast,Middle Atlantic,2,0.209649974,0.078054052,0.067547488,0.290497622,0.277714284,0.09405106099999999,0.09144275199999999,0.042462770999999996,0.038951661,0.000224059,0.00020584099999999998,0.001505416,0.0014058279999999998,0.008383725,0.007822178,0.515178706,0.485090033,4
18,NY,OMEPRAZOLE,GASTROESOPHAGEAL REFLUX DISEASE,Northeast,Middle Atlantic,5,0.177639138,0.078054052,0.067547488,0.290497622,0.277714284,0.09405106099999999,0.09144275199999999,0.042462770999999996,0.038951661,0.000224059,0.00020584099999999998,0.001505416,0.0014058279999999998,0.008383725,0.007822178,0.515178706,0.485090033,1
19,NY,SIMVASTATIN,HIGH CHOLESTEROL,Northeast,Middle Atlantic,3,0.20440573399999998,0.078054052,0.067547488,0.290497622,0.277714284,0.09405106099999999,0.09144275199999999,0.042462770999999996,0.038951661,0.000224059,0.00020584099999999998,0.001505416,0.0014058279999999998,0.008383725,0.007822178,0.515178706,0.485090033,3
20,WA,HYDROCODONE/ACETAMINOPHEN,SEVERE PAIN RELIEF,West,Pacific ,4,0.183229075,0.016987365,0.0199104,0.35362182799999997,0.350686887,0.058243812,0.062567057,0.042845043,0.037260504,0.003195337,0.0032039840000000004,0.006558932,0.00651995,0.019229289,0.018855493,0.5006816070000001,0.49900427399999997,2
21,WA,LEVOTHYROXINE SODIUM,HYPOTHYROIDISM,West,Pacific ,2,0.221881346,0.016987365,0.0199104,0.35362182799999997,0.350686887,0.058243812,0.062567057,0.042845043,0.037260504,0.003195337,0.0032039840000000004,0.006558932,0.00651995,0.019229289,0.018855493,0.5006816070000001,0.49900427399999997,4
22,WA,LISINOPRIL,HIGH BLOOD PRESSURE,West,Pacific ,1,0.23995457399999998,0.016987365,0.0199104,0.35362182799999997,0.350686887,0.058243812,0.062567057,0.042845043,0.037260504,0.003195337,0.0032039840000000004,0.006558932,0.00651995,0.019229289,0.018855493,0.5006816070000001,0.49900427399999997,5
23,WA,OMEPRAZOLE,GASTROESOPHAGEAL REFLUX DISEASE,West,Pacific ,3,0.18872065600000001,0.016987365,0.0199104,0.35362182799999997,0.350686887,0.058243812,0.062567057,0.042845043,0.037260504,0.003195337,0.0032039840000000004,0.006558932,0.00651995,0.019229289,0.018855493,0.5006816070000001,0.49900427399999997,3
24,WA,SIMVASTATIN,HIGH CHOLESTEROL,West,Pacific ,5,0.166214349,0.016987365,0.0199104,0.35362182799999997,0.350686887,0.058243812,0.062567057,0.042845043,0.037260504,0.003195337,0.0032039840000000004,0.006558932,0.00651995,0.019229289,0.018855493,0.5006816070000001,0.49900427399999997,1
25,NV,AMLODIPINE BESYLATE,HIGH BLOOD PRESSURE,West,Mountain,4,0.17486804600000003,0.041242847,0.041608757,0.25360374,0.263250862,0.136713576,0.141198199,0.042640476,0.03469869,0.003012108,0.00292764,0.004510177,0.0042152479999999996,0.015604615,0.015264258000000001,0.497327539,0.503163654,2
26,NV,HYDROCODONE/ACETAMINOPHEN,SEVERE PAIN RELIEF,West,Mountain,1,0.22324587899999998,0.041242847,0.041608757,0.25360374,0.263250862,0.136713576,0.141198199,0.042640476,0.03469869,0.003012108,0.00292764,0.004510177,0.0042152479999999996,0.015604615,0.015264258000000001,0.497327539,0.503163654,5
27,NV,LEVOTHYROXINE SODIUM,HYPOTHYROIDISM,West,Mountain,3,0.214362567,0.041242847,0.041608757,0.25360374,0.263250862,0.136713576,0.141198199,0.042640476,0.03469869,0.003012108,0.00292764,0.004510177,0.0042152479999999996,0.015604615,0.015264258000000001,0.497327539,0.503163654,3
28,NV,LISINOPRIL,HIGH BLOOD PRESSURE,West,Mountain,2,0.22024613199999998,0.041242847,0.041608757,0.25360374,0.263250862,0.136713576,0.141198199,0.042640476,0.03469869,0.003012108,0.00292764,0.004510177,0.0042152479999999996,0.015604615,0.015264258000000001,0.497327539,0.503163654,4
29,NV,SIMVASTATIN,HIGH CHOLESTEROL,West,Mountain,5,0.167277375,0.041242847,0.041608757,0.25360374,0.263250862,0.136713576,0.141198199,0.042640476,0.03469869,0.003012108,0.00292764,0.004510177,0.0042152479999999996,0.015604615,0.015264258000000001,0.497327539,0.503163654,1
30,MA,ATORVASTATIN CALCIUM,HIGH CHOLESTEROL,Northeast,New England ,5,0.16935631,0.035189001,0.033111987999999995,0.382860665,0.358804666,0.055003434000000004,0.054021266,0.032493883,0.02975869,0.00020820400000000003,0.00019031200000000002,0.000890782,0.00089788,0.008575849,0.008149533,0.515221817,0.484934336,1
31,MA,LEVOTHYROXINE SODIUM,HYPOTHYROIDISM,Northeast,New England ,4,0.185656395,0.035189001,0.033111987999999995,0.382860665,0.358804666,0.055003434000000004,0.054021266,0.032493883,0.02975869,0.00020820400000000003,0.00019031200000000002,0.000890782,0.00089788,0.008575849,0.008149533,0.515221817,0.484934336,2
32,MA,LISINOPRIL,HIGH BLOOD PRESSURE,Northeast,New England ,1,0.25005470399999996,0.035189001,0.033111987999999995,0.382860665,0.358804666,0.055003434000000004,0.054021266,0.032493883,0.02975869,0.00020820400000000003,0.00019031200000000002,0.000890782,0.00089788,0.008575849,0.008149533,0.515221817,0.484934336,5
33,MA,OMEPRAZOLE,GASTROESOPHAGEAL REFLUX DISEASE,Northeast,New England ,3,0.196024012,0.035189001,0.033111987999999995,0.382860665,0.358804666,0.055003434000000004,0.054021266,0.032493883,0.02975869,0.00020820400000000003,0.00019031200000000002,0.000890782,0.00089788,0.008575849,0.008149533,0.515221817,0.484934336,3
34,MA,SIMVASTATIN,HIGH CHOLESTEROL,Northeast,New England ,2,0.198908578,0.035189001,0.033111987999999995,0.382860665,0.358804666,0.055003434000000004,0.054021266,0.032493883,0.02975869,0.00020820400000000003,0.00019031200000000002,0.000890782,0.00089788,0.008575849,0.008149533,0.515221817,0.484934336,4
35,MD,AMLODIPINE BESYLATE,HIGH BLOOD PRESSURE,South,South Atlantic,2,0.222057924,0.15702342800000002,0.13712106699999999,0.26892998,0.258043138,0.044246849000000005,0.048145102,0.032185142,0.029026487000000004,0.000254982,0.00022946700000000002,0.00124587,0.00116026,0.011695936,0.010840343999999998,0.515582187,0.48456586700000004,4
36,MD,ATORVASTATIN CALCIUM,HIGH CHOLESTEROL,South,South Atlantic,4,0.20123076399999998,0.15702342800000002,0.13712106699999999,0.26892998,0.258043138,0.044246849000000005,0.048145102,0.032185142,0.029026487000000004,0.000254982,0.00022946700000000002,0.00124587,0.00116026,0.011695936,0.010840343999999998,0.515582187,0.48456586700000004,2
37,MD,FUROSEMIDE,HIGH BLOOD PRESSURE,South,South Atlantic,5,0.147706248,0.15702342800000002,0.13712106699999999,0.26892998,0.258043138,0.044246849000000005,0.048145102,0.032185142,0.029026487000000004,0.000254982,0.00022946700000000002,0.00124587,0.00116026,0.011695936,0.010840343999999998,0.515582187,0.48456586700000004,1
38,MD,LEVOTHYROXINE SODIUM,HYPOTHYROIDISM,South,South Atlantic,3,0.20429724800000001,0.15702342800000002,0.13712106699999999,0.26892998,0.258043138,0.044246849000000005,0.048145102,0.032185142,0.029026487000000004,0.000254982,0.00022946700000000002,0.00124587,0.00116026,0.011695936,0.010840343999999998,0.515582187,0.48456586700000004,3
39,MD,LISINOPRIL,HIGH BLOOD PRESSURE,South,South Atlantic,1,0.224707816,0.15702342800000002,0.13712106699999999,0.26892998,0.258043138,0.044246849000000005,0.048145102,0.032185142,0.029026487000000004,0.000254982,0.00022946700000000002,0.00124587,0.00116026,0.011695936,0.010840343999999998,0.515582187,0.48456586700000004,5
40,VA,AMLODIPINE BESYLATE,HIGH BLOOD PRESSURE,South,South Atlantic,3,0.20885691399999998,0.099203068,0.09115120199999999,0.320305528,0.31291435300000003,0.042281951,0.04522419900000001,0.03246375,0.029010011000000002,0.00036301300000000003,0.000340032,0.001306462,0.001322225,0.012371687,0.011872829,0.508295459,0.491834851,3
41,VA,ATORVASTATIN CALCIUM,HIGH CHOLESTEROL,South,South Atlantic,5,0.18148535,0.099203068,0.09115120199999999,0.320305528,0.31291435300000003,0.042281951,0.04522419900000001,0.03246375,0.029010011000000002,0.00036301300000000003,0.000340032,0.001306462,0.001322225,0.012371687,0.011872829,0.508295459,0.491834851,1
42,VA,LEVOTHYROXINE SODIUM,HYPOTHYROIDISM,South,South Atlantic,1,0.21642293899999998,0.099203068,0.09115120199999999,0.320305528,0.31291435300000003,0.042281951,0.04522419900000001,0.03246375,0.029010011000000002,0.00036301300000000003,0.000340032,0.001306462,0.001322225,0.012371687,0.011872829,0.508295459,0.491834851,5
43,VA,LISINOPRIL,HIGH BLOOD PRESSURE,South,South Atlantic,2,0.21171662600000002,0.099203068,0.09115120199999999,0.320305528,0.31291435300000003,0.042281951,0.04522419900000001,0.03246375,0.029010011000000002,0.00036301300000000003,0.000340032,0.001306462,0.001322225,0.012371687,0.011872829,0.508295459,0.491834851,4
44,VA,SIMVASTATIN,HIGH CHOLESTEROL,South,South Atlantic,4,0.181518172,0.099203068,0.09115120199999999,0.320305528,0.31291435300000003,0.042281951,0.04522419900000001,0.03246375,0.029010011000000002,0.00036301300000000003,0.000340032,0.001306462,0.001322225,0.012371687,0.011872829,0.508295459,0.491834851,2
45,AK,HYDROCODONE/ACETAMINOPHEN,SEVERE PAIN RELIEF,West,Pacific ,4,0.165459548,0.014070677,0.018939728,0.29083654,0.330286045,0.031669888,0.035231019,0.030747688,0.027847987999999997,0.005831996999999999,0.006019425,0.07121718099999999,0.07313628,0.031959179,0.032238962,0.476333149,0.523699447,2
46,AK,LEVOTHYROXINE SODIUM,HYPOTHYROIDISM,West,Pacific ,2,0.19826989399999997,0.014070677,0.018939728,0.29083654,0.330286045,0.031669888,0.035231019,0.030747688,0.027847987999999997,0.005831996999999999,0.006019425,0.07121718099999999,0.07313628,0.031959179,0.032238962,0.476333149,0.523699447,4
47,AK,LISINOPRIL,HIGH BLOOD PRESSURE,West,Pacific ,1,0.277398675,0.014070677,0.018939728,0.29083654,0.330286045,0.031669888,0.035231019,0.030747688,0.027847987999999997,0.005831996999999999,0.006019425,0.07121718099999999,0.07313628,0.031959179,0.032238962,0.476333149,0.523699447,5
48,AK,OMEPRAZOLE,GASTROESOPHAGEAL REFLUX DISEASE,West,Pacific ,3,0.195314636,0.014070677,0.018939728,0.29083654,0.330286045,0.031669888,0.035231019,0.030747688,0.027847987999999997,0.005831996999999999,0.006019425,0.07121718099999999,0.07313628,0.031959179,0.032238962,0.476333149,0.523699447,3
49,AK,SIMVASTATIN,HIGH CHOLESTEROL,West,Pacific ,5,0.163557246,0.014070677,0.018939728,0.29083654,0.330286045,0.031669888,0.035231019,0.030747688,0.027847987999999997,0.005831996999999999,0.006019425,0.07121718099999999,0.07313628,0.031959179,0.032238962,0.476333149,0.523699447,1
50,IL,AMLODIPINE BESYLATE,HIGH BLOOD PRESSURE,Midwest,East North Central ,4,0.189035365,0.075448914,0.066566065,0.317651692,0.306194819,0.080769961,0.08495305199999999,0.027059193999999998,0.025131761000000002,0.000132485,0.000139703,0.000761924,0.0007424430000000001,0.0074765840000000005,0.007318255,0.509300754,0.491046097,2
51,IL,ATORVASTATIN CALCIUM,HIGH CHOLESTEROL,Midwest,East North Central ,5,0.187435751,0.075448914,0.066566065,0.317651692,0.306194819,0.080769961,0.08495305199999999,0.027059193999999998,0.025131761000000002,0.000132485,0.000139703,0.000761924,0.0007424430000000001,0.0074765840000000005,0.007318255,0.509300754,0.491046097,1
52,IL,HYDROCODONE/ACETAMINOPHEN,SEVERE PAIN RELIEF,Midwest,East North Central ,3,0.18972275600000002,0.075448914,0.066566065,0.317651692,0.306194819,0.080769961,0.08495305199999999,0.027059193999999998,0.025131761000000002,0.000132485,0.000139703,0.000761924,0.0007424430000000001,0.0074765840000000005,0.007318255,0.509300754,0.491046097,3
53,IL,LEVOTHYROXINE SODIUM,HYPOTHYROIDISM,Midwest,East North Central ,1,0.22646291300000002,0.075448914,0.066566065,0.317651692,0.306194819,0.080769961,0.08495305199999999,0.027059193999999998,0.025131761000000002,0.000132485,0.000139703,0.000761924,0.0007424430000000001,0.0074765840000000005,0.007318255,0.509300754,0.491046097,5
54,IL,LISINOPRIL,HIGH BLOOD PRESSURE,Midwest,East North Central ,2,0.207343215,0.075448914,0.066566065,0.317651692,0.306194819,0.080769961,0.08495305199999999,0.027059193999999998,0.025131761000000002,0.000132485,0.000139703,0.000761924,0.0007424430000000001,0.0074765840000000005,0.007318255,0.509300754,0.491046097,4
55,MN,AMLODIPINE BESYLATE,HIGH BLOOD PRESSURE,Midwest,West North Central ,5,0.151518345,0.02809187,0.029268517,0.41066952100000004,0.40329318299999994,0.024441400000000002,0.026453111,0.023635503999999998,0.022455738,0.000211151,0.000209867,0.005402784,0.005258775,0.010482695,0.010207153,0.502934924,0.497146345,1
56,MN,LEVOTHYROXINE SODIUM,HYPOTHYROIDISM,Midwest,West North Central ,3,0.206246682,0.02809187,0.029268517,0.41066952100000004,0.40329318299999994,0.024441400000000002,0.026453111,0.023635503999999998,0.022455738,0.000211151,0.000209867,0.005402784,0.005258775,0.010482695,0.010207153,0.502934924,0.497146345,3
57,MN,LISINOPRIL,HIGH BLOOD PRESSURE,Midwest,West North Central ,1,0.228902186,0.02809187,0.029268517,0.41066952100000004,0.40329318299999994,0.024441400000000002,0.026453111,0.023635503999999998,0.022455738,0.000211151,0.000209867,0.005402784,0.005258775,0.010482695,0.010207153,0.502934924,0.497146345,5
58,MN,OMEPRAZOLE,GASTROESOPHAGEAL REFLUX DISEASE,Midwest,West North Central ,4,0.195658917,0.02809187,0.029268517,0.41066952100000004,0.40329318299999994,0.024441400000000002,0.026453111,0.023635503999999998,0.022455738,0.000211151,0.000209867,0.005402784,0.005258775,0.010482695,0.010207153,0.502934924,0.497146345,2
59,MN,SIMVASTATIN,HIGH CHOLESTEROL,Midwest,West North Central ,2,0.21767387,0.02809187,0.029268517,0.41066952100000004,0.40329318299999994,0.024441400000000002,0.026453111,0.023635503999999998,0.022455738,0.000211151,0.000209867,0.005402784,0.005258775,0.010482695,0.010207153,0.502934924,0.497146345,4
60,TX,AMLODIPINE BESYLATE,HIGH BLOOD PRESSURE,South,West South Central ,4,0.183362298,0.060444143,0.056556600000000005,0.21950007100000002,0.215426838,0.192438322,0.19476179899999999,0.022533915,0.021376127,0.00039834099999999997,0.000391591,0.0016281879999999998,0.001614985,0.006814113,0.006590001999999999,0.5037570929999999,0.496717942,2
61,TX,ATORVASTATIN CALCIUM,HIGH CHOLESTEROL,South,West South Central ,5,0.155963871,0.060444143,0.056556600000000005,0.21950007100000002,0.215426838,0.192438322,0.19476179899999999,0.022533915,0.021376127,0.00039834099999999997,0.000391591,0.0016281879999999998,0.001614985,0.006814113,0.006590001999999999,0.5037570929999999,0.496717942,1
62,TX,HYDROCODONE/ACETAMINOPHEN,SEVERE PAIN RELIEF,South,West South Central ,1,0.23478501300000001,0.060444143,0.056556600000000005,0.21950007100000002,0.215426838,0.192438322,0.19476179899999999,0.022533915,0.021376127,0.00039834099999999997,0.000391591,0.0016281879999999998,0.001614985,0.006814113,0.006590001999999999,0.5037570929999999,0.496717942,5
63,TX,LEVOTHYROXINE SODIUM,HYPOTHYROIDISM,South,West South Central ,2,0.230996366,0.060444143,0.056556600000000005,0.21950007100000002,0.215426838,0.192438322,0.19476179899999999,0.022533915,0.021376127,0.00039834099999999997,0.000391591,0.0016281879999999998,0.001614985,0.006814113,0.006590001999999999,0.5037570929999999,0.496717942,4
64,TX,LISINOPRIL,HIGH BLOOD PRESSURE,South,West South Central ,3,0.194892452,0.060444143,0.056556600000000005,0.21950007100000002,0.215426838,0.192438322,0.19476179899999999,0.022533915,0.021376127,0.00039834099999999997,0.000391591,0.0016281879999999998,0.001614985,0.006814113,0.006590001999999999,0.5037570929999999,0.496717942,3
65,CT,AMLODIPINE BESYLATE,HIGH BLOOD PRESSURE,Northeast,New England ,3,0.19501781899999998,0.051382603,0.04699287,0.35406245700000005,0.33600193,0.074807123,0.074613495,0.022476411,0.020874808,0.000181943,0.000171372,0.001084149,0.00107469,0.008393879,0.007954322,0.512388567,0.487683487,3
66,CT,ATORVASTATIN CALCIUM,HIGH CHOLESTEROL,Northeast,New England ,1,0.227769313,0.051382603,0.04699287,0.35406245700000005,0.33600193,0.074807123,0.074613495,0.022476411,0.020874808,0.000181943,0.000171372,0.001084149,0.00107469,0.008393879,0.007954322,0.512388567,0.487683487,5
67,CT,FUROSEMIDE,HIGH BLOOD PRESSURE,Northeast,New England ,5,0.160543081,0.051382603,0.04699287,0.35406245700000005,0.33600193,0.074807123,0.074613495,0.022476411,0.020874808,0.000181943,0.000171372,0.001084149,0.00107469,0.008393879,0.007954322,0.512388567,0.487683487,1
68,CT,LEVOTHYROXINE SODIUM,HYPOTHYROIDISM,Northeast,New England ,2,0.223687634,0.051382603,0.04699287,0.35406245700000005,0.33600193,0.074807123,0.074613495,0.022476411,0.020874808,0.000181943,0.000171372,0.001084149,0.00107469,0.008393879,0.007954322,0.512388567,0.487683487,4
69,CT,LISINOPRIL,HIGH BLOOD PRESSURE,Northeast,New England ,4,0.192982154,0.051382603,0.04699287,0.35406245700000005,0.33600193,0.074807123,0.074613495,0.022476411,0.020874808,0.000181943,0.000171372,0.001084149,0.00107469,0.008393879,0.007954322,0.512388567,0.487683487,2
70,OR,ATORVASTATIN CALCIUM,HIGH CHOLESTEROL,West,Pacific ,5,0.155412093,0.008351744,0.009777344,0.39158250200000005,0.37941544899999996,0.059900425,0.06456503799999999,0.022511609,0.019173938999999997,0.001834356,0.001886586,0.005625695,0.0055939019999999996,0.015261235,0.014737674,0.505067566,0.495149933,1
71,OR,HYDROCODONE/ACETAMINOPHEN,SEVERE PAIN RELIEF,West,Pacific ,3,0.19774265300000002,0.008351744,0.009777344,0.39158250200000005,0.37941544899999996,0.059900425,0.06456503799999999,0.022511609,0.019173938999999997,0.001834356,0.001886586,0.005625695,0.0055939019999999996,0.015261235,0.014737674,0.505067566,0.495149933,3
72,OR,LEVOTHYROXINE SODIUM,HYPOTHYROIDISM,West,Pacific ,1,0.238060747,0.008351744,0.009777344,0.39158250200000005,0.37941544899999996,0.059900425,0.06456503799999999,0.022511609,0.019173938999999997,0.001834356,0.001886586,0.005625695,0.0055939019999999996,0.015261235,0.014737674,0.505067566,0.495149933,5
73,OR,LISINOPRIL,HIGH BLOOD PRESSURE,West,Pacific ,2,0.225491687,0.008351744,0.009777344,0.39158250200000005,0.37941544899999996,0.059900425,0.06456503799999999,0.022511609,0.019173938999999997,0.001834356,0.001886586,0.005625695,0.0055939019999999996,0.015261235,0.014737674,0.505067566,0.495149933,4
74,OR,OMEPRAZOLE,GASTROESOPHAGEAL REFLUX DISEASE,West,Pacific ,4,0.183292819,0.008351744,0.009777344,0.39158250200000005,0.37941544899999996,0.059900425,0.06456503799999999,0.022511609,0.019173938999999997,0.001834356,0.001886586,0.005625695,0.0055939019999999996,0.015261235,0.014737674,0.505067566,0.495149933,2
75,GA,AMLODIPINE BESYLATE,HIGH BLOOD PRESSURE,South,South Atlantic,1,0.219526055,0.163992591,0.14436206099999999,0.276235245,0.26765755399999996,0.043039638,0.048031653,0.0192336,0.01804311,0.000293426,0.000307829,0.001138341,0.00111927,0.008698776,0.008018055999999999,0.512631617,0.48753953200000005,5
76,GA,HYDROCODONE/ACETAMINOPHEN,SEVERE PAIN RELIEF,South,South Atlantic,2,0.212207127,0.163992591,0.14436206099999999,0.276235245,0.26765755399999996,0.043039638,0.048031653,0.0192336,0.01804311,0.000293426,0.000307829,0.001138341,0.00111927,0.008698776,0.008018055999999999,0.512631617,0.48753953200000005,4
77,GA,LEVOTHYROXINE SODIUM,HYPOTHYROIDISM,South,South Atlantic,3,0.205662226,0.163992591,0.14436206099999999,0.276235245,0.26765755399999996,0.043039638,0.048031653,0.0192336,0.01804311,0.000293426,0.000307829,0.001138341,0.00111927,0.008698776,0.008018055999999999,0.512631617,0.48753953200000005,3
78,GA,LISINOPRIL,HIGH BLOOD PRESSURE,South,South Atlantic,4,0.20024147,0.163992591,0.14436206099999999,0.276235245,0.26765755399999996,0.043039638,0.048031653,0.0192336,0.01804311,0.000293426,0.000307829,0.001138341,0.00111927,0.008698776,0.008018055999999999,0.512631617,0.48753953200000005,2
79,GA,SIMVASTATIN,HIGH CHOLESTEROL,South,South Atlantic,5,0.162363122,0.163992591,0.14436206099999999,0.276235245,0.26765755399999996,0.043039638,0.048031653,0.0192336,0.01804311,0.000293426,0.000307829,0.001138341,0.00111927,0.008698776,0.008018055999999999,0.512631617,0.48753953200000005,1
80,DE,AMLODIPINE BESYLATE,HIGH BLOOD PRESSURE,South,South Atlantic,4,0.17817782899999998,0.112825165,0.100407834,0.328694127,0.308981251,0.042649387999999996,0.044759873,0.018847448,0.018016337,0.000167295,0.000170512,0.0016000220000000002,0.001565705,0.01118836,0.010243574,0.515971804,0.48414508700000003,2
81,DE,ATORVASTATIN CALCIUM,HIGH CHOLESTEROL,South,South Atlantic,2,0.21746434899999997,0.112825165,0.100407834,0.328694127,0.308981251,0.042649387999999996,0.044759873,0.018847448,0.018016337,0.000167295,0.000170512,0.0016000220000000002,0.001565705,0.01118836,0.010243574,0.515971804,0.48414508700000003,4
82,DE,LEVOTHYROXINE SODIUM,HYPOTHYROIDISM,South,South Atlantic,1,0.225087074,0.112825165,0.100407834,0.328694127,0.308981251,0.042649387999999996,0.044759873,0.018847448,0.018016337,0.000167295,0.000170512,0.0016000220000000002,0.001565705,0.01118836,0.010243574,0.515971804,0.48414508700000003,5
83,DE,LISINOPRIL,HIGH BLOOD PRESSURE,South,South Atlantic,3,0.21681646300000001,0.112825165,0.100407834,0.328694127,0.308981251,0.042649387999999996,0.044759873,0.018847448,0.018016337,0.000167295,0.000170512,0.0016000220000000002,0.001565705,0.01118836,0.010243574,0.515971804,0.48414508700000003,3
84,DE,OMEPRAZOLE,GASTROESOPHAGEAL REFLUX DISEASE,South,South Atlantic,5,0.162454285,0.112825165,0.100407834,0.328694127,0.308981251,0.042649387999999996,0.044759873,0.018847448,0.018016337,0.000167295,0.000170512,0.0016000220000000002,0.001565705,0.01118836,0.010243574,0.515971804,0.48414508700000003,1
85,RI,AMLODIPINE BESYLATE,HIGH BLOOD PRESSURE,Northeast,New England ,4,0.18732622399999999,0.028478998999999998,0.028414601,0.38595426200000005,0.358355999,0.070696519,0.070801639,0.017382682,0.015663828,0.000314413,0.00031536,0.002195209,0.002082513,0.009963672,0.009457013,0.514985757,0.485090952,2
86,RI,ATORVASTATIN CALCIUM,HIGH CHOLESTEROL,Northeast,New England ,3,0.20259972199999998,0.028478998999999998,0.028414601,0.38595426200000005,0.358355999,0.070696519,0.070801639,0.017382682,0.015663828,0.000314413,0.00031536,0.002195209,0.002082513,0.009963672,0.009457013,0.514985757,0.485090952,3
87,RI,LEVOTHYROXINE SODIUM,HYPOTHYROIDISM,Northeast,New England ,5,0.181996219,0.028478998999999998,0.028414601,0.38595426200000005,0.358355999,0.070696519,0.070801639,0.017382682,0.015663828,0.000314413,0.00031536,0.002195209,0.002082513,0.009963672,0.009457013,0.514985757,0.485090952,1
88,RI,LISINOPRIL,HIGH BLOOD PRESSURE,Northeast,New England ,1,0.222237077,0.028478998999999998,0.028414601,0.38595426200000005,0.358355999,0.070696519,0.070801639,0.017382682,0.015663828,0.000314413,0.00031536,0.002195209,0.002082513,0.009963672,0.009457013,0.514985757,0.485090952,5
89,RI,OMEPRAZOLE,GASTROESOPHAGEAL REFLUX DISEASE,Northeast,New England ,2,0.205840758,0.028478998999999998,0.028414601,0.38595426200000005,0.358355999,0.070696519,0.070801639,0.017382682,0.015663828,0.000314413,0.00031536,0.002195209,0.002082513,0.009963672,0.009457013,0.514985757,0.485090952,4
90,AZ,AMLODIPINE BESYLATE,HIGH BLOOD PRESSURE,West,Mountain,4,0.167347646,0.019261076999999998,0.021208208,0.283652132,0.27743082,0.152355138,0.154043296,0.016594821000000003,0.014643826,0.00080946,0.0009889439999999998,0.020826359,0.019740988,0.009554837,0.009399275,0.503053824,0.49745535700000004,2
91,AZ,LEVOTHYROXINE SODIUM,HYPOTHYROIDISM,West,Mountain,1,0.264604343,0.019261076999999998,0.021208208,0.283652132,0.27743082,0.152355138,0.154043296,0.016594821000000003,0.014643826,0.00080946,0.0009889439999999998,0.020826359,0.019740988,0.009554837,0.009399275,0.503053824,0.49745535700000004,5
92,AZ,LISINOPRIL,HIGH BLOOD PRESSURE,West,Mountain,2,0.253204766,0.019261076999999998,0.021208208,0.283652132,0.27743082,0.152355138,0.154043296,0.016594821000000003,0.014643826,0.00080946,0.0009889439999999998,0.020826359,0.019740988,0.009554837,0.009399275,0.503053824,0.49745535700000004,4
93,AZ,OMEPRAZOLE,GASTROESOPHAGEAL REFLUX DISEASE,West,Mountain,5,0.143339164,0.019261076999999998,0.021208208,0.283652132,0.27743082,0.152355138,0.154043296,0.016594821000000003,0.014643826,0.00080946,0.0009889439999999998,0.020826359,0.019740988,0.009554837,0.009399275,0.503053824,0.49745535700000004,1
94,AZ,SIMVASTATIN,HIGH CHOLESTEROL,West,Mountain,3,0.171504082,0.019261076999999998,0.021208208,0.283652132,0.27743082,0.152355138,0.154043296,0.016594821000000003,0.014643826,0.00080946,0.0009889439999999998,0.020826359,0.019740988,0.009554837,0.009399275,0.503053824,0.49745535700000004,3
95,PA,AMLODIPINE BESYLATE,HIGH BLOOD PRESSURE,Northeast,Middle Atlantic,4,0.179246983,0.055682325,0.051351495999999996,0.39779484600000004,0.380494519,0.032239827,0.03357722,0.016655754,0.015396323,0.000145289,0.000134967,0.000709945,0.000693367,0.0077844509999999995,0.007401289,0.511012438,0.489049181,2
96,PA,ATORVASTATIN CALCIUM,HIGH CHOLESTEROL,Northeast,Middle Atlantic,5,0.177678792,0.055682325,0.051351495999999996,0.39779484600000004,0.380494519,0.032239827,0.03357722,0.016655754,0.015396323,0.000145289,0.000134967,0.000709945,0.000693367,0.0077844509999999995,0.007401289,0.511012438,0.489049181,1
97,PA,LEVOTHYROXINE SODIUM,HYPOTHYROIDISM,Northeast,Middle Atlantic,1,0.239388797,0.055682325,0.051351495999999996,0.39779484600000004,0.380494519,0.032239827,0.03357722,0.016655754,0.015396323,0.000145289,0.000134967,0.000709945,0.000693367,0.0077844509999999995,0.007401289,0.511012438,0.489049181,5
98,PA,LISINOPRIL,HIGH BLOOD PRESSURE,Northeast,Middle Atlantic,2,0.206948313,0.055682325,0.051351495999999996,0.39779484600000004,0.380494519,0.032239827,0.03357722,0.016655754,0.015396323,0.000145289,0.000134967,0.000709945,0.000693367,0.0077844509999999995,0.007401289,0.511012438,0.489049181,4
99,PA,SIMVASTATIN,HIGH CHOLESTEROL,Northeast,Middle Atlantic,3,0.19673711600000002,0.055682325,0.051351495999999996,0.39779484600000004,0.380494519,0.032239827,0.03357722,0.016655754,0.015396323,0.000145289,0.000134967,0.000709945,0.000693367,0.0077844509999999995,0.007401289,0.511012438,0.489049181,3
100,CO,ATORVASTATIN CALCIUM,HIGH CHOLESTEROL,West,Mountain,4,0.154622469,0.018386195,0.020986894,0.34503012200000005,0.345453665,0.10398850400000001,0.10771946199999999,0.016360065,0.013682359,0.000610269,0.000650642,0.0031143340000000003,0.00317265,0.010605594,0.010448027,0.498095083,0.5021136979999999,2
101,CO,LEVOTHYROXINE SODIUM,HYPOTHYROIDISM,West,Mountain,1,0.28323675,0.018386195,0.020986894,0.34503012200000005,0.345453665,0.10398850400000001,0.10771946199999999,0.016360065,0.013682359,0.000610269,0.000650642,0.0031143340000000003,0.00317265,0.010605594,0.010448027,0.498095083,0.5021136979999999,5
102,CO,LISINOPRIL,HIGH BLOOD PRESSURE,West,Mountain,2,0.22481842600000002,0.018386195,0.020986894,0.34503012200000005,0.345453665,0.10398850400000001,0.10771946199999999,0.016360065,0.013682359,0.000610269,0.000650642,0.0031143340000000003,0.00317265,0.010605594,0.010448027,0.498095083,0.5021136979999999,4
103,CO,OMEPRAZOLE,GASTROESOPHAGEAL REFLUX DISEASE,West,Mountain,5,0.154480506,0.018386195,0.020986894,0.34503012200000005,0.345453665,0.10398850400000001,0.10771946199999999,0.016360065,0.013682359,0.000610269,0.000650642,0.0031143340000000003,0.00317265,0.010605594,0.010448027,0.498095083,0.5021136979999999,1
104,CO,SIMVASTATIN,HIGH CHOLESTEROL,West,Mountain,3,0.182841848,0.018386195,0.020986894,0.34503012200000005,0.345453665,0.10398850400000001,0.10771946199999999,0.016360065,0.013682359,0.000610269,0.000650642,0.0031143340000000003,0.00317265,0.010605594,0.010448027,0.498095083,0.5021136979999999,3
105,MI,HYDROCODONE/ACETAMINOPHEN,SEVERE PAIN RELIEF,Midwest,East North Central ,1,0.266165475,0.07305549900000001,0.066039178,0.383721886,0.37408931100000004,0.023668741,0.024416487,0.014833057,0.01404231,0.000127998,0.000123063,0.002830255,0.002803165,0.010343764,0.009979911,0.508581199,0.491493425,5
106,MI,LEVOTHYROXINE SODIUM,HYPOTHYROIDISM,Midwest,East North Central ,2,0.195686019,0.07305549900000001,0.066039178,0.383721886,0.37408931100000004,0.023668741,0.024416487,0.014833057,0.01404231,0.000127998,0.000123063,0.002830255,0.002803165,0.010343764,0.009979911,0.508581199,0.491493425,4
107,MI,LISINOPRIL,HIGH BLOOD PRESSURE,Midwest,East North Central ,3,0.195420228,0.07305549900000001,0.066039178,0.383721886,0.37408931100000004,0.023668741,0.024416487,0.014833057,0.01404231,0.000127998,0.000123063,0.002830255,0.002803165,0.010343764,0.009979911,0.508581199,0.491493425,3
108,MI,OMEPRAZOLE,GASTROESOPHAGEAL REFLUX DISEASE,Midwest,East North Central ,5,0.16348521800000002,0.07305549900000001,0.066039178,0.383721886,0.37408931100000004,0.023668741,0.024416487,0.014833057,0.01404231,0.000127998,0.000123063,0.002830255,0.002803165,0.010343764,0.009979911,0.508581199,0.491493425,1
109,MI,SIMVASTATIN,HIGH CHOLESTEROL,Midwest,East North Central ,4,0.17924306,0.07305549900000001,0.066039178,0.383721886,0.37408931100000004,0.023668741,0.024416487,0.014833057,0.01404231,0.000127998,0.000123063,0.002830255,0.002803165,0.010343764,0.009979911,0.508581199,0.491493425,2
110,KS,AMLODIPINE BESYLATE,HIGH BLOOD PRESSURE,Midwest,West North Central ,5,0.166800678,0.028197106,0.029974056000000002,0.388838035,0.37956714,0.054507969,0.058986200999999995,0.014184228,0.013295409,0.00035408,0.00040510599999999997,0.004019686,0.00395349,0.011990105,0.011872538,0.502091209,0.498053939,1
111,KS,HYDROCODONE/ACETAMINOPHEN,SEVERE PAIN RELIEF,Midwest,West North Central ,2,0.20112866699999998,0.028197106,0.029974056000000002,0.388838035,0.37956714,0.054507969,0.058986200999999995,0.014184228,0.013295409,0.00035408,0.00040510599999999997,0.004019686,0.00395349,0.011990105,0.011872538,0.502091209,0.498053939,4
112,KS,LEVOTHYROXINE SODIUM,HYPOTHYROIDISM,Midwest,West North Central ,1,0.258432294,0.028197106,0.029974056000000002,0.388838035,0.37956714,0.054507969,0.058986200999999995,0.014184228,0.013295409,0.00035408,0.00040510599999999997,0.004019686,0.00395349,0.011990105,0.011872538,0.502091209,0.498053939,5
113,KS,LISINOPRIL,HIGH BLOOD PRESSURE,Midwest,West North Central ,3,0.19264057199999998,0.028197106,0.029974056000000002,0.388838035,0.37956714,0.054507969,0.058986200999999995,0.014184228,0.013295409,0.00035408,0.00040510599999999997,0.004019686,0.00395349,0.011990105,0.011872538,0.502091209,0.498053939,3
114,KS,SIMVASTATIN,HIGH CHOLESTEROL,Midwest,West North Central ,4,0.18099779,0.028197106,0.029974056000000002,0.388838035,0.37956714,0.054507969,0.058986200999999995,0.014184228,0.013295409,0.00035408,0.00040510599999999997,0.004019686,0.00395349,0.011990105,0.011872538,0.502091209,0.498053939,2
115,NC,AMLODIPINE BESYLATE,HIGH BLOOD PRESSURE,South,South Atlantic,2,0.208291767,0.11403874800000001,0.10015708400000001,0.328085581,0.313526067,0.042222468,0.046277583,0.013627559,0.012595432,0.000308772,0.000317632,0.00589899,0.005509274000000001,0.009035943000000001,0.008505281,0.51321806,0.48688835399999997,4
116,NC,ATORVASTATIN CALCIUM,HIGH CHOLESTEROL,South,South Atlantic,5,0.167950712,0.11403874800000001,0.10015708400000001,0.328085581,0.313526067,0.042222468,0.046277583,0.013627559,0.012595432,0.000308772,0.000317632,0.00589899,0.005509274000000001,0.009035943000000001,0.008505281,0.51321806,0.48688835399999997,1
117,NC,LEVOTHYROXINE SODIUM,HYPOTHYROIDISM,South,South Atlantic,1,0.22684924,0.11403874800000001,0.10015708400000001,0.328085581,0.313526067,0.042222468,0.046277583,0.013627559,0.012595432,0.000308772,0.000317632,0.00589899,0.005509274000000001,0.009035943000000001,0.008505281,0.51321806,0.48688835399999997,5
118,NC,LISINOPRIL,HIGH BLOOD PRESSURE,South,South Atlantic,4,0.19197285,0.11403874800000001,0.10015708400000001,0.328085581,0.313526067,0.042222468,0.046277583,0.013627559,0.012595432,0.000308772,0.000317632,0.00589899,0.005509274000000001,0.009035943000000001,0.008505281,0.51321806,0.48688835399999997,2
119,NC,OMEPRAZOLE,GASTROESOPHAGEAL REFLUX DISEASE,South,South Atlantic,3,0.204935432,0.11403874800000001,0.10015708400000001,0.328085581,0.313526067,0.042222468,0.046277583,0.013627559,0.012595432,0.000308772,0.000317632,0.00589899,0.005509274000000001,0.009035943000000001,0.008505281,0.51321806,0.48688835399999997,3
120,WI,FUROSEMIDE,HIGH BLOOD PRESSURE,Midwest,East North Central ,5,0.181406111,0.032183464,0.030968135,0.41423466,0.407743685,0.030902412999999997,0.033189285,0.013611868000000001,0.012850331000000001,0.000158045,0.00017491,0.00438249,0.004361278,0.007772721,0.007544782,0.503245661,0.496832405,1
121,WI,LEVOTHYROXINE SODIUM,HYPOTHYROIDISM,Midwest,East North Central ,1,0.21958441899999998,0.032183464,0.030968135,0.41423466,0.407743685,0.030902412999999997,0.033189285,0.013611868000000001,0.012850331000000001,0.000158045,0.00017491,0.00438249,0.004361278,0.007772721,0.007544782,0.503245661,0.496832405,5
122,WI,LISINOPRIL,HIGH BLOOD PRESSURE,Midwest,East North Central ,2,0.205851267,0.032183464,0.030968135,0.41423466,0.407743685,0.030902412999999997,0.033189285,0.013611868000000001,0.012850331000000001,0.000158045,0.00017491,0.00438249,0.004361278,0.007772721,0.007544782,0.503245661,0.496832405,4
123,WI,OMEPRAZOLE,GASTROESOPHAGEAL REFLUX DISEASE,Midwest,East North Central ,3,0.200040411,0.032183464,0.030968135,0.41423466,0.407743685,0.030902412999999997,0.033189285,0.013611868000000001,0.012850331000000001,0.000158045,0.00017491,0.00438249,0.004361278,0.007772721,0.007544782,0.503245661,0.496832405,3
124,WI,SIMVASTATIN,HIGH CHOLESTEROL,Midwest,East North Central ,4,0.193117793,0.032183464,0.030968135,0.41423466,0.407743685,0.030902412999999997,0.033189285,0.013611868000000001,0.012850331000000001,0.000158045,0.00017491,0.00438249,0.004361278,0.007772721,0.007544782,0.503245661,0.496832405,2
125,NH,ATORVASTATIN CALCIUM,HIGH CHOLESTEROL,Northeast,New England ,3,0.189757934,0.00528372,0.006842961,0.46199284399999996,0.45001616200000005,0.016082158,0.016578655,0.01399267,0.012571428,0.000136499,0.00012599899999999998,0.0010042439999999998,0.001090494,0.007043959,0.007149709000000001,0.505536093,0.49437540700000004,3
126,NH,LEVOTHYROXINE SODIUM,HYPOTHYROIDISM,Northeast,New England ,1,0.237357149,0.00528372,0.006842961,0.46199284399999996,0.45001616200000005,0.016082158,0.016578655,0.01399267,0.012571428,0.000136499,0.00012599899999999998,0.0010042439999999998,0.001090494,0.007043959,0.007149709000000001,0.505536093,0.49437540700000004,5
127,NH,LISINOPRIL,HIGH BLOOD PRESSURE,Northeast,New England ,2,0.23555711199999999,0.00528372,0.006842961,0.46199284399999996,0.45001616200000005,0.016082158,0.016578655,0.01399267,0.012571428,0.000136499,0.00012599899999999998,0.0010042439999999998,0.001090494,0.007043959,0.007149709000000001,0.505536093,0.49437540700000004,4
128,NH,OMEPRAZOLE,GASTROESOPHAGEAL REFLUX DISEASE,Northeast,New England ,5,0.165106425,0.00528372,0.006842961,0.46199284399999996,0.45001616200000005,0.016082158,0.016578655,0.01399267,0.012571428,0.000136499,0.00012599899999999998,0.0010042439999999998,0.001090494,0.007043959,0.007149709000000001,0.505536093,0.49437540700000004,1
129,NH,SIMVASTATIN,HIGH CHOLESTEROL,Northeast,New England ,4,0.172221381,0.00528372,0.006842961,0.46199284399999996,0.45001616200000005,0.016082158,0.016578655,0.01399267,0.012571428,0.000136499,0.00012599899999999998,0.0010042439999999998,0.001090494,0.007043959,0.007149709000000001,0.505536093,0.49437540700000004,2
130,FL,AMLODIPINE BESYLATE,HIGH BLOOD PRESSURE,South,South Atlantic,3,0.196876639,0.081178234,0.074993836,0.283868702,0.273372585,0.12272513,0.11968757699999999,0.014138731000000002,0.012092415,0.00030837599999999996,0.00030505,0.0012685230000000001,0.0012850510000000002,0.007925159000000001,0.007577178,0.511412855,0.489313693,3
131,FL,LEVOTHYROXINE SODIUM,HYPOTHYROIDISM,South,South Atlantic,1,0.21823684899999998,0.081178234,0.074993836,0.283868702,0.273372585,0.12272513,0.11968757699999999,0.014138731000000002,0.012092415,0.00030837599999999996,0.00030505,0.0012685230000000001,0.0012850510000000002,0.007925159000000001,0.007577178,0.511412855,0.489313693,5
132,FL,LISINOPRIL,HIGH BLOOD PRESSURE,South,South Atlantic,2,0.21010820100000002,0.081178234,0.074993836,0.283868702,0.273372585,0.12272513,0.11968757699999999,0.014138731000000002,0.012092415,0.00030837599999999996,0.00030505,0.0012685230000000001,0.0012850510000000002,0.007925159000000001,0.007577178,0.511412855,0.489313693,4
133,FL,OMEPRAZOLE,GASTROESOPHAGEAL REFLUX DISEASE,South,South Atlantic,4,0.18960661199999998,0.081178234,0.074993836,0.283868702,0.273372585,0.12272513,0.11968757699999999,0.014138731000000002,0.012092415,0.00030837599999999996,0.00030505,0.0012685230000000001,0.0012850510000000002,0.007925159000000001,0.007577178,0.511412855,0.489313693,2
134,FL,SIMVASTATIN,HIGH CHOLESTEROL,South,South Atlantic,5,0.18517170000000002,0.081178234,0.074993836,0.283868702,0.273372585,0.12272513,0.11968757699999999,0.014138731000000002,0.012092415,0.00030837599999999996,0.00030505,0.0012685230000000001,0.0012850510000000002,0.007925159000000001,0.007577178,0.511412855,0.489313693,1
135,IA,FUROSEMIDE,HIGH BLOOD PRESSURE,Midwest,West North Central ,5,0.170231357,0.015456928,0.017483718,0.440562175,0.428901539,0.026634506000000002,0.029121199,0.011375689,0.01160146,0.000379822,0.000419702,0.0014681529999999998,0.001436635,0.00755399,0.007654011,0.5034312639999999,0.496618264,1
136,IA,LEVOTHYROXINE SODIUM,HYPOTHYROIDISM,Midwest,West North Central ,1,0.234669593,0.015456928,0.017483718,0.440562175,0.428901539,0.026634506000000002,0.029121199,0.011375689,0.01160146,0.000379822,0.000419702,0.0014681529999999998,0.001436635,0.00755399,0.007654011,0.5034312639999999,0.496618264,5
137,IA,LISINOPRIL,HIGH BLOOD PRESSURE,Midwest,West North Central ,4,0.185387926,0.015456928,0.017483718,0.440562175,0.428901539,0.026634506000000002,0.029121199,0.011375689,0.01160146,0.000379822,0.000419702,0.0014681529999999998,0.001436635,0.00755399,0.007654011,0.5034312639999999,0.496618264,2
138,IA,OMEPRAZOLE,GASTROESOPHAGEAL REFLUX DISEASE,Midwest,West North Central ,2,0.207414944,0.015456928,0.017483718,0.440562175,0.428901539,0.026634506000000002,0.029121199,0.011375689,0.01160146,0.000379822,0.000419702,0.0014681529999999998,0.001436635,0.00755399,0.007654011,0.5034312639999999,0.496618264,4
139,IA,SIMVASTATIN,HIGH CHOLESTEROL,Midwest,West North Central ,3,0.202296179,0.015456928,0.017483718,0.440562175,0.428901539,0.026634506000000002,0.029121199,0.011375689,0.01160146,0.000379822,0.000419702,0.0014681529999999998,0.001436635,0.00755399,0.007654011,0.5034312639999999,0.496618264,3
140,UT,HYDROCODONE/ACETAMINOPHEN,SEVERE PAIN RELIEF,West,Mountain,3,0.20366068199999998,0.004349175,0.00588584,0.396793331,0.39863372,0.065600932,0.069132232,0.01180573,0.010434206,0.004372669,0.0047519829999999996,0.0049321059999999995,0.004705335,0.009308181,0.009471619,0.49716212299999996,0.503014935,3
141,UT,LEVOTHYROXINE SODIUM,HYPOTHYROIDISM,West,Mountain,1,0.24270087,0.004349175,0.00588584,0.396793331,0.39863372,0.065600932,0.069132232,0.01180573,0.010434206,0.004372669,0.0047519829999999996,0.0049321059999999995,0.004705335,0.009308181,0.009471619,0.49716212299999996,0.503014935,5
142,UT,LISINOPRIL,HIGH BLOOD PRESSURE,West,Mountain,5,0.169408632,0.004349175,0.00588584,0.396793331,0.39863372,0.065600932,0.069132232,0.01180573,0.010434206,0.004372669,0.0047519829999999996,0.0049321059999999995,0.004705335,0.009308181,0.009471619,0.49716212299999996,0.503014935,1
143,UT,OMEPRAZOLE,GASTROESOPHAGEAL REFLUX DISEASE,West,Mountain,2,0.21264083600000003,0.004349175,0.00588584,0.396793331,0.39863372,0.065600932,0.069132232,0.01180573,0.010434206,0.004372669,0.0047519829999999996,0.0049321059999999995,0.004705335,0.009308181,0.009471619,0.49716212299999996,0.503014935,4
144,UT,SIMVASTATIN,HIGH CHOLESTEROL,West,Mountain,4,0.17158897899999997,0.004349175,0.00588584,0.396793331,0.39863372,0.065600932,0.069132232,0.01180573,0.010434206,0.004372669,0.0047519829999999996,0.0049321059999999995,0.004705335,0.009308181,0.009471619,0.49716212299999996,0.503014935,2
145,NE,AMLODIPINE BESYLATE,HIGH BLOOD PRESSURE,Midwest,West North Central ,4,0.180265171,0.022691173999999998,0.023829351000000002,0.406667089,0.39791658799999996,0.048441964000000004,0.053289990999999995,0.011122102,0.010401629,0.000279888,0.00030809,0.004200985,0.004031775,0.008639823,0.008286503,0.502043025,0.498063928,2
146,NE,LEVOTHYROXINE SODIUM,HYPOTHYROIDISM,Midwest,West North Central ,1,0.263854391,0.022691173999999998,0.023829351000000002,0.406667089,0.39791658799999996,0.048441964000000004,0.053289990999999995,0.011122102,0.010401629,0.000279888,0.00030809,0.004200985,0.004031775,0.008639823,0.008286503,0.502043025,0.498063928,5
147,NE,LISINOPRIL,HIGH BLOOD PRESSURE,Midwest,West North Central ,5,0.170282038,0.022691173999999998,0.023829351000000002,0.406667089,0.39791658799999996,0.048441964000000004,0.053289990999999995,0.011122102,0.010401629,0.000279888,0.00030809,0.004200985,0.004031775,0.008639823,0.008286503,0.502043025,0.498063928,1
148,NE,OMEPRAZOLE,GASTROESOPHAGEAL REFLUX DISEASE,Midwest,West North Central ,2,0.203591574,0.022691173999999998,0.023829351000000002,0.406667089,0.39791658799999996,0.048441964000000004,0.053289990999999995,0.011122102,0.010401629,0.000279888,0.00030809,0.004200985,0.004031775,0.008639823,0.008286503,0.502043025,0.498063928,4
149,NE,SIMVASTATIN,HIGH CHOLESTEROL,Midwest,West North Central ,3,0.182006825,0.022691173999999998,0.023829351000000002,0.406667089,0.39791658799999996,0.048441964000000004,0.053289990999999995,0.011122102,0.010401629,0.000279888,0.00030809,0.004200985,0.004031775,0.008639823,0.008286503,0.502043025,0.498063928,3
150,OK,AMLODIPINE BESYLATE,HIGH BLOOD PRESSURE,South,West South Central ,5,0.150603198,0.036855366,0.036886566,0.34004471700000005,0.32972700899999996,0.046977363,0.051855674000000004,0.010799376000000001,0.00977828,0.000682535,0.0007142510000000001,0.042084355,0.040788905,0.027072443999999998,0.025779572,0.5045161570000001,0.49553025700000003,1
151,OK,HYDROCODONE/ACETAMINOPHEN,SEVERE PAIN RELIEF,South,West South Central ,1,0.265303563,0.036855366,0.036886566,0.34004471700000005,0.32972700899999996,0.046977363,0.051855674000000004,0.010799376000000001,0.00977828,0.000682535,0.0007142510000000001,0.042084355,0.040788905,0.027072443999999998,0.025779572,0.5045161570000001,0.49553025700000003,5
152,OK,LEVOTHYROXINE SODIUM,HYPOTHYROIDISM,South,West South Central ,2,0.212251405,0.036855366,0.036886566,0.34004471700000005,0.32972700899999996,0.046977363,0.051855674000000004,0.010799376000000001,0.00977828,0.000682535,0.0007142510000000001,0.042084355,0.040788905,0.027072443999999998,0.025779572,0.5045161570000001,0.49553025700000003,4
153,OK,LISINOPRIL,HIGH BLOOD PRESSURE,South,West South Central ,3,0.200956944,0.036855366,0.036886566,0.34004471700000005,0.32972700899999996,0.046977363,0.051855674000000004,0.010799376000000001,0.00977828,0.000682535,0.0007142510000000001,0.042084355,0.040788905,0.027072443999999998,0.025779572,0.5045161570000001,0.49553025700000003,3
154,OK,OMEPRAZOLE,GASTROESOPHAGEAL REFLUX DISEASE,South,West South Central ,4,0.170884891,0.036855366,0.036886566,0.34004471700000005,0.32972700899999996,0.046977363,0.051855674000000004,0.010799376000000001,0.00977828,0.000682535,0.0007142510000000001,0.042084355,0.040788905,0.027072443999999998,0.025779572,0.5045161570000001,0.49553025700000003,2
155,IN,AMLODIPINE BESYLATE,HIGH BLOOD PRESSURE,Midwest,East North Central ,4,0.175148174,0.04794041,0.044460241,0.40807905299999997,0.394984321,0.031266474,0.033811349,0.010193301,0.009887097,0.000169254,0.000161064,0.001139431,0.00111471,0.008546261,0.008230199,0.507334184,0.49264898100000004,2
156,IN,HYDROCODONE/ACETAMINOPHEN,SEVERE PAIN RELIEF,Midwest,East North Central ,1,0.241132955,0.04794041,0.044460241,0.40807905299999997,0.394984321,0.031266474,0.033811349,0.010193301,0.009887097,0.000169254,0.000161064,0.001139431,0.00111471,0.008546261,0.008230199,0.507334184,0.49264898100000004,5
157,IN,LEVOTHYROXINE SODIUM,HYPOTHYROIDISM,Midwest,East North Central ,2,0.229533723,0.04794041,0.044460241,0.40807905299999997,0.394984321,0.031266474,0.033811349,0.010193301,0.009887097,0.000169254,0.000161064,0.001139431,0.00111471,0.008546261,0.008230199,0.507334184,0.49264898100000004,4
158,IN,LISINOPRIL,HIGH BLOOD PRESSURE,Midwest,East North Central ,3,0.192015285,0.04794041,0.044460241,0.40807905299999997,0.394984321,0.031266474,0.033811349,0.010193301,0.009887097,0.000169254,0.000161064,0.001139431,0.00111471,0.008546261,0.008230199,0.507334184,0.49264898100000004,3
159,IN,OMEPRAZOLE,GASTROESOPHAGEAL REFLUX DISEASE,Midwest,East North Central ,5,0.162169863,0.04794041,0.044460241,0.40807905299999997,0.394984321,0.031266474,0.033811349,0.010193301,0.009887097,0.000169254,0.000161064,0.001139431,0.00111471,0.008546261,0.008230199,0.507334184,0.49264898100000004,1
160,OH,AMLODIPINE BESYLATE,HIGH BLOOD PRESSURE,Midwest,East North Central ,4,0.183310256,0.064466891,0.05891758,0.407804304,0.39245554899999996,0.016945452,0.017905143000000002,0.010539616000000002,0.00968266,0.000170478,0.000167461,0.0009421939999999999,0.000950899,0.009691537,0.009383764000000001,0.510560473,0.489463056,2
161,OH,ATORVASTATIN CALCIUM,HIGH CHOLESTEROL,Midwest,East North Central ,3,0.19307366399999998,0.064466891,0.05891758,0.407804304,0.39245554899999996,0.016945452,0.017905143000000002,0.010539616000000002,0.00968266,0.000170478,0.000167461,0.0009421939999999999,0.000950899,0.009691537,0.009383764000000001,0.510560473,0.489463056,3
162,OH,LEVOTHYROXINE SODIUM,HYPOTHYROIDISM,Midwest,East North Central ,1,0.226263541,0.064466891,0.05891758,0.407804304,0.39245554899999996,0.016945452,0.017905143000000002,0.010539616000000002,0.00968266,0.000170478,0.000167461,0.0009421939999999999,0.000950899,0.009691537,0.009383764000000001,0.510560473,0.489463056,5
163,OH,LISINOPRIL,HIGH BLOOD PRESSURE,Midwest,East North Central ,2,0.22186728100000003,0.064466891,0.05891758,0.407804304,0.39245554899999996,0.016945452,0.017905143000000002,0.010539616000000002,0.00968266,0.000170478,0.000167461,0.0009421939999999999,0.000950899,0.009691537,0.009383764000000001,0.510560473,0.489463056,4
164,OH,OMEPRAZOLE,GASTROESOPHAGEAL REFLUX DISEASE,Midwest,East North Central ,5,0.175485258,0.064466891,0.05891758,0.407804304,0.39245554899999996,0.016945452,0.017905143000000002,0.010539616000000002,0.00968266,0.000170478,0.000167461,0.0009421939999999999,0.000950899,0.009691537,0.009383764000000001,0.510560473,0.489463056,1
165,MO,AMLODIPINE BESYLATE,HIGH BLOOD PRESSURE,Midwest,West North Central ,4,0.184143959,0.060855137000000004,0.055114905,0.407655986,0.39420993600000004,0.018819385,0.020216796000000002,0.009772626,0.008782897,0.000558931,0.000576764,0.002075393,0.002121792,0.009709551,0.009544926,0.50944701,0.490568016,2
166,MO,HYDROCODONE/ACETAMINOPHEN,SEVERE PAIN RELIEF,Midwest,West North Central ,3,0.194369097,0.060855137000000004,0.055114905,0.407655986,0.39420993600000004,0.018819385,0.020216796000000002,0.009772626,0.008782897,0.000558931,0.000576764,0.002075393,0.002121792,0.009709551,0.009544926,0.50944701,0.490568016,3
167,MO,LEVOTHYROXINE SODIUM,HYPOTHYROIDISM,Midwest,West North Central ,2,0.228571955,0.060855137000000004,0.055114905,0.407655986,0.39420993600000004,0.018819385,0.020216796000000002,0.009772626,0.008782897,0.000558931,0.000576764,0.002075393,0.002121792,0.009709551,0.009544926,0.50944701,0.490568016,4
168,MO,LISINOPRIL,HIGH BLOOD PRESSURE,Midwest,West North Central ,1,0.230813479,0.060855137000000004,0.055114905,0.407655986,0.39420993600000004,0.018819385,0.020216796000000002,0.009772626,0.008782897,0.000558931,0.000576764,0.002075393,0.002121792,0.009709551,0.009544926,0.50944701,0.490568016,5
169,MO,OMEPRAZOLE,GASTROESOPHAGEAL REFLUX DISEASE,Midwest,West North Central ,5,0.16210151,0.060855137000000004,0.055114905,0.407655986,0.39420993600000004,0.018819385,0.020216796000000002,0.009772626,0.008782897,0.000558931,0.000576764,0.002075393,0.002121792,0.009709551,0.009544926,0.50944701,0.490568016,1
170,LA,AMLODIPINE BESYLATE,HIGH BLOOD PRESSURE,South,West South Central ,2,0.21964096100000002,0.168590183,0.152429806,0.30126423,0.292775451,0.022034822000000003,0.026048377,0.008390156999999999,0.008179564,0.000188845,0.000189491,0.003200034,0.0031281140000000004,0.006952608000000001,0.006669446999999999,0.510620879,0.489420249,4
171,LA,ATORVASTATIN CALCIUM,HIGH CHOLESTEROL,South,West South Central ,5,0.16107764800000002,0.168590183,0.152429806,0.30126423,0.292775451,0.022034822000000003,0.026048377,0.008390156999999999,0.008179564,0.000188845,0.000189491,0.003200034,0.0031281140000000004,0.006952608000000001,0.006669446999999999,0.510620879,0.489420249,1
172,LA,HYDROCODONE/ACETAMINOPHEN,SEVERE PAIN RELIEF,South,West South Central ,1,0.239732633,0.168590183,0.152429806,0.30126423,0.292775451,0.022034822000000003,0.026048377,0.008390156999999999,0.008179564,0.000188845,0.000189491,0.003200034,0.0031281140000000004,0.006952608000000001,0.006669446999999999,0.510620879,0.489420249,5
173,LA,LEVOTHYROXINE SODIUM,HYPOTHYROIDISM,South,West South Central ,3,0.208701773,0.168590183,0.152429806,0.30126423,0.292775451,0.022034822000000003,0.026048377,0.008390156999999999,0.008179564,0.000188845,0.000189491,0.003200034,0.0031281140000000004,0.006952608000000001,0.006669446999999999,0.510620879,0.489420249,3
174,LA,LISINOPRIL,HIGH BLOOD PRESSURE,South,West South Central ,4,0.170846985,0.168590183,0.152429806,0.30126423,0.292775451,0.022034822000000003,0.026048377,0.008390156999999999,0.008179564,0.000188845,0.000189491,0.003200034,0.0031281140000000004,0.006952608000000001,0.006669446999999999,0.510620879,0.489420249,2
175,TN,AMLODIPINE BESYLATE,HIGH BLOOD PRESSURE,South,East South Central ,5,0.17286658600000002,0.088474892,0.079289607,0.38187874,0.364573414,0.023555227999999998,0.026738731,0.008732923,0.007761393,0.000245214,0.000249036,0.0013139739999999999,0.001358767,0.008053998,0.007713389,0.5122549710000001,0.487684337,1
176,TN,HYDROCODONE/ACETAMINOPHEN,SEVERE PAIN RELIEF,South,East South Central ,1,0.256557028,0.088474892,0.079289607,0.38187874,0.364573414,0.023555227999999998,0.026738731,0.008732923,0.007761393,0.000245214,0.000249036,0.0013139739999999999,0.001358767,0.008053998,0.007713389,0.5122549710000001,0.487684337,5
177,TN,LEVOTHYROXINE SODIUM,HYPOTHYROIDISM,South,East South Central ,2,0.206009147,0.088474892,0.079289607,0.38187874,0.364573414,0.023555227999999998,0.026738731,0.008732923,0.007761393,0.000245214,0.000249036,0.0013139739999999999,0.001358767,0.008053998,0.007713389,0.5122549710000001,0.487684337,4
178,TN,LISINOPRIL,HIGH BLOOD PRESSURE,South,East South Central ,3,0.19069078899999997,0.088474892,0.079289607,0.38187874,0.364573414,0.023555227999999998,0.026738731,0.008732923,0.007761393,0.000245214,0.000249036,0.0013139739999999999,0.001358767,0.008053998,0.007713389,0.5122549710000001,0.487684337,3
179,TN,OMEPRAZOLE,GASTROESOPHAGEAL REFLUX DISEASE,South,East South Central ,4,0.173876449,0.088474892,0.079289607,0.38187874,0.364573414,0.023555227999999998,0.026738731,0.008732923,0.007761393,0.000245214,0.000249036,0.0013139739999999999,0.001358767,0.008053998,0.007713389,0.5122549710000001,0.487684337,2
180,NM,HYDROCODONE/ACETAMINOPHEN,SEVERE PAIN RELIEF,West,Mountain,5,0.15563997,0.007744663000000001,0.010068588,0.195420297,0.19145057699999998,0.241198181,0.23814731100000003,0.007998304,0.00646258,0.000305805,0.000322555,0.045132295,0.041769877999999996,0.007176603,0.007172774,0.504976148,0.49539426299999995,1
181,NM,LEVOTHYROXINE SODIUM,HYPOTHYROIDISM,West,Mountain,1,0.275766623,0.007744663000000001,0.010068588,0.195420297,0.19145057699999998,0.241198181,0.23814731100000003,0.007998304,0.00646258,0.000305805,0.000322555,0.045132295,0.041769877999999996,0.007176603,0.007172774,0.504976148,0.49539426299999995,5
182,NM,LISINOPRIL,HIGH BLOOD PRESSURE,West,Mountain,2,0.248516198,0.007744663000000001,0.010068588,0.195420297,0.19145057699999998,0.241198181,0.23814731100000003,0.007998304,0.00646258,0.000305805,0.000322555,0.045132295,0.041769877999999996,0.007176603,0.007172774,0.504976148,0.49539426299999995,4
183,NM,OMEPRAZOLE,GASTROESOPHAGEAL REFLUX DISEASE,West,Mountain,4,0.156871321,0.007744663000000001,0.010068588,0.195420297,0.19145057699999998,0.241198181,0.23814731100000003,0.007998304,0.00646258,0.000305805,0.000322555,0.045132295,0.041769877999999996,0.007176603,0.007172774,0.504976148,0.49539426299999995,2
184,NM,SIMVASTATIN,HIGH CHOLESTEROL,West,Mountain,3,0.16320588800000002,0.007744663000000001,0.010068588,0.195420297,0.19145057699999998,0.241198181,0.23814731100000003,0.007998304,0.00646258,0.000305805,0.000322555,0.045132295,0.041769877999999996,0.007176603,0.007172774,0.504976148,0.49539426299999995,3
185,AR,AMLODIPINE BESYLATE,HIGH BLOOD PRESSURE,South,West South Central ,4,0.18352151100000003,0.080756098,0.073227602,0.37356507,0.360509498,0.033290849,0.03706487,0.00762791,0.006991324,0.001221948,0.001288337,0.0036853909999999997,0.003564409,0.008797624,0.008521624,0.508944892,0.491167665,2
186,AR,HYDROCODONE/ACETAMINOPHEN,SEVERE PAIN RELIEF,South,West South Central ,1,0.23838558899999998,0.080756098,0.073227602,0.37356507,0.360509498,0.033290849,0.03706487,0.00762791,0.006991324,0.001221948,0.001288337,0.0036853909999999997,0.003564409,0.008797624,0.008521624,0.508944892,0.491167665,5
187,AR,LEVOTHYROXINE SODIUM,HYPOTHYROIDISM,South,West South Central ,2,0.204467829,0.080756098,0.073227602,0.37356507,0.360509498,0.033290849,0.03706487,0.00762791,0.006991324,0.001221948,0.001288337,0.0036853909999999997,0.003564409,0.008797624,0.008521624,0.508944892,0.491167665,4
188,AR,LISINOPRIL,HIGH BLOOD PRESSURE,South,West South Central ,3,0.202515683,0.080756098,0.073227602,0.37356507,0.360509498,0.033290849,0.03706487,0.00762791,0.006991324,0.001221948,0.001288337,0.0036853909999999997,0.003564409,0.008797624,0.008521624,0.508944892,0.491167665,3
189,AR,OMEPRAZOLE,GASTROESOPHAGEAL REFLUX DISEASE,South,West South Central ,5,0.17110938899999997,0.080756098,0.073227602,0.37356507,0.360509498,0.033290849,0.03706487,0.00762791,0.006991324,0.001221948,0.001288337,0.0036853909999999997,0.003564409,0.008797624,0.008521624,0.508944892,0.491167665,1
190,SC,AMLODIPINE BESYLATE,HIGH BLOOD PRESSURE,South,South Atlantic,2,0.21733418399999999,0.145243704,0.127884531,0.326539192,0.312715748,0.024674223,0.028679516000000002,0.007877698,0.006890886999999999,0.000254995,0.00029708,0.001835345,0.001827052,0.007864845,0.00745167,0.5142900029999999,0.485746484,4
191,SC,ATORVASTATIN CALCIUM,HIGH CHOLESTEROL,South,South Atlantic,5,0.171796542,0.145243704,0.127884531,0.326539192,0.312715748,0.024674223,0.028679516000000002,0.007877698,0.006890886999999999,0.000254995,0.00029708,0.001835345,0.001827052,0.007864845,0.00745167,0.5142900029999999,0.485746484,1
192,SC,HYDROCODONE/ACETAMINOPHEN,SEVERE PAIN RELIEF,South,South Atlantic,1,0.221877598,0.145243704,0.127884531,0.326539192,0.312715748,0.024674223,0.028679516000000002,0.007877698,0.006890886999999999,0.000254995,0.00029708,0.001835345,0.001827052,0.007864845,0.00745167,0.5142900029999999,0.485746484,5
193,SC,LEVOTHYROXINE SODIUM,HYPOTHYROIDISM,South,South Atlantic,3,0.21374400000000002,0.145243704,0.127884531,0.326539192,0.312715748,0.024674223,0.028679516000000002,0.007877698,0.006890886999999999,0.000254995,0.00029708,0.001835345,0.001827052,0.007864845,0.00745167,0.5142900029999999,0.485746484,3
194,SC,LISINOPRIL,HIGH BLOOD PRESSURE,South,South Atlantic,4,0.175247675,0.145243704,0.127884531,0.326539192,0.312715748,0.024674223,0.028679516000000002,0.007877698,0.006890886999999999,0.000254995,0.00029708,0.001835345,0.001827052,0.007864845,0.00745167,0.5142900029999999,0.485746484,2
195,VT,ATORVASTATIN CALCIUM,HIGH CHOLESTEROL,Northeast,New England ,5,0.13950059199999998,0.004881529,0.006261856,0.474512727,0.461680321,0.008529879,0.008888156999999999,0.008347542,0.00662973,0.000123158,0.000137553,0.001533875,0.0016538339999999999,0.00861625,0.008209989000000001,0.506544959,0.493461439,1
196,VT,LEVOTHYROXINE SODIUM,HYPOTHYROIDISM,Northeast,New England ,3,0.211773913,0.004881529,0.006261856,0.474512727,0.461680321,0.008529879,0.008888156999999999,0.008347542,0.00662973,0.000123158,0.000137553,0.001533875,0.0016538339999999999,0.00861625,0.008209989000000001,0.506544959,0.493461439,3
197,VT,LISINOPRIL,HIGH BLOOD PRESSURE,Northeast,New England ,1,0.225854505,0.004881529,0.006261856,0.474512727,0.461680321,0.008529879,0.008888156999999999,0.008347542,0.00662973,0.000123158,0.000137553,0.001533875,0.0016538339999999999,0.00861625,0.008209989000000001,0.506544959,0.493461439,5
198,VT,OMEPRAZOLE,GASTROESOPHAGEAL REFLUX DISEASE,Northeast,New England ,2,0.21226341,0.004881529,0.006261856,0.474512727,0.461680321,0.008529879,0.008888156999999999,0.008347542,0.00662973,0.000123158,0.000137553,0.001533875,0.0016538339999999999,0.00861625,0.008209989000000001,0.506544959,0.493461439,4
199,VT,SIMVASTATIN,HIGH CHOLESTEROL,Northeast,New England ,4,0.21060758100000002,0.004881529,0.006261856,0.474512727,0.461680321,0.008529879,0.008888156999999999,0.008347542,0.00662973,0.000123158,0.000137553,0.001533875,0.0016538339999999999,0.00861625,0.008209989000000001,0.506544959,0.493461439,2
200,ND,FUROSEMIDE,HIGH BLOOD PRESSURE,Midwest,West North Central ,3,0.19385633800000002,0.008116344000000001,0.012042293999999999,0.423842658,0.44215969299999996,0.014467027,0.017024658,0.0062340569999999994,0.006503924,0.000229183,0.000272579,0.026056378999999998,0.025371541,0.00878762,0.008866275,0.48773326899999997,0.512240965,3
201,ND,LEVOTHYROXINE SODIUM,HYPOTHYROIDISM,Midwest,West North Central ,1,0.23126311300000002,0.008116344000000001,0.012042293999999999,0.423842658,0.44215969299999996,0.014467027,0.017024658,0.0062340569999999994,0.006503924,0.000229183,0.000272579,0.026056378999999998,0.025371541,0.00878762,0.008866275,0.48773326899999997,0.512240965,5
202,ND,LISINOPRIL,HIGH BLOOD PRESSURE,Midwest,West North Central ,4,0.19139075600000002,0.008116344000000001,0.012042293999999999,0.423842658,0.44215969299999996,0.014467027,0.017024658,0.0062340569999999994,0.006503924,0.000229183,0.000272579,0.026056378999999998,0.025371541,0.00878762,0.008866275,0.48773326899999997,0.512240965,2
203,ND,OMEPRAZOLE,GASTROESOPHAGEAL REFLUX DISEASE,Midwest,West North Central ,5,0.179962557,0.008116344000000001,0.012042293999999999,0.423842658,0.44215969299999996,0.014467027,0.017024658,0.0062340569999999994,0.006503924,0.000229183,0.000272579,0.026056378999999998,0.025371541,0.00878762,0.008866275,0.48773326899999997,0.512240965,1
204,ND,SIMVASTATIN,HIGH CHOLESTEROL,Midwest,West North Central ,2,0.20352723600000003,0.008116344000000001,0.012042293999999999,0.423842658,0.44215969299999996,0.014467027,0.017024658,0.0062340569999999994,0.006503924,0.000229183,0.000272579,0.026056378999999998,0.025371541,0.00878762,0.008866275,0.48773326899999997,0.512240965,4
205,KY,AMLODIPINE BESYLATE,HIGH BLOOD PRESSURE,South,East South Central ,5,0.16337547800000002,0.040190977,0.039511602,0.43517945700000005,0.418604419,0.015424698,0.01865394,0.007078733,0.0063939209999999995,0.000271388,0.000287472,0.001028691,0.0010443219999999999,0.008295221,0.008065515,0.507469165,0.492561191,1
206,KY,HYDROCODONE/ACETAMINOPHEN,SEVERE PAIN RELIEF,South,East South Central ,1,0.23888864199999998,0.040190977,0.039511602,0.43517945700000005,0.418604419,0.015424698,0.01865394,0.007078733,0.0063939209999999995,0.000271388,0.000287472,0.001028691,0.0010443219999999999,0.008295221,0.008065515,0.507469165,0.492561191,5
207,KY,LEVOTHYROXINE SODIUM,HYPOTHYROIDISM,South,East South Central ,3,0.212183747,0.040190977,0.039511602,0.43517945700000005,0.418604419,0.015424698,0.01865394,0.007078733,0.0063939209999999995,0.000271388,0.000287472,0.001028691,0.0010443219999999999,0.008295221,0.008065515,0.507469165,0.492561191,3
208,KY,LISINOPRIL,HIGH BLOOD PRESSURE,South,East South Central ,2,0.212412718,0.040190977,0.039511602,0.43517945700000005,0.418604419,0.015424698,0.01865394,0.007078733,0.0063939209999999995,0.000271388,0.000287472,0.001028691,0.0010443219999999999,0.008295221,0.008065515,0.507469165,0.492561191,4
209,KY,OMEPRAZOLE,GASTROESOPHAGEAL REFLUX DISEASE,South,East South Central ,4,0.173139414,0.040190977,0.039511602,0.43517945700000005,0.418604419,0.015424698,0.01865394,0.007078733,0.0063939209999999995,0.000271388,0.000287472,0.001028691,0.0010443219999999999,0.008295221,0.008065515,0.507469165,0.492561191,2
210,AL,AMLODIPINE BESYLATE,HIGH BLOOD PRESSURE,South,East South Central ,4,0.175900002,0.140869954,0.1228785,0.338415535,0.324213583,0.018697389,0.021786324,0.007013715,0.006120039,0.000237102,0.000235243,0.002813417,0.002721303,0.007258459,0.006880294,0.515305571,0.484835285,2
211,AL,HYDROCODONE/ACETAMINOPHEN,SEVERE PAIN RELIEF,South,East South Central ,1,0.301444705,0.140869954,0.1228785,0.338415535,0.324213583,0.018697389,0.021786324,0.007013715,0.006120039,0.000237102,0.000235243,0.002813417,0.002721303,0.007258459,0.006880294,0.515305571,0.484835285,5
212,AL,LEVOTHYROXINE SODIUM,HYPOTHYROIDISM,South,East South Central ,3,0.182165993,0.140869954,0.1228785,0.338415535,0.324213583,0.018697389,0.021786324,0.007013715,0.006120039,0.000237102,0.000235243,0.002813417,0.002721303,0.007258459,0.006880294,0.515305571,0.484835285,3
213,AL,LISINOPRIL,HIGH BLOOD PRESSURE,South,East South Central ,5,0.15115699800000001,0.140869954,0.1228785,0.338415535,0.324213583,0.018697389,0.021786324,0.007013715,0.006120039,0.000237102,0.000235243,0.002813417,0.002721303,0.007258459,0.006880294,0.515305571,0.484835285,1
214,AL,OMEPRAZOLE,GASTROESOPHAGEAL REFLUX DISEASE,South,East South Central ,2,0.18933230199999998,0.140869954,0.1228785,0.338415535,0.324213583,0.018697389,0.021786324,0.007013715,0.006120039,0.000237102,0.000235243,0.002813417,0.002721303,0.007258459,0.006880294,0.515305571,0.484835285,4
215,ID,HYDROCODONE/ACETAMINOPHEN,SEVERE PAIN RELIEF,West,Mountain,2,0.236203529,0.0027208429999999997,0.00384339,0.415450319,0.413649706,0.058276807,0.062230552,0.007168729,0.005816277,0.000753474,0.0008601489999999999,0.005593117,0.0055673680000000005,0.009120772,0.009173496,0.49908406,0.501140939,4
216,ID,LEVOTHYROXINE SODIUM,HYPOTHYROIDISM,West,Mountain,1,0.247240483,0.0027208429999999997,0.00384339,0.415450319,0.413649706,0.058276807,0.062230552,0.007168729,0.005816277,0.000753474,0.0008601489999999999,0.005593117,0.0055673680000000005,0.009120772,0.009173496,0.49908406,0.501140939,5
217,ID,LISINOPRIL,HIGH BLOOD PRESSURE,West,Mountain,4,0.181252143,0.0027208429999999997,0.00384339,0.415450319,0.413649706,0.058276807,0.062230552,0.007168729,0.005816277,0.000753474,0.0008601489999999999,0.005593117,0.0055673680000000005,0.009120772,0.009173496,0.49908406,0.501140939,2
218,ID,OMEPRAZOLE,GASTROESOPHAGEAL REFLUX DISEASE,West,Mountain,3,0.192300262,0.0027208429999999997,0.00384339,0.415450319,0.413649706,0.058276807,0.062230552,0.007168729,0.005816277,0.000753474,0.0008601489999999999,0.005593117,0.0055673680000000005,0.009120772,0.009173496,0.49908406,0.501140939,3
219,ID,SIMVASTATIN,HIGH CHOLESTEROL,West,Mountain,5,0.14300358300000002,0.0027208429999999997,0.00384339,0.415450319,0.413649706,0.058276807,0.062230552,0.007168729,0.005816277,0.000753474,0.0008601489999999999,0.005593117,0.0055673680000000005,0.009120772,0.009173496,0.49908406,0.501140939,1
220,SD,FUROSEMIDE,HIGH BLOOD PRESSURE,Midwest,West North Central ,5,0.168171636,0.006771645,0.01030821,0.414430552,0.416469111,0.016195419,0.019319797,0.006260533,0.005984956,0.00021433700000000002,0.000239069,0.042902786,0.041418912999999995,0.009799453,0.009636934,0.496574725,0.50337699,1
221,SD,LEVOTHYROXINE SODIUM,HYPOTHYROIDISM,Midwest,West North Central ,1,0.260903445,0.006771645,0.01030821,0.414430552,0.416469111,0.016195419,0.019319797,0.006260533,0.005984956,0.00021433700000000002,0.000239069,0.042902786,0.041418912999999995,0.009799453,0.009636934,0.496574725,0.50337699,5
222,SD,LISINOPRIL,HIGH BLOOD PRESSURE,Midwest,West North Central ,3,0.188133849,0.006771645,0.01030821,0.414430552,0.416469111,0.016195419,0.019319797,0.006260533,0.005984956,0.00021433700000000002,0.000239069,0.042902786,0.041418912999999995,0.009799453,0.009636934,0.496574725,0.50337699,3
223,SD,OMEPRAZOLE,GASTROESOPHAGEAL REFLUX DISEASE,Midwest,West North Central ,2,0.20674109300000001,0.006771645,0.01030821,0.414430552,0.416469111,0.016195419,0.019319797,0.006260533,0.005984956,0.00021433700000000002,0.000239069,0.042902786,0.041418912999999995,0.009799453,0.009636934,0.496574725,0.50337699,4
224,SD,SIMVASTATIN,HIGH CHOLESTEROL,Midwest,West North Central ,4,0.176049977,0.006771645,0.01030821,0.414430552,0.416469111,0.016195419,0.019319797,0.006260533,0.005984956,0.00021433700000000002,0.000239069,0.042902786,0.041418912999999995,0.009799453,0.009636934,0.496574725,0.50337699,2
225,ME,ATORVASTATIN CALCIUM,HIGH CHOLESTEROL,Northeast,New England ,3,0.18495701399999998,0.006166043,0.007664713,0.479119708,0.45859754799999997,0.007482828,0.00767749,0.006450895,0.005059703,0.000134535,0.000136789,0.003250626,0.003135633,0.007731604,0.007577528,0.510336239,0.489849404,3
226,ME,LEVOTHYROXINE SODIUM,HYPOTHYROIDISM,Northeast,New England ,2,0.23001082899999997,0.006166043,0.007664713,0.479119708,0.45859754799999997,0.007482828,0.00767749,0.006450895,0.005059703,0.000134535,0.000136789,0.003250626,0.003135633,0.007731604,0.007577528,0.510336239,0.489849404,4
227,ME,LISINOPRIL,HIGH BLOOD PRESSURE,Northeast,New England ,1,0.23017769100000002,0.006166043,0.007664713,0.479119708,0.45859754799999997,0.007482828,0.00767749,0.006450895,0.005059703,0.000134535,0.000136789,0.003250626,0.003135633,0.007731604,0.007577528,0.510336239,0.489849404,5
228,ME,OMEPRAZOLE,GASTROESOPHAGEAL REFLUX DISEASE,Northeast,New England ,4,0.182662939,0.006166043,0.007664713,0.479119708,0.45859754799999997,0.007482828,0.00767749,0.006450895,0.005059703,0.000134535,0.000136789,0.003250626,0.003135633,0.007731604,0.007577528,0.510336239,0.489849404,2
229,ME,SIMVASTATIN,HIGH CHOLESTEROL,Northeast,New England ,5,0.17219152699999998,0.006166043,0.007664713,0.479119708,0.45859754799999997,0.007482828,0.00767749,0.006450895,0.005059703,0.000134535,0.000136789,0.003250626,0.003135633,0.007731604,0.007577528,0.510336239,0.489849404,1
230,MS,AMLODIPINE BESYLATE,HIGH BLOOD PRESSURE,South,East South Central ,2,0.219788651,0.197052435,0.175236786,0.29109557399999997,0.281338573,0.012924733,0.016791352,0.005224266,0.004642417,0.000161179,0.000179905,0.002507969,0.0023451179999999998,0.005407849,0.005143677,0.514374004,0.485677827,4
231,MS,HYDROCODONE/ACETAMINOPHEN,SEVERE PAIN RELIEF,South,East South Central ,1,0.25532314899999997,0.197052435,0.175236786,0.29109557399999997,0.281338573,0.012924733,0.016791352,0.005224266,0.004642417,0.000161179,0.000179905,0.002507969,0.0023451179999999998,0.005407849,0.005143677,0.514374004,0.485677827,5
232,MS,LEVOTHYROXINE SODIUM,HYPOTHYROIDISM,South,East South Central ,4,0.171912975,0.197052435,0.175236786,0.29109557399999997,0.281338573,0.012924733,0.016791352,0.005224266,0.004642417,0.000161179,0.000179905,0.002507969,0.0023451179999999998,0.005407849,0.005143677,0.514374004,0.485677827,2
233,MS,LISINOPRIL,HIGH BLOOD PRESSURE,South,East South Central ,5,0.166462325,0.197052435,0.175236786,0.29109557399999997,0.281338573,0.012924733,0.016791352,0.005224266,0.004642417,0.000161179,0.000179905,0.002507969,0.0023451179999999998,0.005407849,0.005143677,0.514374004,0.485677827,1
234,MS,OMEPRAZOLE,GASTROESOPHAGEAL REFLUX DISEASE,South,East South Central ,3,0.18651289899999998,0.197052435,0.175236786,0.29109557399999997,0.281338573,0.012924733,0.016791352,0.005224266,0.004642417,0.000161179,0.000179905,0.002507969,0.0023451179999999998,0.005407849,0.005143677,0.514374004,0.485677827,3
235,WY,HYDROCODONE/ACETAMINOPHEN,SEVERE PAIN RELIEF,West,Mountain,5,0.162391074,0.004828928,0.0071618509999999995,0.415486901,0.42967842100000003,0.045595857000000004,0.050817895999999994,0.004743095,0.0038555890000000004,0.00033474599999999997,0.00035191300000000003,0.010675826999999999,0.010562528,0.007850226,0.008085407,0.489515579,0.510513604,1
236,WY,LEVOTHYROXINE SODIUM,HYPOTHYROIDISM,West,Mountain,1,0.30511248399999996,0.004828928,0.0071618509999999995,0.415486901,0.42967842100000003,0.045595857000000004,0.050817895999999994,0.004743095,0.0038555890000000004,0.00033474599999999997,0.00035191300000000003,0.010675826999999999,0.010562528,0.007850226,0.008085407,0.489515579,0.510513604,5
237,WY,LISINOPRIL,HIGH BLOOD PRESSURE,West,Mountain,2,0.198658957,0.004828928,0.0071618509999999995,0.415486901,0.42967842100000003,0.045595857000000004,0.050817895999999994,0.004743095,0.0038555890000000004,0.00033474599999999997,0.00035191300000000003,0.010675826999999999,0.010562528,0.007850226,0.008085407,0.489515579,0.510513604,4
238,WY,OMEPRAZOLE,GASTROESOPHAGEAL REFLUX DISEASE,West,Mountain,4,0.162747858,0.004828928,0.0071618509999999995,0.415486901,0.42967842100000003,0.045595857000000004,0.050817895999999994,0.004743095,0.0038555890000000004,0.00033474599999999997,0.00035191300000000003,0.010675826999999999,0.010562528,0.007850226,0.008085407,0.489515579,0.510513604,2
239,WY,SIMVASTATIN,HIGH CHOLESTEROL,West,Mountain,3,0.171089627,0.004828928,0.0071618509999999995,0.415486901,0.42967842100000003,0.045595857000000004,0.050817895999999994,0.004743095,0.0038555890000000004,0.00033474599999999997,0.00035191300000000003,0.010675826999999999,0.010562528,0.007850226,0.008085407,0.489515579,0.510513604,3
240,WV,FUROSEMIDE,HIGH BLOOD PRESSURE,South,South Atlantic,5,0.155575712,0.015898445,0.018625145,0.470527805,0.455131661,0.00670077,0.00785298,0.004205486,0.0036712840000000004,0.00010327200000000001,0.00011462600000000001,0.000983515,0.001061374,0.007527485,0.007584257,0.505946778,0.49404132700000003,1
241,WV,HYDROCODONE/ACETAMINOPHEN,SEVERE PAIN RELIEF,South,South Atlantic,1,0.234165908,0.015898445,0.018625145,0.470527805,0.455131661,0.00670077,0.00785298,0.004205486,0.0036712840000000004,0.00010327200000000001,0.00011462600000000001,0.000983515,0.001061374,0.007527485,0.007584257,0.505946778,0.49404132700000003,5
242,WV,LEVOTHYROXINE SODIUM,HYPOTHYROIDISM,South,South Atlantic,2,0.232700993,0.015898445,0.018625145,0.470527805,0.455131661,0.00670077,0.00785298,0.004205486,0.0036712840000000004,0.00010327200000000001,0.00011462600000000001,0.000983515,0.001061374,0.007527485,0.007584257,0.505946778,0.49404132700000003,4
243,WV,LISINOPRIL,HIGH BLOOD PRESSURE,South,South Atlantic,3,0.20072491399999998,0.015898445,0.018625145,0.470527805,0.455131661,0.00670077,0.00785298,0.004205486,0.0036712840000000004,0.00010327200000000001,0.00011462600000000001,0.000983515,0.001061374,0.007527485,0.007584257,0.505946778,0.49404132700000003,3
244,WV,OMEPRAZOLE,GASTROESOPHAGEAL REFLUX DISEASE,South,South Atlantic,4,0.176832474,0.015898445,0.018625145,0.470527805,0.455131661,0.00670077,0.00785298,0.004205486,0.0036712840000000004,0.00010327200000000001,0.00011462600000000001,0.000983515,0.001061374,0.007527485,0.007584257,0.505946778,0.49404132700000003,2
245,MT,HYDROCODONE/ACETAMINOPHEN,SEVERE PAIN RELIEF,West,Mountain,3,0.19147424600000001,0.001907289,0.003009192,0.430849747,0.43641895399999997,0.017040345,0.017832031,0.0045563570000000005,0.0032293770000000003,0.000280858,0.000393397,0.031028438999999998,0.03050391,0.011451566000000002,0.011520068,0.497114601,0.5029069279999999,3
246,MT,LEVOTHYROXINE SODIUM,HYPOTHYROIDISM,West,Mountain,1,0.258306629,0.001907289,0.003009192,0.430849747,0.43641895399999997,0.017040345,0.017832031,0.0045563570000000005,0.0032293770000000003,0.000280858,0.000393397,0.031028438999999998,0.03050391,0.011451566000000002,0.011520068,0.497114601,0.5029069279999999,5
247,MT,LISINOPRIL,HIGH BLOOD PRESSURE,West,Mountain,2,0.193800268,0.001907289,0.003009192,0.430849747,0.43641895399999997,0.017040345,0.017832031,0.0045563570000000005,0.0032293770000000003,0.000280858,0.000393397,0.031028438999999998,0.03050391,0.011451566000000002,0.011520068,0.497114601,0.5029069279999999,4
248,MT,OMEPRAZOLE,GASTROESOPHAGEAL REFLUX DISEASE,West,Mountain,5,0.169713124,0.001907289,0.003009192,0.430849747,0.43641895399999997,0.017040345,0.017832031,0.0045563570000000005,0.0032293770000000003,0.000280858,0.000393397,0.031028438999999998,0.03050391,0.011451566000000002,0.011520068,0.497114601,0.5029069279999999,1
249,MT,SIMVASTATIN,HIGH CHOLESTEROL,West,Mountain,4,0.186705733,0.001907289,0.003009192,0.430849747,0.43641895399999997,0.017040345,0.017832031,0.0045563570000000005,0.0032293770000000003,0.000280858,0.000393397,0.031028438999999998,0.03050391,0.011451566000000002,0.011520068,0.497114601,0.5029069279999999,2
